This file contains any messages produced by compilers while
running configure, to aid debugging if configure makes a mistake.

It was created by python configure 3.13, which was
generated by GNU Autoconf 2.71.  Invocation command line was

  $ /koala_evals/python-shell-DSL-copy/configure

## --------- ##
## Platform. ##
## --------- ##

hostname = eb7224a43966
uname -m = x86_64
uname -r = 6.12.5-linuxkit
uname -s = Linux
uname -v = #1 SMP Tue Jan 21 10:23:32 UTC 2025

/usr/bin/uname -p = unknown
/bin/uname -X     = unknown

/bin/arch              = x86_64
/usr/bin/arch -k       = unknown
/usr/convex/getsysinfo = unknown
/usr/bin/hostinfo      = unknown
/bin/machine           = unknown
/usr/bin/oslevel       = unknown
/bin/universe          = unknown

PATH: /usr/local/sbin/
PATH: /usr/local/bin/
PATH: /usr/sbin/
PATH: /usr/bin/
PATH: /sbin/
PATH: /bin/


## ----------- ##
## Core tests. ##
## ----------- ##

configure:3357: looking for aux files: install-sh config.guess config.sub
configure:3370:  trying /koala_evals/python-shell-DSL-copy/
configure:3381:   /koala_evals/python-shell-DSL-copy/install-sh found
configure:3399:   /koala_evals/python-shell-DSL-copy/config.guess found
configure:3399:   /koala_evals/python-shell-DSL-copy/config.sub found
configure:3542: checking for git
configure:3575: result: not-found
configure:3608: checking build system type
configure:3623: result: x86_64-pc-linux-gnu
configure:3643: checking host system type
configure:3657: result: x86_64-pc-linux-gnu
configure:3734: checking for Python interpreter freezing
configure:3736: result: ./_bootstrap_python
configure:3769: checking for python3.13
configure:3804: result: no
configure:3769: checking for python3.13
configure:3804: result: no
configure:3769: checking for python3.12
configure:3804: result: no
configure:3769: checking for python3.11
configure:3804: result: no
configure:3769: checking for python3.10
configure:3804: result: no
configure:3769: checking for python3
configure:3804: result: no
configure:3769: checking for python
configure:3804: result: no
configure:3815: checking Python for regen version
configure:3821: result: missing
configure:3951: checking for pkg-config
configure:3974: found /usr/bin/pkg-config
configure:3986: result: /usr/bin/pkg-config
configure:4011: checking pkg-config is at least version 0.9.0
configure:4014: result: yes
configure:4039: checking MACHDEP
configure:4109: result: "linux"
configure:4158: checking for --enable-universalsdk
configure:4206: result: no
configure:4230: checking for --with-universal-archs
configure:4246: result: no
configure:4444: checking for --with-app-store-compliance
configure:4482: result: not patching for app store compliance
configure:4892: checking for gcc
configure:4913: found /usr/bin/gcc
configure:4924: result: gcc
configure:5277: checking for C compiler version
configure:5286: gcc --version >&5
gcc (Debian 12.2.0-14+deb12u1) 12.2.0
Copyright (C) 2022 Free Software Foundation, Inc.
This is free software; see the source for copying conditions.  There is NO
warranty; not even for MERCHANTABILITY or FITNESS FOR A PARTICULAR PURPOSE.

configure:5297: $? = 0
configure:5286: gcc -v >&5
Using built-in specs.
COLLECT_GCC=gcc
COLLECT_LTO_WRAPPER=/usr/lib/gcc/x86_64-linux-gnu/12/lto-wrapper
OFFLOAD_TARGET_NAMES=nvptx-none:amdgcn-amdhsa
OFFLOAD_TARGET_DEFAULT=1
Target: x86_64-linux-gnu
Configured with: ../src/configure -v --with-pkgversion='Debian 12.2.0-14+deb12u1' --with-bugurl=file:///usr/share/doc/gcc-12/README.Bugs --enable-languages=c,ada,c++,go,d,fortran,objc,obj-c++,m2 --prefix=/usr --with-gcc-major-version-only --program-suffix=-12 --program-prefix=x86_64-linux-gnu- --enable-shared --enable-linker-build-id --libexecdir=/usr/lib --without-included-gettext --enable-threads=posix --libdir=/usr/lib --enable-nls --enable-clocale=gnu --enable-libstdcxx-debug --enable-libstdcxx-time=yes --with-default-libstdcxx-abi=new --enable-gnu-unique-object --disable-vtable-verify --enable-plugin --enable-default-pie --with-system-zlib --enable-libphobos-checking=release --with-target-system-zlib=auto --enable-objc-gc=auto --enable-multiarch --disable-werror --enable-cet --with-arch-32=i686 --with-abi=m64 --with-multilib-list=m32,m64,mx32 --enable-multilib --with-tune=generic --enable-offload-targets=nvptx-none=/build/reproducible-path/gcc-12-12.2.0/debian/tmp-nvptx/usr,amdgcn-amdhsa=/build/reproducible-path/gcc-12-12.2.0/debian/tmp-gcn/usr --enable-offload-defaulted --without-cuda-driver --enable-checking=release --build=x86_64-linux-gnu --host=x86_64-linux-gnu --target=x86_64-linux-gnu
Thread model: posix
Supported LTO compression algorithms: zlib zstd
gcc version 12.2.0 (Debian 12.2.0-14+deb12u1) 
... rest of stderr output deleted ...
configure:5297: $? = 0
configure:5286: gcc -V >&5
gcc: error: unrecognized command-line option '-V'
gcc: fatal error: no input files
compilation terminated.
configure:5297: $? = 1
configure:5286: gcc -qversion >&5
gcc: error: unrecognized command-line option '-qversion'; did you mean '--version'?
gcc: fatal error: no input files
compilation terminated.
configure:5297: $? = 1
configure:5286: gcc -version >&5
gcc: error: unrecognized command-line option '-version'
gcc: fatal error: no input files
compilation terminated.
configure:5297: $? = 1
configure:5317: checking whether the C compiler works
configure:5339: gcc    conftest.c  >&5
configure:5343: $? = 0
configure:5393: result: yes
configure:5396: checking for C compiler default output file name
configure:5398: result: a.out
configure:5404: checking for suffix of executables
configure:5411: gcc -o conftest    conftest.c  >&5
configure:5415: $? = 0
configure:5438: result: 
configure:5460: checking whether we are cross compiling
configure:5468: gcc -o conftest    conftest.c  >&5
configure:5472: $? = 0
configure:5479: ./conftest
configure:5483: $? = 0
configure:5498: result: no
configure:5503: checking for suffix of object files
configure:5526: gcc -c   conftest.c >&5
configure:5530: $? = 0
configure:5552: result: o
configure:5556: checking whether the compiler supports GNU C
configure:5576: gcc -c   conftest.c >&5
configure:5576: $? = 0
configure:5586: result: yes
configure:5597: checking whether gcc accepts -g
configure:5618: gcc -c -g  conftest.c >&5
configure:5618: $? = 0
configure:5662: result: yes
configure:5682: checking for gcc option to enable C11 features
configure:5697: gcc  -c   conftest.c >&5
configure:5697: $? = 0
configure:5715: result: none needed
configure:5830: checking how to run the C preprocessor
configure:5856: gcc -E  conftest.c
configure:5856: $? = 0
configure:5871: gcc -E  conftest.c
conftest.c:10:10: fatal error: ac_nonexistent.h: No such file or directory
   10 | #include <ac_nonexistent.h>
      |          ^~~~~~~~~~~~~~~~~~
compilation terminated.
configure:5871: $? = 1
configure: failed program was:
| /* confdefs.h */
| #define _NETBSD_SOURCE 1
| #define __BSD_VISIBLE 1
| #define _DARWIN_C_SOURCE 1
| #define _PYTHONFRAMEWORK ""
| #define _XOPEN_SOURCE 700
| #define _XOPEN_SOURCE_EXTENDED 1
| #define _POSIX_C_SOURCE 200809L
| /* end confdefs.h.  */
| #include <ac_nonexistent.h>
configure:5898: result: gcc -E
configure:5912: gcc -E  conftest.c
configure:5912: $? = 0
configure:5927: gcc -E  conftest.c
conftest.c:10:10: fatal error: ac_nonexistent.h: No such file or directory
   10 | #include <ac_nonexistent.h>
      |          ^~~~~~~~~~~~~~~~~~
compilation terminated.
configure:5927: $? = 1
configure: failed program was:
| /* confdefs.h */
| #define _NETBSD_SOURCE 1
| #define __BSD_VISIBLE 1
| #define _DARWIN_C_SOURCE 1
| #define _PYTHONFRAMEWORK ""
| #define _XOPEN_SOURCE 700
| #define _XOPEN_SOURCE_EXTENDED 1
| #define _POSIX_C_SOURCE 200809L
| /* end confdefs.h.  */
| #include <ac_nonexistent.h>
configure:5957: checking for grep that handles long lines and -e
configure:6021: result: /usr/bin/grep
configure:6026: checking for a sed that does not truncate output
configure:6096: result: /usr/bin/sed
configure:6101: checking for egrep
configure:6169: result: /usr/bin/grep -E
configure:6175: checking for CC compiler name
configure:6211: result: gcc
configure:6222: checking for stdio.h
configure:6222: gcc -c   conftest.c >&5
configure:6222: $? = 0
configure:6222: result: yes
configure:6222: checking for stdlib.h
configure:6222: gcc -c   conftest.c >&5
configure:6222: $? = 0
configure:6222: result: yes
configure:6222: checking for string.h
configure:6222: gcc -c   conftest.c >&5
configure:6222: $? = 0
configure:6222: result: yes
configure:6222: checking for inttypes.h
configure:6222: gcc -c   conftest.c >&5
configure:6222: $? = 0
configure:6222: result: yes
configure:6222: checking for stdint.h
configure:6222: gcc -c   conftest.c >&5
configure:6222: $? = 0
configure:6222: result: yes
configure:6222: checking for strings.h
configure:6222: gcc -c   conftest.c >&5
configure:6222: $? = 0
configure:6222: result: yes
configure:6222: checking for sys/stat.h
configure:6222: gcc -c   conftest.c >&5
configure:6222: $? = 0
configure:6222: result: yes
configure:6222: checking for sys/types.h
configure:6222: gcc -c   conftest.c >&5
configure:6222: $? = 0
configure:6222: result: yes
configure:6222: checking for unistd.h
configure:6222: gcc -c   conftest.c >&5
configure:6222: $? = 0
configure:6222: result: yes
configure:6222: checking for wchar.h
configure:6222: gcc -c   conftest.c >&5
configure:6222: $? = 0
configure:6222: result: yes
configure:6222: checking for minix/config.h
configure:6222: gcc -c   conftest.c >&5
conftest.c:48:10: fatal error: minix/config.h: No such file or directory
   48 | #include <minix/config.h>
      |          ^~~~~~~~~~~~~~~~
compilation terminated.
configure:6222: $? = 1
configure: failed program was:
| /* confdefs.h */
| #define _NETBSD_SOURCE 1
| #define __BSD_VISIBLE 1
| #define _DARWIN_C_SOURCE 1
| #define _PYTHONFRAMEWORK ""
| #define _XOPEN_SOURCE 700
| #define _XOPEN_SOURCE_EXTENDED 1
| #define _POSIX_C_SOURCE 200809L
| #define HAVE_STDIO_H 1
| #define HAVE_STDLIB_H 1
| #define HAVE_STRING_H 1
| #define HAVE_INTTYPES_H 1
| #define HAVE_STDINT_H 1
| #define HAVE_STRINGS_H 1
| #define HAVE_SYS_STAT_H 1
| #define HAVE_SYS_TYPES_H 1
| #define HAVE_UNISTD_H 1
| #define HAVE_WCHAR_H 1
| /* end confdefs.h.  */
| #include <stddef.h>
| #ifdef HAVE_STDIO_H
| # include <stdio.h>
| #endif
| #ifdef HAVE_STDLIB_H
| # include <stdlib.h>
| #endif
| #ifdef HAVE_STRING_H
| # include <string.h>
| #endif
| #ifdef HAVE_INTTYPES_H
| # include <inttypes.h>
| #endif
| #ifdef HAVE_STDINT_H
| # include <stdint.h>
| #endif
| #ifdef HAVE_STRINGS_H
| # include <strings.h>
| #endif
| #ifdef HAVE_SYS_TYPES_H
| # include <sys/types.h>
| #endif
| #ifdef HAVE_SYS_STAT_H
| # include <sys/stat.h>
| #endif
| #ifdef HAVE_UNISTD_H
| # include <unistd.h>
| #endif
| #include <minix/config.h>
configure:6222: result: no
configure:6253: checking whether it is safe to define __EXTENSIONS__
configure:6272: gcc -c   conftest.c >&5
configure:6272: $? = 0
configure:6280: result: yes
configure:6283: checking whether _XOPEN_SOURCE should be defined
configure:6305: gcc -c   conftest.c >&5
configure:6305: $? = 0
configure:6332: result: no
configure:6390: checking for GCC compatible compiler
configure:6406: gcc -E  conftest.c
configure:6406: $? = 0
configure:6414: result: yes
configure:6474: checking for g++
configure:6512: result: no
configure:6980:

  By default, distutils will build C++ extension modules with "g++".
  If this is not intended, then set CXX on the configure command line.
  
configure:6993: checking for the platform triplet based on compiler characteristics
configure:6998: result: x86_64-linux-gnu
configure:7006: checking for multiarch
configure:7029: result: x86_64-linux-gnu
configure:7045: checking for PEP 11 support tier
configure:7096: result: x86_64-pc-linux-gnu/gcc has tier 1 (supported)
configure:7114: checking for -Wl,--no-as-needed
configure:7134: gcc -o conftest    -Wl,--no-as-needed conftest.c  >&5
configure:7134: $? = 0
configure:7147: result: yes
configure:7151: checking for the Android API level
configure:7186: result: not Android
configure:7202: checking for --with-emscripten-target
configure:7241: result: 
configure:7244: checking for --enable-wasm-dynamic-linking
configure:7266: result: missing
configure:7269: checking for --enable-wasm-pthreads
configure:7291: result: missing
configure:7294: checking for --with-suffix
configure:7327: result: 
configure:7336: checking for case-insensitive build directory
configure:7344: result: yes
configure:7362: checking LIBRARY
configure:7368: result: libpython$(VERSION)$(ABIFLAGS).a
configure:7408: checking LINKCC
configure:7420: result: $(PURIFY) $(CC)
configure:7429: checking EXPORTSYMS
configure:7437: result: 
configure:7446: checking for GNU ld
configure:7458: result: yes
configure:7461: checking for --enable-shared
configure:7479: result: no
configure:7484: checking for --with-static-libpython
configure:7501: result: yes
configure:7507: checking for --enable-profiling
configure:7534: result: no
configure:7542: checking LDLIBRARY
configure:7641: result: libpython$(VERSION)$(ABIFLAGS).a
configure:7648: checking HOSTRUNNER
configure:7833: result: 
configure:7926: checking for ar
configure:7947: found /usr/bin/ar
configure:7958: result: ar
configure:8013: checking for a BSD-compatible install
configure:8086: result: /usr/bin/install -c
configure:8098: checking for a race-free mkdir -p
configure:8142: result: /usr/bin/mkdir -p
configure:8163: checking for --disable-gil
configure:8179: result: no
configure:8193: checking for --with-pydebug
configure:8213: result: no
configure:8220: checking for --with-trace-refs
configure:8232: result: no
configure:8248: checking for --enable-pystats
configure:8259: result: no
configure:8274: checking for --with-assertions
configure:8295: result: no
configure:8300: checking for --enable-experimental-jit
configure:8338: result:  
configure:8345: checking for --enable-optimizations
configure:8362: result: no
configure:8431: checking PROFILE_TASK
configure:8437: result: -m test --pgo --timeout=$(TESTTIMEOUT)
configure:8461: checking for --with-lto
configure:8499: result: no
configure:8879: checking for llvm-profdata
configure:8917: result: no
configure:9010: checking for --enable-bolt
configure:9027: result: no
configure:9334: checking BOLT_COMMON_FLAGS
configure:9343: checking BOLT_INSTRUMENT_FLAGS
configure:9349: result:  -update-debug-sections -skip-funcs=_PyEval_EvalFrameDefault,sre_ucs1_match/1,sre_ucs2_match/1,sre_ucs4_match/1 
configure:9353: checking BOLT_APPLY_FLAGS
configure:9360: result:   -update-debug-sections -skip-funcs=_PyEval_EvalFrameDefault,sre_ucs1_match/1,sre_ucs2_match/1,sre_ucs4_match/1  -reorder-blocks=ext-tsp -reorder-functions=cdsort -split-functions -icf=1 -inline-all -split-eh -reorder-functions-use-hot-size -peepholes=none -jump-tables=aggressive -inline-ap -indirect-call-promotion=all -dyno-stats -use-gnu-stack -frame-opt=hot 
configure:9391: checking if gcc supports -fstrict-overflow and -fno-strict-overflow
configure:9408: gcc -c -fstrict-overflow -fno-strict-overflow  conftest.c >&5
configure:9408: $? = 0
configure:9418: result: yes
configure:9431: checking for --with-strict-overflow
configure:9449: result: no
configure:9455: checking if gcc supports -Og optimization level
configure:9474: gcc -c -Og  conftest.c >&5
configure:9474: $? = 0
configure:9487: result: yes
configure:9691: checking if we can add -Wextra
configure:9711: gcc -c  -Wextra -Werror  conftest.c >&5
configure:9711: $? = 0
configure:9721: result: yes
configure:9737: checking whether gcc -fno-strict-aliasing accepts and needs -fno-strict-aliasing
configure:9756: gcc -fno-strict-aliasing -c   conftest.c >&5
configure:9756: $? = 0
configure:9774: gcc -fstrict-aliasing -c  -Werror -Wstrict-aliasing  conftest.c >&5
configure:9774: $? = 0
configure:9793: result: no
configure:9854: checking if we can disable gcc unused-parameter warning
configure:9874: gcc -c  -Wunused-parameter -Werror  conftest.c >&5
configure:9874: $? = 0
configure:9884: result: yes
configure:9895: checking if we can disable gcc int-conversion warning
configure:9915: gcc -c  -Wint-conversion -Werror  conftest.c >&5
configure:9915: $? = 0
configure:9925: result: yes
configure:9936: checking if we can disable gcc missing-field-initializers warning
configure:9956: gcc -c  -Wmissing-field-initializers -Werror  conftest.c >&5
configure:9956: $? = 0
configure:9966: result: yes
configure:9977: checking if we can enable gcc sign-compare warning
configure:9997: gcc -c  -Wsign-compare -Werror  conftest.c >&5
configure:9997: $? = 0
configure:10007: result: yes
configure:10018: checking if we can enable gcc unreachable-code warning
configure:10038: gcc -c  -Wunreachable-code -Werror  conftest.c >&5
configure:10038: $? = 0
configure:10048: result: yes
configure:10070: checking if we can enable gcc strict-prototypes warning
configure:10090: gcc -c  -Wstrict-prototypes -Werror  conftest.c >&5
configure:10090: $? = 0
configure:10100: result: yes
configure:10111: checking if we can make implicit function declaration an error in gcc -Werror=implicit-function-declaration
configure:10130: gcc -Werror=implicit-function-declaration -c   conftest.c >&5
configure:10130: $? = 0
configure:10142: result: yes
configure:10153: checking if we can use visibility in gcc -fvisibility=hidden
configure:10172: gcc -fvisibility=hidden -c   conftest.c >&5
configure:10172: $? = 0
configure:10184: result: yes
configure:10414: checking whether pthreads are available without options
configure:10441: gcc -o conftest    conftest.c  >&5
configure:10441: $? = 0
configure:10441: ./conftest
configure:10441: $? = 0
configure:10457: result: yes
configure:10623: checking whether g++ also accepts flags for thread support
configure:10662: result: no
configure:10674: checking for alloca.h
configure:10674: gcc -c   conftest.c >&5
configure:10674: $? = 0
configure:10674: result: yes
configure:10680: checking for asm/types.h
configure:10680: gcc -c   conftest.c >&5
configure:10680: $? = 0
configure:10680: result: yes
configure:10686: checking for bluetooth.h
configure:10686: gcc -c   conftest.c >&5
conftest.c:69:10: fatal error: bluetooth.h: No such file or directory
   69 | #include <bluetooth.h>
      |          ^~~~~~~~~~~~~
compilation terminated.
configure:10686: $? = 1
configure: failed program was:
| /* confdefs.h */
| #define _NETBSD_SOURCE 1
| #define __BSD_VISIBLE 1
| #define _DARWIN_C_SOURCE 1
| #define _PYTHONFRAMEWORK ""
| #define _XOPEN_SOURCE 700
| #define _XOPEN_SOURCE_EXTENDED 1
| #define _POSIX_C_SOURCE 200809L
| #define HAVE_STDIO_H 1
| #define HAVE_STDLIB_H 1
| #define HAVE_STRING_H 1
| #define HAVE_INTTYPES_H 1
| #define HAVE_STDINT_H 1
| #define HAVE_STRINGS_H 1
| #define HAVE_SYS_STAT_H 1
| #define HAVE_SYS_TYPES_H 1
| #define HAVE_UNISTD_H 1
| #define HAVE_WCHAR_H 1
| #define STDC_HEADERS 1
| #define _ALL_SOURCE 1
| #define _DARWIN_C_SOURCE 1
| #define _GNU_SOURCE 1
| #define _HPUX_ALT_XOPEN_SOCKET_API 1
| #define _NETBSD_SOURCE 1
| #define _OPENBSD_SOURCE 1
| #define _POSIX_PTHREAD_SEMANTICS 1
| #define __STDC_WANT_IEC_60559_ATTRIBS_EXT__ 1
| #define __STDC_WANT_IEC_60559_BFP_EXT__ 1
| #define __STDC_WANT_IEC_60559_DFP_EXT__ 1
| #define __STDC_WANT_IEC_60559_FUNCS_EXT__ 1
| #define __STDC_WANT_IEC_60559_TYPES_EXT__ 1
| #define __STDC_WANT_LIB_EXT2__ 1
| #define __STDC_WANT_MATH_SPEC_FUNCS__ 1
| #define _TANDEM_SOURCE 1
| #define __EXTENSIONS__ 1
| #define PY_SUPPORT_TIER 1
| #define STDC_HEADERS 1
| #define HAVE_ALLOCA_H 1
| #define HAVE_ASM_TYPES_H 1
| /* end confdefs.h.  */
| #include <stddef.h>
| #ifdef HAVE_STDIO_H
| # include <stdio.h>
| #endif
| #ifdef HAVE_STDLIB_H
| # include <stdlib.h>
| #endif
| #ifdef HAVE_STRING_H
| # include <string.h>
| #endif
| #ifdef HAVE_INTTYPES_H
| # include <inttypes.h>
| #endif
| #ifdef HAVE_STDINT_H
| # include <stdint.h>
| #endif
| #ifdef HAVE_STRINGS_H
| # include <strings.h>
| #endif
| #ifdef HAVE_SYS_TYPES_H
| # include <sys/types.h>
| #endif
| #ifdef HAVE_SYS_STAT_H
| # include <sys/stat.h>
| #endif
| #ifdef HAVE_UNISTD_H
| # include <unistd.h>
| #endif
| #include <bluetooth.h>
configure:10686: result: no
configure:10692: checking for conio.h
configure:10692: gcc -c   conftest.c >&5
conftest.c:69:10: fatal error: conio.h: No such file or directory
   69 | #include <conio.h>
      |          ^~~~~~~~~
compilation terminated.
configure:10692: $? = 1
configure: failed program was:
| /* confdefs.h */
| #define _NETBSD_SOURCE 1
| #define __BSD_VISIBLE 1
| #define _DARWIN_C_SOURCE 1
| #define _PYTHONFRAMEWORK ""
| #define _XOPEN_SOURCE 700
| #define _XOPEN_SOURCE_EXTENDED 1
| #define _POSIX_C_SOURCE 200809L
| #define HAVE_STDIO_H 1
| #define HAVE_STDLIB_H 1
| #define HAVE_STRING_H 1
| #define HAVE_INTTYPES_H 1
| #define HAVE_STDINT_H 1
| #define HAVE_STRINGS_H 1
| #define HAVE_SYS_STAT_H 1
| #define HAVE_SYS_TYPES_H 1
| #define HAVE_UNISTD_H 1
| #define HAVE_WCHAR_H 1
| #define STDC_HEADERS 1
| #define _ALL_SOURCE 1
| #define _DARWIN_C_SOURCE 1
| #define _GNU_SOURCE 1
| #define _HPUX_ALT_XOPEN_SOCKET_API 1
| #define _NETBSD_SOURCE 1
| #define _OPENBSD_SOURCE 1
| #define _POSIX_PTHREAD_SEMANTICS 1
| #define __STDC_WANT_IEC_60559_ATTRIBS_EXT__ 1
| #define __STDC_WANT_IEC_60559_BFP_EXT__ 1
| #define __STDC_WANT_IEC_60559_DFP_EXT__ 1
| #define __STDC_WANT_IEC_60559_FUNCS_EXT__ 1
| #define __STDC_WANT_IEC_60559_TYPES_EXT__ 1
| #define __STDC_WANT_LIB_EXT2__ 1
| #define __STDC_WANT_MATH_SPEC_FUNCS__ 1
| #define _TANDEM_SOURCE 1
| #define __EXTENSIONS__ 1
| #define PY_SUPPORT_TIER 1
| #define STDC_HEADERS 1
| #define HAVE_ALLOCA_H 1
| #define HAVE_ASM_TYPES_H 1
| /* end confdefs.h.  */
| #include <stddef.h>
| #ifdef HAVE_STDIO_H
| # include <stdio.h>
| #endif
| #ifdef HAVE_STDLIB_H
| # include <stdlib.h>
| #endif
| #ifdef HAVE_STRING_H
| # include <string.h>
| #endif
| #ifdef HAVE_INTTYPES_H
| # include <inttypes.h>
| #endif
| #ifdef HAVE_STDINT_H
| # include <stdint.h>
| #endif
| #ifdef HAVE_STRINGS_H
| # include <strings.h>
| #endif
| #ifdef HAVE_SYS_TYPES_H
| # include <sys/types.h>
| #endif
| #ifdef HAVE_SYS_STAT_H
| # include <sys/stat.h>
| #endif
| #ifdef HAVE_UNISTD_H
| # include <unistd.h>
| #endif
| #include <conio.h>
configure:10692: result: no
configure:10698: checking for direct.h
configure:10698: gcc -c   conftest.c >&5
conftest.c:69:10: fatal error: direct.h: No such file or directory
   69 | #include <direct.h>
      |          ^~~~~~~~~~
compilation terminated.
configure:10698: $? = 1
configure: failed program was:
| /* confdefs.h */
| #define _NETBSD_SOURCE 1
| #define __BSD_VISIBLE 1
| #define _DARWIN_C_SOURCE 1
| #define _PYTHONFRAMEWORK ""
| #define _XOPEN_SOURCE 700
| #define _XOPEN_SOURCE_EXTENDED 1
| #define _POSIX_C_SOURCE 200809L
| #define HAVE_STDIO_H 1
| #define HAVE_STDLIB_H 1
| #define HAVE_STRING_H 1
| #define HAVE_INTTYPES_H 1
| #define HAVE_STDINT_H 1
| #define HAVE_STRINGS_H 1
| #define HAVE_SYS_STAT_H 1
| #define HAVE_SYS_TYPES_H 1
| #define HAVE_UNISTD_H 1
| #define HAVE_WCHAR_H 1
| #define STDC_HEADERS 1
| #define _ALL_SOURCE 1
| #define _DARWIN_C_SOURCE 1
| #define _GNU_SOURCE 1
| #define _HPUX_ALT_XOPEN_SOCKET_API 1
| #define _NETBSD_SOURCE 1
| #define _OPENBSD_SOURCE 1
| #define _POSIX_PTHREAD_SEMANTICS 1
| #define __STDC_WANT_IEC_60559_ATTRIBS_EXT__ 1
| #define __STDC_WANT_IEC_60559_BFP_EXT__ 1
| #define __STDC_WANT_IEC_60559_DFP_EXT__ 1
| #define __STDC_WANT_IEC_60559_FUNCS_EXT__ 1
| #define __STDC_WANT_IEC_60559_TYPES_EXT__ 1
| #define __STDC_WANT_LIB_EXT2__ 1
| #define __STDC_WANT_MATH_SPEC_FUNCS__ 1
| #define _TANDEM_SOURCE 1
| #define __EXTENSIONS__ 1
| #define PY_SUPPORT_TIER 1
| #define STDC_HEADERS 1
| #define HAVE_ALLOCA_H 1
| #define HAVE_ASM_TYPES_H 1
| /* end confdefs.h.  */
| #include <stddef.h>
| #ifdef HAVE_STDIO_H
| # include <stdio.h>
| #endif
| #ifdef HAVE_STDLIB_H
| # include <stdlib.h>
| #endif
| #ifdef HAVE_STRING_H
| # include <string.h>
| #endif
| #ifdef HAVE_INTTYPES_H
| # include <inttypes.h>
| #endif
| #ifdef HAVE_STDINT_H
| # include <stdint.h>
| #endif
| #ifdef HAVE_STRINGS_H
| # include <strings.h>
| #endif
| #ifdef HAVE_SYS_TYPES_H
| # include <sys/types.h>
| #endif
| #ifdef HAVE_SYS_STAT_H
| # include <sys/stat.h>
| #endif
| #ifdef HAVE_UNISTD_H
| # include <unistd.h>
| #endif
| #include <direct.h>
configure:10698: result: no
configure:10704: checking for dlfcn.h
configure:10704: gcc -c   conftest.c >&5
configure:10704: $? = 0
configure:10704: result: yes
configure:10710: checking for endian.h
configure:10710: gcc -c   conftest.c >&5
configure:10710: $? = 0
configure:10710: result: yes
configure:10716: checking for errno.h
configure:10716: gcc -c   conftest.c >&5
configure:10716: $? = 0
configure:10716: result: yes
configure:10722: checking for fcntl.h
configure:10722: gcc -c   conftest.c >&5
configure:10722: $? = 0
configure:10722: result: yes
configure:10728: checking for grp.h
configure:10728: gcc -c   conftest.c >&5
configure:10728: $? = 0
configure:10728: result: yes
configure:10734: checking for io.h
configure:10734: gcc -c   conftest.c >&5
conftest.c:74:10: fatal error: io.h: No such file or directory
   74 | #include <io.h>
      |          ^~~~~~
compilation terminated.
configure:10734: $? = 1
configure: failed program was:
| /* confdefs.h */
| #define _NETBSD_SOURCE 1
| #define __BSD_VISIBLE 1
| #define _DARWIN_C_SOURCE 1
| #define _PYTHONFRAMEWORK ""
| #define _XOPEN_SOURCE 700
| #define _XOPEN_SOURCE_EXTENDED 1
| #define _POSIX_C_SOURCE 200809L
| #define HAVE_STDIO_H 1
| #define HAVE_STDLIB_H 1
| #define HAVE_STRING_H 1
| #define HAVE_INTTYPES_H 1
| #define HAVE_STDINT_H 1
| #define HAVE_STRINGS_H 1
| #define HAVE_SYS_STAT_H 1
| #define HAVE_SYS_TYPES_H 1
| #define HAVE_UNISTD_H 1
| #define HAVE_WCHAR_H 1
| #define STDC_HEADERS 1
| #define _ALL_SOURCE 1
| #define _DARWIN_C_SOURCE 1
| #define _GNU_SOURCE 1
| #define _HPUX_ALT_XOPEN_SOCKET_API 1
| #define _NETBSD_SOURCE 1
| #define _OPENBSD_SOURCE 1
| #define _POSIX_PTHREAD_SEMANTICS 1
| #define __STDC_WANT_IEC_60559_ATTRIBS_EXT__ 1
| #define __STDC_WANT_IEC_60559_BFP_EXT__ 1
| #define __STDC_WANT_IEC_60559_DFP_EXT__ 1
| #define __STDC_WANT_IEC_60559_FUNCS_EXT__ 1
| #define __STDC_WANT_IEC_60559_TYPES_EXT__ 1
| #define __STDC_WANT_LIB_EXT2__ 1
| #define __STDC_WANT_MATH_SPEC_FUNCS__ 1
| #define _TANDEM_SOURCE 1
| #define __EXTENSIONS__ 1
| #define PY_SUPPORT_TIER 1
| #define STDC_HEADERS 1
| #define HAVE_ALLOCA_H 1
| #define HAVE_ASM_TYPES_H 1
| #define HAVE_DLFCN_H 1
| #define HAVE_ENDIAN_H 1
| #define HAVE_ERRNO_H 1
| #define HAVE_FCNTL_H 1
| #define HAVE_GRP_H 1
| /* end confdefs.h.  */
| #include <stddef.h>
| #ifdef HAVE_STDIO_H
| # include <stdio.h>
| #endif
| #ifdef HAVE_STDLIB_H
| # include <stdlib.h>
| #endif
| #ifdef HAVE_STRING_H
| # include <string.h>
| #endif
| #ifdef HAVE_INTTYPES_H
| # include <inttypes.h>
| #endif
| #ifdef HAVE_STDINT_H
| # include <stdint.h>
| #endif
| #ifdef HAVE_STRINGS_H
| # include <strings.h>
| #endif
| #ifdef HAVE_SYS_TYPES_H
| # include <sys/types.h>
| #endif
| #ifdef HAVE_SYS_STAT_H
| # include <sys/stat.h>
| #endif
| #ifdef HAVE_UNISTD_H
| # include <unistd.h>
| #endif
| #include <io.h>
configure:10734: result: no
configure:10740: checking for langinfo.h
configure:10740: gcc -c   conftest.c >&5
configure:10740: $? = 0
configure:10740: result: yes
configure:10746: checking for libintl.h
configure:10746: gcc -c   conftest.c >&5
configure:10746: $? = 0
configure:10746: result: yes
configure:10752: checking for libutil.h
configure:10752: gcc -c   conftest.c >&5
conftest.c:76:10: fatal error: libutil.h: No such file or directory
   76 | #include <libutil.h>
      |          ^~~~~~~~~~~
compilation terminated.
configure:10752: $? = 1
configure: failed program was:
| /* confdefs.h */
| #define _NETBSD_SOURCE 1
| #define __BSD_VISIBLE 1
| #define _DARWIN_C_SOURCE 1
| #define _PYTHONFRAMEWORK ""
| #define _XOPEN_SOURCE 700
| #define _XOPEN_SOURCE_EXTENDED 1
| #define _POSIX_C_SOURCE 200809L
| #define HAVE_STDIO_H 1
| #define HAVE_STDLIB_H 1
| #define HAVE_STRING_H 1
| #define HAVE_INTTYPES_H 1
| #define HAVE_STDINT_H 1
| #define HAVE_STRINGS_H 1
| #define HAVE_SYS_STAT_H 1
| #define HAVE_SYS_TYPES_H 1
| #define HAVE_UNISTD_H 1
| #define HAVE_WCHAR_H 1
| #define STDC_HEADERS 1
| #define _ALL_SOURCE 1
| #define _DARWIN_C_SOURCE 1
| #define _GNU_SOURCE 1
| #define _HPUX_ALT_XOPEN_SOCKET_API 1
| #define _NETBSD_SOURCE 1
| #define _OPENBSD_SOURCE 1
| #define _POSIX_PTHREAD_SEMANTICS 1
| #define __STDC_WANT_IEC_60559_ATTRIBS_EXT__ 1
| #define __STDC_WANT_IEC_60559_BFP_EXT__ 1
| #define __STDC_WANT_IEC_60559_DFP_EXT__ 1
| #define __STDC_WANT_IEC_60559_FUNCS_EXT__ 1
| #define __STDC_WANT_IEC_60559_TYPES_EXT__ 1
| #define __STDC_WANT_LIB_EXT2__ 1
| #define __STDC_WANT_MATH_SPEC_FUNCS__ 1
| #define _TANDEM_SOURCE 1
| #define __EXTENSIONS__ 1
| #define PY_SUPPORT_TIER 1
| #define STDC_HEADERS 1
| #define HAVE_ALLOCA_H 1
| #define HAVE_ASM_TYPES_H 1
| #define HAVE_DLFCN_H 1
| #define HAVE_ENDIAN_H 1
| #define HAVE_ERRNO_H 1
| #define HAVE_FCNTL_H 1
| #define HAVE_GRP_H 1
| #define HAVE_LANGINFO_H 1
| #define HAVE_LIBINTL_H 1
| /* end confdefs.h.  */
| #include <stddef.h>
| #ifdef HAVE_STDIO_H
| # include <stdio.h>
| #endif
| #ifdef HAVE_STDLIB_H
| # include <stdlib.h>
| #endif
| #ifdef HAVE_STRING_H
| # include <string.h>
| #endif
| #ifdef HAVE_INTTYPES_H
| # include <inttypes.h>
| #endif
| #ifdef HAVE_STDINT_H
| # include <stdint.h>
| #endif
| #ifdef HAVE_STRINGS_H
| # include <strings.h>
| #endif
| #ifdef HAVE_SYS_TYPES_H
| # include <sys/types.h>
| #endif
| #ifdef HAVE_SYS_STAT_H
| # include <sys/stat.h>
| #endif
| #ifdef HAVE_UNISTD_H
| # include <unistd.h>
| #endif
| #include <libutil.h>
configure:10752: result: no
configure:10758: checking for linux/auxvec.h
configure:10758: gcc -c   conftest.c >&5
configure:10758: $? = 0
configure:10758: result: yes
configure:10764: checking for sys/auxv.h
configure:10764: gcc -c   conftest.c >&5
configure:10764: $? = 0
configure:10764: result: yes
configure:10770: checking for linux/fs.h
configure:10770: gcc -c   conftest.c >&5
configure:10770: $? = 0
configure:10770: result: yes
configure:10776: checking for linux/limits.h
configure:10776: gcc -c   conftest.c >&5
configure:10776: $? = 0
configure:10776: result: yes
configure:10782: checking for linux/memfd.h
configure:10782: gcc -c   conftest.c >&5
configure:10782: $? = 0
configure:10782: result: yes
configure:10788: checking for linux/random.h
configure:10788: gcc -c   conftest.c >&5
configure:10788: $? = 0
configure:10788: result: yes
configure:10794: checking for linux/soundcard.h
configure:10794: gcc -c   conftest.c >&5
configure:10794: $? = 0
configure:10794: result: yes
configure:10800: checking for linux/tipc.h
configure:10800: gcc -c   conftest.c >&5
configure:10800: $? = 0
configure:10800: result: yes
configure:10806: checking for linux/wait.h
configure:10806: gcc -c   conftest.c >&5
configure:10806: $? = 0
configure:10806: result: yes
configure:10812: checking for netdb.h
configure:10812: gcc -c   conftest.c >&5
configure:10812: $? = 0
configure:10812: result: yes
configure:10818: checking for net/ethernet.h
configure:10818: gcc -c   conftest.c >&5
configure:10818: $? = 0
configure:10818: result: yes
configure:10824: checking for netinet/in.h
configure:10824: gcc -c   conftest.c >&5
configure:10824: $? = 0
configure:10824: result: yes
configure:10830: checking for netpacket/packet.h
configure:10830: gcc -c   conftest.c >&5
configure:10830: $? = 0
configure:10830: result: yes
configure:10836: checking for poll.h
configure:10836: gcc -c   conftest.c >&5
configure:10836: $? = 0
configure:10836: result: yes
configure:10842: checking for process.h
configure:10842: gcc -c   conftest.c >&5
conftest.c:90:10: fatal error: process.h: No such file or directory
   90 | #include <process.h>
      |          ^~~~~~~~~~~
compilation terminated.
configure:10842: $? = 1
configure: failed program was:
| /* confdefs.h */
| #define _NETBSD_SOURCE 1
| #define __BSD_VISIBLE 1
| #define _DARWIN_C_SOURCE 1
| #define _PYTHONFRAMEWORK ""
| #define _XOPEN_SOURCE 700
| #define _XOPEN_SOURCE_EXTENDED 1
| #define _POSIX_C_SOURCE 200809L
| #define HAVE_STDIO_H 1
| #define HAVE_STDLIB_H 1
| #define HAVE_STRING_H 1
| #define HAVE_INTTYPES_H 1
| #define HAVE_STDINT_H 1
| #define HAVE_STRINGS_H 1
| #define HAVE_SYS_STAT_H 1
| #define HAVE_SYS_TYPES_H 1
| #define HAVE_UNISTD_H 1
| #define HAVE_WCHAR_H 1
| #define STDC_HEADERS 1
| #define _ALL_SOURCE 1
| #define _DARWIN_C_SOURCE 1
| #define _GNU_SOURCE 1
| #define _HPUX_ALT_XOPEN_SOCKET_API 1
| #define _NETBSD_SOURCE 1
| #define _OPENBSD_SOURCE 1
| #define _POSIX_PTHREAD_SEMANTICS 1
| #define __STDC_WANT_IEC_60559_ATTRIBS_EXT__ 1
| #define __STDC_WANT_IEC_60559_BFP_EXT__ 1
| #define __STDC_WANT_IEC_60559_DFP_EXT__ 1
| #define __STDC_WANT_IEC_60559_FUNCS_EXT__ 1
| #define __STDC_WANT_IEC_60559_TYPES_EXT__ 1
| #define __STDC_WANT_LIB_EXT2__ 1
| #define __STDC_WANT_MATH_SPEC_FUNCS__ 1
| #define _TANDEM_SOURCE 1
| #define __EXTENSIONS__ 1
| #define PY_SUPPORT_TIER 1
| #define STDC_HEADERS 1
| #define HAVE_ALLOCA_H 1
| #define HAVE_ASM_TYPES_H 1
| #define HAVE_DLFCN_H 1
| #define HAVE_ENDIAN_H 1
| #define HAVE_ERRNO_H 1
| #define HAVE_FCNTL_H 1
| #define HAVE_GRP_H 1
| #define HAVE_LANGINFO_H 1
| #define HAVE_LIBINTL_H 1
| #define HAVE_LINUX_AUXVEC_H 1
| #define HAVE_SYS_AUXV_H 1
| #define HAVE_LINUX_FS_H 1
| #define HAVE_LINUX_LIMITS_H 1
| #define HAVE_LINUX_MEMFD_H 1
| #define HAVE_LINUX_RANDOM_H 1
| #define HAVE_LINUX_SOUNDCARD_H 1
| #define HAVE_LINUX_TIPC_H 1
| #define HAVE_LINUX_WAIT_H 1
| #define HAVE_NETDB_H 1
| #define HAVE_NET_ETHERNET_H 1
| #define HAVE_NETINET_IN_H 1
| #define HAVE_NETPACKET_PACKET_H 1
| #define HAVE_POLL_H 1
| /* end confdefs.h.  */
| #include <stddef.h>
| #ifdef HAVE_STDIO_H
| # include <stdio.h>
| #endif
| #ifdef HAVE_STDLIB_H
| # include <stdlib.h>
| #endif
| #ifdef HAVE_STRING_H
| # include <string.h>
| #endif
| #ifdef HAVE_INTTYPES_H
| # include <inttypes.h>
| #endif
| #ifdef HAVE_STDINT_H
| # include <stdint.h>
| #endif
| #ifdef HAVE_STRINGS_H
| # include <strings.h>
| #endif
| #ifdef HAVE_SYS_TYPES_H
| # include <sys/types.h>
| #endif
| #ifdef HAVE_SYS_STAT_H
| # include <sys/stat.h>
| #endif
| #ifdef HAVE_UNISTD_H
| # include <unistd.h>
| #endif
| #include <process.h>
configure:10842: result: no
configure:10848: checking for pthread.h
configure:10848: gcc -c   conftest.c >&5
configure:10848: $? = 0
configure:10848: result: yes
configure:10854: checking for pty.h
configure:10854: gcc -c   conftest.c >&5
configure:10854: $? = 0
configure:10854: result: yes
configure:10860: checking for sched.h
configure:10860: gcc -c   conftest.c >&5
configure:10860: $? = 0
configure:10860: result: yes
configure:10866: checking for setjmp.h
configure:10866: gcc -c   conftest.c >&5
configure:10866: $? = 0
configure:10866: result: yes
configure:10872: checking for shadow.h
configure:10872: gcc -c   conftest.c >&5
configure:10872: $? = 0
configure:10872: result: yes
configure:10878: checking for signal.h
configure:10878: gcc -c   conftest.c >&5
configure:10878: $? = 0
configure:10878: result: yes
configure:10884: checking for spawn.h
configure:10884: gcc -c   conftest.c >&5
configure:10884: $? = 0
configure:10884: result: yes
configure:10890: checking for stropts.h
configure:10890: gcc -c   conftest.c >&5
conftest.c:97:10: fatal error: stropts.h: No such file or directory
   97 | #include <stropts.h>
      |          ^~~~~~~~~~~
compilation terminated.
configure:10890: $? = 1
configure: failed program was:
| /* confdefs.h */
| #define _NETBSD_SOURCE 1
| #define __BSD_VISIBLE 1
| #define _DARWIN_C_SOURCE 1
| #define _PYTHONFRAMEWORK ""
| #define _XOPEN_SOURCE 700
| #define _XOPEN_SOURCE_EXTENDED 1
| #define _POSIX_C_SOURCE 200809L
| #define HAVE_STDIO_H 1
| #define HAVE_STDLIB_H 1
| #define HAVE_STRING_H 1
| #define HAVE_INTTYPES_H 1
| #define HAVE_STDINT_H 1
| #define HAVE_STRINGS_H 1
| #define HAVE_SYS_STAT_H 1
| #define HAVE_SYS_TYPES_H 1
| #define HAVE_UNISTD_H 1
| #define HAVE_WCHAR_H 1
| #define STDC_HEADERS 1
| #define _ALL_SOURCE 1
| #define _DARWIN_C_SOURCE 1
| #define _GNU_SOURCE 1
| #define _HPUX_ALT_XOPEN_SOCKET_API 1
| #define _NETBSD_SOURCE 1
| #define _OPENBSD_SOURCE 1
| #define _POSIX_PTHREAD_SEMANTICS 1
| #define __STDC_WANT_IEC_60559_ATTRIBS_EXT__ 1
| #define __STDC_WANT_IEC_60559_BFP_EXT__ 1
| #define __STDC_WANT_IEC_60559_DFP_EXT__ 1
| #define __STDC_WANT_IEC_60559_FUNCS_EXT__ 1
| #define __STDC_WANT_IEC_60559_TYPES_EXT__ 1
| #define __STDC_WANT_LIB_EXT2__ 1
| #define __STDC_WANT_MATH_SPEC_FUNCS__ 1
| #define _TANDEM_SOURCE 1
| #define __EXTENSIONS__ 1
| #define PY_SUPPORT_TIER 1
| #define STDC_HEADERS 1
| #define HAVE_ALLOCA_H 1
| #define HAVE_ASM_TYPES_H 1
| #define HAVE_DLFCN_H 1
| #define HAVE_ENDIAN_H 1
| #define HAVE_ERRNO_H 1
| #define HAVE_FCNTL_H 1
| #define HAVE_GRP_H 1
| #define HAVE_LANGINFO_H 1
| #define HAVE_LIBINTL_H 1
| #define HAVE_LINUX_AUXVEC_H 1
| #define HAVE_SYS_AUXV_H 1
| #define HAVE_LINUX_FS_H 1
| #define HAVE_LINUX_LIMITS_H 1
| #define HAVE_LINUX_MEMFD_H 1
| #define HAVE_LINUX_RANDOM_H 1
| #define HAVE_LINUX_SOUNDCARD_H 1
| #define HAVE_LINUX_TIPC_H 1
| #define HAVE_LINUX_WAIT_H 1
| #define HAVE_NETDB_H 1
| #define HAVE_NET_ETHERNET_H 1
| #define HAVE_NETINET_IN_H 1
| #define HAVE_NETPACKET_PACKET_H 1
| #define HAVE_POLL_H 1
| #define HAVE_PTHREAD_H 1
| #define HAVE_PTY_H 1
| #define HAVE_SCHED_H 1
| #define HAVE_SETJMP_H 1
| #define HAVE_SHADOW_H 1
| #define HAVE_SIGNAL_H 1
| #define HAVE_SPAWN_H 1
| /* end confdefs.h.  */
| #include <stddef.h>
| #ifdef HAVE_STDIO_H
| # include <stdio.h>
| #endif
| #ifdef HAVE_STDLIB_H
| # include <stdlib.h>
| #endif
| #ifdef HAVE_STRING_H
| # include <string.h>
| #endif
| #ifdef HAVE_INTTYPES_H
| # include <inttypes.h>
| #endif
| #ifdef HAVE_STDINT_H
| # include <stdint.h>
| #endif
| #ifdef HAVE_STRINGS_H
| # include <strings.h>
| #endif
| #ifdef HAVE_SYS_TYPES_H
| # include <sys/types.h>
| #endif
| #ifdef HAVE_SYS_STAT_H
| # include <sys/stat.h>
| #endif
| #ifdef HAVE_UNISTD_H
| # include <unistd.h>
| #endif
| #include <stropts.h>
configure:10890: result: no
configure:10896: checking for sys/audioio.h
configure:10896: gcc -c   conftest.c >&5
conftest.c:97:10: fatal error: sys/audioio.h: No such file or directory
   97 | #include <sys/audioio.h>
      |          ^~~~~~~~~~~~~~~
compilation terminated.
configure:10896: $? = 1
configure: failed program was:
| /* confdefs.h */
| #define _NETBSD_SOURCE 1
| #define __BSD_VISIBLE 1
| #define _DARWIN_C_SOURCE 1
| #define _PYTHONFRAMEWORK ""
| #define _XOPEN_SOURCE 700
| #define _XOPEN_SOURCE_EXTENDED 1
| #define _POSIX_C_SOURCE 200809L
| #define HAVE_STDIO_H 1
| #define HAVE_STDLIB_H 1
| #define HAVE_STRING_H 1
| #define HAVE_INTTYPES_H 1
| #define HAVE_STDINT_H 1
| #define HAVE_STRINGS_H 1
| #define HAVE_SYS_STAT_H 1
| #define HAVE_SYS_TYPES_H 1
| #define HAVE_UNISTD_H 1
| #define HAVE_WCHAR_H 1
| #define STDC_HEADERS 1
| #define _ALL_SOURCE 1
| #define _DARWIN_C_SOURCE 1
| #define _GNU_SOURCE 1
| #define _HPUX_ALT_XOPEN_SOCKET_API 1
| #define _NETBSD_SOURCE 1
| #define _OPENBSD_SOURCE 1
| #define _POSIX_PTHREAD_SEMANTICS 1
| #define __STDC_WANT_IEC_60559_ATTRIBS_EXT__ 1
| #define __STDC_WANT_IEC_60559_BFP_EXT__ 1
| #define __STDC_WANT_IEC_60559_DFP_EXT__ 1
| #define __STDC_WANT_IEC_60559_FUNCS_EXT__ 1
| #define __STDC_WANT_IEC_60559_TYPES_EXT__ 1
| #define __STDC_WANT_LIB_EXT2__ 1
| #define __STDC_WANT_MATH_SPEC_FUNCS__ 1
| #define _TANDEM_SOURCE 1
| #define __EXTENSIONS__ 1
| #define PY_SUPPORT_TIER 1
| #define STDC_HEADERS 1
| #define HAVE_ALLOCA_H 1
| #define HAVE_ASM_TYPES_H 1
| #define HAVE_DLFCN_H 1
| #define HAVE_ENDIAN_H 1
| #define HAVE_ERRNO_H 1
| #define HAVE_FCNTL_H 1
| #define HAVE_GRP_H 1
| #define HAVE_LANGINFO_H 1
| #define HAVE_LIBINTL_H 1
| #define HAVE_LINUX_AUXVEC_H 1
| #define HAVE_SYS_AUXV_H 1
| #define HAVE_LINUX_FS_H 1
| #define HAVE_LINUX_LIMITS_H 1
| #define HAVE_LINUX_MEMFD_H 1
| #define HAVE_LINUX_RANDOM_H 1
| #define HAVE_LINUX_SOUNDCARD_H 1
| #define HAVE_LINUX_TIPC_H 1
| #define HAVE_LINUX_WAIT_H 1
| #define HAVE_NETDB_H 1
| #define HAVE_NET_ETHERNET_H 1
| #define HAVE_NETINET_IN_H 1
| #define HAVE_NETPACKET_PACKET_H 1
| #define HAVE_POLL_H 1
| #define HAVE_PTHREAD_H 1
| #define HAVE_PTY_H 1
| #define HAVE_SCHED_H 1
| #define HAVE_SETJMP_H 1
| #define HAVE_SHADOW_H 1
| #define HAVE_SIGNAL_H 1
| #define HAVE_SPAWN_H 1
| /* end confdefs.h.  */
| #include <stddef.h>
| #ifdef HAVE_STDIO_H
| # include <stdio.h>
| #endif
| #ifdef HAVE_STDLIB_H
| # include <stdlib.h>
| #endif
| #ifdef HAVE_STRING_H
| # include <string.h>
| #endif
| #ifdef HAVE_INTTYPES_H
| # include <inttypes.h>
| #endif
| #ifdef HAVE_STDINT_H
| # include <stdint.h>
| #endif
| #ifdef HAVE_STRINGS_H
| # include <strings.h>
| #endif
| #ifdef HAVE_SYS_TYPES_H
| # include <sys/types.h>
| #endif
| #ifdef HAVE_SYS_STAT_H
| # include <sys/stat.h>
| #endif
| #ifdef HAVE_UNISTD_H
| # include <unistd.h>
| #endif
| #include <sys/audioio.h>
configure:10896: result: no
configure:10902: checking for sys/bsdtty.h
configure:10902: gcc -c   conftest.c >&5
conftest.c:97:10: fatal error: sys/bsdtty.h: No such file or directory
   97 | #include <sys/bsdtty.h>
      |          ^~~~~~~~~~~~~~
compilation terminated.
configure:10902: $? = 1
configure: failed program was:
| /* confdefs.h */
| #define _NETBSD_SOURCE 1
| #define __BSD_VISIBLE 1
| #define _DARWIN_C_SOURCE 1
| #define _PYTHONFRAMEWORK ""
| #define _XOPEN_SOURCE 700
| #define _XOPEN_SOURCE_EXTENDED 1
| #define _POSIX_C_SOURCE 200809L
| #define HAVE_STDIO_H 1
| #define HAVE_STDLIB_H 1
| #define HAVE_STRING_H 1
| #define HAVE_INTTYPES_H 1
| #define HAVE_STDINT_H 1
| #define HAVE_STRINGS_H 1
| #define HAVE_SYS_STAT_H 1
| #define HAVE_SYS_TYPES_H 1
| #define HAVE_UNISTD_H 1
| #define HAVE_WCHAR_H 1
| #define STDC_HEADERS 1
| #define _ALL_SOURCE 1
| #define _DARWIN_C_SOURCE 1
| #define _GNU_SOURCE 1
| #define _HPUX_ALT_XOPEN_SOCKET_API 1
| #define _NETBSD_SOURCE 1
| #define _OPENBSD_SOURCE 1
| #define _POSIX_PTHREAD_SEMANTICS 1
| #define __STDC_WANT_IEC_60559_ATTRIBS_EXT__ 1
| #define __STDC_WANT_IEC_60559_BFP_EXT__ 1
| #define __STDC_WANT_IEC_60559_DFP_EXT__ 1
| #define __STDC_WANT_IEC_60559_FUNCS_EXT__ 1
| #define __STDC_WANT_IEC_60559_TYPES_EXT__ 1
| #define __STDC_WANT_LIB_EXT2__ 1
| #define __STDC_WANT_MATH_SPEC_FUNCS__ 1
| #define _TANDEM_SOURCE 1
| #define __EXTENSIONS__ 1
| #define PY_SUPPORT_TIER 1
| #define STDC_HEADERS 1
| #define HAVE_ALLOCA_H 1
| #define HAVE_ASM_TYPES_H 1
| #define HAVE_DLFCN_H 1
| #define HAVE_ENDIAN_H 1
| #define HAVE_ERRNO_H 1
| #define HAVE_FCNTL_H 1
| #define HAVE_GRP_H 1
| #define HAVE_LANGINFO_H 1
| #define HAVE_LIBINTL_H 1
| #define HAVE_LINUX_AUXVEC_H 1
| #define HAVE_SYS_AUXV_H 1
| #define HAVE_LINUX_FS_H 1
| #define HAVE_LINUX_LIMITS_H 1
| #define HAVE_LINUX_MEMFD_H 1
| #define HAVE_LINUX_RANDOM_H 1
| #define HAVE_LINUX_SOUNDCARD_H 1
| #define HAVE_LINUX_TIPC_H 1
| #define HAVE_LINUX_WAIT_H 1
| #define HAVE_NETDB_H 1
| #define HAVE_NET_ETHERNET_H 1
| #define HAVE_NETINET_IN_H 1
| #define HAVE_NETPACKET_PACKET_H 1
| #define HAVE_POLL_H 1
| #define HAVE_PTHREAD_H 1
| #define HAVE_PTY_H 1
| #define HAVE_SCHED_H 1
| #define HAVE_SETJMP_H 1
| #define HAVE_SHADOW_H 1
| #define HAVE_SIGNAL_H 1
| #define HAVE_SPAWN_H 1
| /* end confdefs.h.  */
| #include <stddef.h>
| #ifdef HAVE_STDIO_H
| # include <stdio.h>
| #endif
| #ifdef HAVE_STDLIB_H
| # include <stdlib.h>
| #endif
| #ifdef HAVE_STRING_H
| # include <string.h>
| #endif
| #ifdef HAVE_INTTYPES_H
| # include <inttypes.h>
| #endif
| #ifdef HAVE_STDINT_H
| # include <stdint.h>
| #endif
| #ifdef HAVE_STRINGS_H
| # include <strings.h>
| #endif
| #ifdef HAVE_SYS_TYPES_H
| # include <sys/types.h>
| #endif
| #ifdef HAVE_SYS_STAT_H
| # include <sys/stat.h>
| #endif
| #ifdef HAVE_UNISTD_H
| # include <unistd.h>
| #endif
| #include <sys/bsdtty.h>
configure:10902: result: no
configure:10908: checking for sys/devpoll.h
configure:10908: gcc -c   conftest.c >&5
conftest.c:97:10: fatal error: sys/devpoll.h: No such file or directory
   97 | #include <sys/devpoll.h>
      |          ^~~~~~~~~~~~~~~
compilation terminated.
configure:10908: $? = 1
configure: failed program was:
| /* confdefs.h */
| #define _NETBSD_SOURCE 1
| #define __BSD_VISIBLE 1
| #define _DARWIN_C_SOURCE 1
| #define _PYTHONFRAMEWORK ""
| #define _XOPEN_SOURCE 700
| #define _XOPEN_SOURCE_EXTENDED 1
| #define _POSIX_C_SOURCE 200809L
| #define HAVE_STDIO_H 1
| #define HAVE_STDLIB_H 1
| #define HAVE_STRING_H 1
| #define HAVE_INTTYPES_H 1
| #define HAVE_STDINT_H 1
| #define HAVE_STRINGS_H 1
| #define HAVE_SYS_STAT_H 1
| #define HAVE_SYS_TYPES_H 1
| #define HAVE_UNISTD_H 1
| #define HAVE_WCHAR_H 1
| #define STDC_HEADERS 1
| #define _ALL_SOURCE 1
| #define _DARWIN_C_SOURCE 1
| #define _GNU_SOURCE 1
| #define _HPUX_ALT_XOPEN_SOCKET_API 1
| #define _NETBSD_SOURCE 1
| #define _OPENBSD_SOURCE 1
| #define _POSIX_PTHREAD_SEMANTICS 1
| #define __STDC_WANT_IEC_60559_ATTRIBS_EXT__ 1
| #define __STDC_WANT_IEC_60559_BFP_EXT__ 1
| #define __STDC_WANT_IEC_60559_DFP_EXT__ 1
| #define __STDC_WANT_IEC_60559_FUNCS_EXT__ 1
| #define __STDC_WANT_IEC_60559_TYPES_EXT__ 1
| #define __STDC_WANT_LIB_EXT2__ 1
| #define __STDC_WANT_MATH_SPEC_FUNCS__ 1
| #define _TANDEM_SOURCE 1
| #define __EXTENSIONS__ 1
| #define PY_SUPPORT_TIER 1
| #define STDC_HEADERS 1
| #define HAVE_ALLOCA_H 1
| #define HAVE_ASM_TYPES_H 1
| #define HAVE_DLFCN_H 1
| #define HAVE_ENDIAN_H 1
| #define HAVE_ERRNO_H 1
| #define HAVE_FCNTL_H 1
| #define HAVE_GRP_H 1
| #define HAVE_LANGINFO_H 1
| #define HAVE_LIBINTL_H 1
| #define HAVE_LINUX_AUXVEC_H 1
| #define HAVE_SYS_AUXV_H 1
| #define HAVE_LINUX_FS_H 1
| #define HAVE_LINUX_LIMITS_H 1
| #define HAVE_LINUX_MEMFD_H 1
| #define HAVE_LINUX_RANDOM_H 1
| #define HAVE_LINUX_SOUNDCARD_H 1
| #define HAVE_LINUX_TIPC_H 1
| #define HAVE_LINUX_WAIT_H 1
| #define HAVE_NETDB_H 1
| #define HAVE_NET_ETHERNET_H 1
| #define HAVE_NETINET_IN_H 1
| #define HAVE_NETPACKET_PACKET_H 1
| #define HAVE_POLL_H 1
| #define HAVE_PTHREAD_H 1
| #define HAVE_PTY_H 1
| #define HAVE_SCHED_H 1
| #define HAVE_SETJMP_H 1
| #define HAVE_SHADOW_H 1
| #define HAVE_SIGNAL_H 1
| #define HAVE_SPAWN_H 1
| /* end confdefs.h.  */
| #include <stddef.h>
| #ifdef HAVE_STDIO_H
| # include <stdio.h>
| #endif
| #ifdef HAVE_STDLIB_H
| # include <stdlib.h>
| #endif
| #ifdef HAVE_STRING_H
| # include <string.h>
| #endif
| #ifdef HAVE_INTTYPES_H
| # include <inttypes.h>
| #endif
| #ifdef HAVE_STDINT_H
| # include <stdint.h>
| #endif
| #ifdef HAVE_STRINGS_H
| # include <strings.h>
| #endif
| #ifdef HAVE_SYS_TYPES_H
| # include <sys/types.h>
| #endif
| #ifdef HAVE_SYS_STAT_H
| # include <sys/stat.h>
| #endif
| #ifdef HAVE_UNISTD_H
| # include <unistd.h>
| #endif
| #include <sys/devpoll.h>
configure:10908: result: no
configure:10914: checking for sys/endian.h
configure:10914: gcc -c   conftest.c >&5
conftest.c:97:10: fatal error: sys/endian.h: No such file or directory
   97 | #include <sys/endian.h>
      |          ^~~~~~~~~~~~~~
compilation terminated.
configure:10914: $? = 1
configure: failed program was:
| /* confdefs.h */
| #define _NETBSD_SOURCE 1
| #define __BSD_VISIBLE 1
| #define _DARWIN_C_SOURCE 1
| #define _PYTHONFRAMEWORK ""
| #define _XOPEN_SOURCE 700
| #define _XOPEN_SOURCE_EXTENDED 1
| #define _POSIX_C_SOURCE 200809L
| #define HAVE_STDIO_H 1
| #define HAVE_STDLIB_H 1
| #define HAVE_STRING_H 1
| #define HAVE_INTTYPES_H 1
| #define HAVE_STDINT_H 1
| #define HAVE_STRINGS_H 1
| #define HAVE_SYS_STAT_H 1
| #define HAVE_SYS_TYPES_H 1
| #define HAVE_UNISTD_H 1
| #define HAVE_WCHAR_H 1
| #define STDC_HEADERS 1
| #define _ALL_SOURCE 1
| #define _DARWIN_C_SOURCE 1
| #define _GNU_SOURCE 1
| #define _HPUX_ALT_XOPEN_SOCKET_API 1
| #define _NETBSD_SOURCE 1
| #define _OPENBSD_SOURCE 1
| #define _POSIX_PTHREAD_SEMANTICS 1
| #define __STDC_WANT_IEC_60559_ATTRIBS_EXT__ 1
| #define __STDC_WANT_IEC_60559_BFP_EXT__ 1
| #define __STDC_WANT_IEC_60559_DFP_EXT__ 1
| #define __STDC_WANT_IEC_60559_FUNCS_EXT__ 1
| #define __STDC_WANT_IEC_60559_TYPES_EXT__ 1
| #define __STDC_WANT_LIB_EXT2__ 1
| #define __STDC_WANT_MATH_SPEC_FUNCS__ 1
| #define _TANDEM_SOURCE 1
| #define __EXTENSIONS__ 1
| #define PY_SUPPORT_TIER 1
| #define STDC_HEADERS 1
| #define HAVE_ALLOCA_H 1
| #define HAVE_ASM_TYPES_H 1
| #define HAVE_DLFCN_H 1
| #define HAVE_ENDIAN_H 1
| #define HAVE_ERRNO_H 1
| #define HAVE_FCNTL_H 1
| #define HAVE_GRP_H 1
| #define HAVE_LANGINFO_H 1
| #define HAVE_LIBINTL_H 1
| #define HAVE_LINUX_AUXVEC_H 1
| #define HAVE_SYS_AUXV_H 1
| #define HAVE_LINUX_FS_H 1
| #define HAVE_LINUX_LIMITS_H 1
| #define HAVE_LINUX_MEMFD_H 1
| #define HAVE_LINUX_RANDOM_H 1
| #define HAVE_LINUX_SOUNDCARD_H 1
| #define HAVE_LINUX_TIPC_H 1
| #define HAVE_LINUX_WAIT_H 1
| #define HAVE_NETDB_H 1
| #define HAVE_NET_ETHERNET_H 1
| #define HAVE_NETINET_IN_H 1
| #define HAVE_NETPACKET_PACKET_H 1
| #define HAVE_POLL_H 1
| #define HAVE_PTHREAD_H 1
| #define HAVE_PTY_H 1
| #define HAVE_SCHED_H 1
| #define HAVE_SETJMP_H 1
| #define HAVE_SHADOW_H 1
| #define HAVE_SIGNAL_H 1
| #define HAVE_SPAWN_H 1
| /* end confdefs.h.  */
| #include <stddef.h>
| #ifdef HAVE_STDIO_H
| # include <stdio.h>
| #endif
| #ifdef HAVE_STDLIB_H
| # include <stdlib.h>
| #endif
| #ifdef HAVE_STRING_H
| # include <string.h>
| #endif
| #ifdef HAVE_INTTYPES_H
| # include <inttypes.h>
| #endif
| #ifdef HAVE_STDINT_H
| # include <stdint.h>
| #endif
| #ifdef HAVE_STRINGS_H
| # include <strings.h>
| #endif
| #ifdef HAVE_SYS_TYPES_H
| # include <sys/types.h>
| #endif
| #ifdef HAVE_SYS_STAT_H
| # include <sys/stat.h>
| #endif
| #ifdef HAVE_UNISTD_H
| # include <unistd.h>
| #endif
| #include <sys/endian.h>
configure:10914: result: no
configure:10920: checking for sys/epoll.h
configure:10920: gcc -c   conftest.c >&5
configure:10920: $? = 0
configure:10920: result: yes
configure:10926: checking for sys/event.h
configure:10926: gcc -c   conftest.c >&5
conftest.c:98:10: fatal error: sys/event.h: No such file or directory
   98 | #include <sys/event.h>
      |          ^~~~~~~~~~~~~
compilation terminated.
configure:10926: $? = 1
configure: failed program was:
| /* confdefs.h */
| #define _NETBSD_SOURCE 1
| #define __BSD_VISIBLE 1
| #define _DARWIN_C_SOURCE 1
| #define _PYTHONFRAMEWORK ""
| #define _XOPEN_SOURCE 700
| #define _XOPEN_SOURCE_EXTENDED 1
| #define _POSIX_C_SOURCE 200809L
| #define HAVE_STDIO_H 1
| #define HAVE_STDLIB_H 1
| #define HAVE_STRING_H 1
| #define HAVE_INTTYPES_H 1
| #define HAVE_STDINT_H 1
| #define HAVE_STRINGS_H 1
| #define HAVE_SYS_STAT_H 1
| #define HAVE_SYS_TYPES_H 1
| #define HAVE_UNISTD_H 1
| #define HAVE_WCHAR_H 1
| #define STDC_HEADERS 1
| #define _ALL_SOURCE 1
| #define _DARWIN_C_SOURCE 1
| #define _GNU_SOURCE 1
| #define _HPUX_ALT_XOPEN_SOCKET_API 1
| #define _NETBSD_SOURCE 1
| #define _OPENBSD_SOURCE 1
| #define _POSIX_PTHREAD_SEMANTICS 1
| #define __STDC_WANT_IEC_60559_ATTRIBS_EXT__ 1
| #define __STDC_WANT_IEC_60559_BFP_EXT__ 1
| #define __STDC_WANT_IEC_60559_DFP_EXT__ 1
| #define __STDC_WANT_IEC_60559_FUNCS_EXT__ 1
| #define __STDC_WANT_IEC_60559_TYPES_EXT__ 1
| #define __STDC_WANT_LIB_EXT2__ 1
| #define __STDC_WANT_MATH_SPEC_FUNCS__ 1
| #define _TANDEM_SOURCE 1
| #define __EXTENSIONS__ 1
| #define PY_SUPPORT_TIER 1
| #define STDC_HEADERS 1
| #define HAVE_ALLOCA_H 1
| #define HAVE_ASM_TYPES_H 1
| #define HAVE_DLFCN_H 1
| #define HAVE_ENDIAN_H 1
| #define HAVE_ERRNO_H 1
| #define HAVE_FCNTL_H 1
| #define HAVE_GRP_H 1
| #define HAVE_LANGINFO_H 1
| #define HAVE_LIBINTL_H 1
| #define HAVE_LINUX_AUXVEC_H 1
| #define HAVE_SYS_AUXV_H 1
| #define HAVE_LINUX_FS_H 1
| #define HAVE_LINUX_LIMITS_H 1
| #define HAVE_LINUX_MEMFD_H 1
| #define HAVE_LINUX_RANDOM_H 1
| #define HAVE_LINUX_SOUNDCARD_H 1
| #define HAVE_LINUX_TIPC_H 1
| #define HAVE_LINUX_WAIT_H 1
| #define HAVE_NETDB_H 1
| #define HAVE_NET_ETHERNET_H 1
| #define HAVE_NETINET_IN_H 1
| #define HAVE_NETPACKET_PACKET_H 1
| #define HAVE_POLL_H 1
| #define HAVE_PTHREAD_H 1
| #define HAVE_PTY_H 1
| #define HAVE_SCHED_H 1
| #define HAVE_SETJMP_H 1
| #define HAVE_SHADOW_H 1
| #define HAVE_SIGNAL_H 1
| #define HAVE_SPAWN_H 1
| #define HAVE_SYS_EPOLL_H 1
| /* end confdefs.h.  */
| #include <stddef.h>
| #ifdef HAVE_STDIO_H
| # include <stdio.h>
| #endif
| #ifdef HAVE_STDLIB_H
| # include <stdlib.h>
| #endif
| #ifdef HAVE_STRING_H
| # include <string.h>
| #endif
| #ifdef HAVE_INTTYPES_H
| # include <inttypes.h>
| #endif
| #ifdef HAVE_STDINT_H
| # include <stdint.h>
| #endif
| #ifdef HAVE_STRINGS_H
| # include <strings.h>
| #endif
| #ifdef HAVE_SYS_TYPES_H
| # include <sys/types.h>
| #endif
| #ifdef HAVE_SYS_STAT_H
| # include <sys/stat.h>
| #endif
| #ifdef HAVE_UNISTD_H
| # include <unistd.h>
| #endif
| #include <sys/event.h>
configure:10926: result: no
configure:10932: checking for sys/eventfd.h
configure:10932: gcc -c   conftest.c >&5
configure:10932: $? = 0
configure:10932: result: yes
configure:10938: checking for sys/file.h
configure:10938: gcc -c   conftest.c >&5
configure:10938: $? = 0
configure:10938: result: yes
configure:10944: checking for sys/ioctl.h
configure:10944: gcc -c   conftest.c >&5
configure:10944: $? = 0
configure:10944: result: yes
configure:10950: checking for sys/kern_control.h
configure:10950: gcc -c   conftest.c >&5
conftest.c:101:10: fatal error: sys/kern_control.h: No such file or directory
  101 | #include <sys/kern_control.h>
      |          ^~~~~~~~~~~~~~~~~~~~
compilation terminated.
configure:10950: $? = 1
configure: failed program was:
| /* confdefs.h */
| #define _NETBSD_SOURCE 1
| #define __BSD_VISIBLE 1
| #define _DARWIN_C_SOURCE 1
| #define _PYTHONFRAMEWORK ""
| #define _XOPEN_SOURCE 700
| #define _XOPEN_SOURCE_EXTENDED 1
| #define _POSIX_C_SOURCE 200809L
| #define HAVE_STDIO_H 1
| #define HAVE_STDLIB_H 1
| #define HAVE_STRING_H 1
| #define HAVE_INTTYPES_H 1
| #define HAVE_STDINT_H 1
| #define HAVE_STRINGS_H 1
| #define HAVE_SYS_STAT_H 1
| #define HAVE_SYS_TYPES_H 1
| #define HAVE_UNISTD_H 1
| #define HAVE_WCHAR_H 1
| #define STDC_HEADERS 1
| #define _ALL_SOURCE 1
| #define _DARWIN_C_SOURCE 1
| #define _GNU_SOURCE 1
| #define _HPUX_ALT_XOPEN_SOCKET_API 1
| #define _NETBSD_SOURCE 1
| #define _OPENBSD_SOURCE 1
| #define _POSIX_PTHREAD_SEMANTICS 1
| #define __STDC_WANT_IEC_60559_ATTRIBS_EXT__ 1
| #define __STDC_WANT_IEC_60559_BFP_EXT__ 1
| #define __STDC_WANT_IEC_60559_DFP_EXT__ 1
| #define __STDC_WANT_IEC_60559_FUNCS_EXT__ 1
| #define __STDC_WANT_IEC_60559_TYPES_EXT__ 1
| #define __STDC_WANT_LIB_EXT2__ 1
| #define __STDC_WANT_MATH_SPEC_FUNCS__ 1
| #define _TANDEM_SOURCE 1
| #define __EXTENSIONS__ 1
| #define PY_SUPPORT_TIER 1
| #define STDC_HEADERS 1
| #define HAVE_ALLOCA_H 1
| #define HAVE_ASM_TYPES_H 1
| #define HAVE_DLFCN_H 1
| #define HAVE_ENDIAN_H 1
| #define HAVE_ERRNO_H 1
| #define HAVE_FCNTL_H 1
| #define HAVE_GRP_H 1
| #define HAVE_LANGINFO_H 1
| #define HAVE_LIBINTL_H 1
| #define HAVE_LINUX_AUXVEC_H 1
| #define HAVE_SYS_AUXV_H 1
| #define HAVE_LINUX_FS_H 1
| #define HAVE_LINUX_LIMITS_H 1
| #define HAVE_LINUX_MEMFD_H 1
| #define HAVE_LINUX_RANDOM_H 1
| #define HAVE_LINUX_SOUNDCARD_H 1
| #define HAVE_LINUX_TIPC_H 1
| #define HAVE_LINUX_WAIT_H 1
| #define HAVE_NETDB_H 1
| #define HAVE_NET_ETHERNET_H 1
| #define HAVE_NETINET_IN_H 1
| #define HAVE_NETPACKET_PACKET_H 1
| #define HAVE_POLL_H 1
| #define HAVE_PTHREAD_H 1
| #define HAVE_PTY_H 1
| #define HAVE_SCHED_H 1
| #define HAVE_SETJMP_H 1
| #define HAVE_SHADOW_H 1
| #define HAVE_SIGNAL_H 1
| #define HAVE_SPAWN_H 1
| #define HAVE_SYS_EPOLL_H 1
| #define HAVE_SYS_EVENTFD_H 1
| #define HAVE_SYS_FILE_H 1
| #define HAVE_SYS_IOCTL_H 1
| /* end confdefs.h.  */
| #include <stddef.h>
| #ifdef HAVE_STDIO_H
| # include <stdio.h>
| #endif
| #ifdef HAVE_STDLIB_H
| # include <stdlib.h>
| #endif
| #ifdef HAVE_STRING_H
| # include <string.h>
| #endif
| #ifdef HAVE_INTTYPES_H
| # include <inttypes.h>
| #endif
| #ifdef HAVE_STDINT_H
| # include <stdint.h>
| #endif
| #ifdef HAVE_STRINGS_H
| # include <strings.h>
| #endif
| #ifdef HAVE_SYS_TYPES_H
| # include <sys/types.h>
| #endif
| #ifdef HAVE_SYS_STAT_H
| # include <sys/stat.h>
| #endif
| #ifdef HAVE_UNISTD_H
| # include <unistd.h>
| #endif
| #include <sys/kern_control.h>
configure:10950: result: no
configure:10956: checking for sys/loadavg.h
configure:10956: gcc -c   conftest.c >&5
conftest.c:101:10: fatal error: sys/loadavg.h: No such file or directory
  101 | #include <sys/loadavg.h>
      |          ^~~~~~~~~~~~~~~
compilation terminated.
configure:10956: $? = 1
configure: failed program was:
| /* confdefs.h */
| #define _NETBSD_SOURCE 1
| #define __BSD_VISIBLE 1
| #define _DARWIN_C_SOURCE 1
| #define _PYTHONFRAMEWORK ""
| #define _XOPEN_SOURCE 700
| #define _XOPEN_SOURCE_EXTENDED 1
| #define _POSIX_C_SOURCE 200809L
| #define HAVE_STDIO_H 1
| #define HAVE_STDLIB_H 1
| #define HAVE_STRING_H 1
| #define HAVE_INTTYPES_H 1
| #define HAVE_STDINT_H 1
| #define HAVE_STRINGS_H 1
| #define HAVE_SYS_STAT_H 1
| #define HAVE_SYS_TYPES_H 1
| #define HAVE_UNISTD_H 1
| #define HAVE_WCHAR_H 1
| #define STDC_HEADERS 1
| #define _ALL_SOURCE 1
| #define _DARWIN_C_SOURCE 1
| #define _GNU_SOURCE 1
| #define _HPUX_ALT_XOPEN_SOCKET_API 1
| #define _NETBSD_SOURCE 1
| #define _OPENBSD_SOURCE 1
| #define _POSIX_PTHREAD_SEMANTICS 1
| #define __STDC_WANT_IEC_60559_ATTRIBS_EXT__ 1
| #define __STDC_WANT_IEC_60559_BFP_EXT__ 1
| #define __STDC_WANT_IEC_60559_DFP_EXT__ 1
| #define __STDC_WANT_IEC_60559_FUNCS_EXT__ 1
| #define __STDC_WANT_IEC_60559_TYPES_EXT__ 1
| #define __STDC_WANT_LIB_EXT2__ 1
| #define __STDC_WANT_MATH_SPEC_FUNCS__ 1
| #define _TANDEM_SOURCE 1
| #define __EXTENSIONS__ 1
| #define PY_SUPPORT_TIER 1
| #define STDC_HEADERS 1
| #define HAVE_ALLOCA_H 1
| #define HAVE_ASM_TYPES_H 1
| #define HAVE_DLFCN_H 1
| #define HAVE_ENDIAN_H 1
| #define HAVE_ERRNO_H 1
| #define HAVE_FCNTL_H 1
| #define HAVE_GRP_H 1
| #define HAVE_LANGINFO_H 1
| #define HAVE_LIBINTL_H 1
| #define HAVE_LINUX_AUXVEC_H 1
| #define HAVE_SYS_AUXV_H 1
| #define HAVE_LINUX_FS_H 1
| #define HAVE_LINUX_LIMITS_H 1
| #define HAVE_LINUX_MEMFD_H 1
| #define HAVE_LINUX_RANDOM_H 1
| #define HAVE_LINUX_SOUNDCARD_H 1
| #define HAVE_LINUX_TIPC_H 1
| #define HAVE_LINUX_WAIT_H 1
| #define HAVE_NETDB_H 1
| #define HAVE_NET_ETHERNET_H 1
| #define HAVE_NETINET_IN_H 1
| #define HAVE_NETPACKET_PACKET_H 1
| #define HAVE_POLL_H 1
| #define HAVE_PTHREAD_H 1
| #define HAVE_PTY_H 1
| #define HAVE_SCHED_H 1
| #define HAVE_SETJMP_H 1
| #define HAVE_SHADOW_H 1
| #define HAVE_SIGNAL_H 1
| #define HAVE_SPAWN_H 1
| #define HAVE_SYS_EPOLL_H 1
| #define HAVE_SYS_EVENTFD_H 1
| #define HAVE_SYS_FILE_H 1
| #define HAVE_SYS_IOCTL_H 1
| /* end confdefs.h.  */
| #include <stddef.h>
| #ifdef HAVE_STDIO_H
| # include <stdio.h>
| #endif
| #ifdef HAVE_STDLIB_H
| # include <stdlib.h>
| #endif
| #ifdef HAVE_STRING_H
| # include <string.h>
| #endif
| #ifdef HAVE_INTTYPES_H
| # include <inttypes.h>
| #endif
| #ifdef HAVE_STDINT_H
| # include <stdint.h>
| #endif
| #ifdef HAVE_STRINGS_H
| # include <strings.h>
| #endif
| #ifdef HAVE_SYS_TYPES_H
| # include <sys/types.h>
| #endif
| #ifdef HAVE_SYS_STAT_H
| # include <sys/stat.h>
| #endif
| #ifdef HAVE_UNISTD_H
| # include <unistd.h>
| #endif
| #include <sys/loadavg.h>
configure:10956: result: no
configure:10962: checking for sys/lock.h
configure:10962: gcc -c   conftest.c >&5
conftest.c:101:10: fatal error: sys/lock.h: No such file or directory
  101 | #include <sys/lock.h>
      |          ^~~~~~~~~~~~
compilation terminated.
configure:10962: $? = 1
configure: failed program was:
| /* confdefs.h */
| #define _NETBSD_SOURCE 1
| #define __BSD_VISIBLE 1
| #define _DARWIN_C_SOURCE 1
| #define _PYTHONFRAMEWORK ""
| #define _XOPEN_SOURCE 700
| #define _XOPEN_SOURCE_EXTENDED 1
| #define _POSIX_C_SOURCE 200809L
| #define HAVE_STDIO_H 1
| #define HAVE_STDLIB_H 1
| #define HAVE_STRING_H 1
| #define HAVE_INTTYPES_H 1
| #define HAVE_STDINT_H 1
| #define HAVE_STRINGS_H 1
| #define HAVE_SYS_STAT_H 1
| #define HAVE_SYS_TYPES_H 1
| #define HAVE_UNISTD_H 1
| #define HAVE_WCHAR_H 1
| #define STDC_HEADERS 1
| #define _ALL_SOURCE 1
| #define _DARWIN_C_SOURCE 1
| #define _GNU_SOURCE 1
| #define _HPUX_ALT_XOPEN_SOCKET_API 1
| #define _NETBSD_SOURCE 1
| #define _OPENBSD_SOURCE 1
| #define _POSIX_PTHREAD_SEMANTICS 1
| #define __STDC_WANT_IEC_60559_ATTRIBS_EXT__ 1
| #define __STDC_WANT_IEC_60559_BFP_EXT__ 1
| #define __STDC_WANT_IEC_60559_DFP_EXT__ 1
| #define __STDC_WANT_IEC_60559_FUNCS_EXT__ 1
| #define __STDC_WANT_IEC_60559_TYPES_EXT__ 1
| #define __STDC_WANT_LIB_EXT2__ 1
| #define __STDC_WANT_MATH_SPEC_FUNCS__ 1
| #define _TANDEM_SOURCE 1
| #define __EXTENSIONS__ 1
| #define PY_SUPPORT_TIER 1
| #define STDC_HEADERS 1
| #define HAVE_ALLOCA_H 1
| #define HAVE_ASM_TYPES_H 1
| #define HAVE_DLFCN_H 1
| #define HAVE_ENDIAN_H 1
| #define HAVE_ERRNO_H 1
| #define HAVE_FCNTL_H 1
| #define HAVE_GRP_H 1
| #define HAVE_LANGINFO_H 1
| #define HAVE_LIBINTL_H 1
| #define HAVE_LINUX_AUXVEC_H 1
| #define HAVE_SYS_AUXV_H 1
| #define HAVE_LINUX_FS_H 1
| #define HAVE_LINUX_LIMITS_H 1
| #define HAVE_LINUX_MEMFD_H 1
| #define HAVE_LINUX_RANDOM_H 1
| #define HAVE_LINUX_SOUNDCARD_H 1
| #define HAVE_LINUX_TIPC_H 1
| #define HAVE_LINUX_WAIT_H 1
| #define HAVE_NETDB_H 1
| #define HAVE_NET_ETHERNET_H 1
| #define HAVE_NETINET_IN_H 1
| #define HAVE_NETPACKET_PACKET_H 1
| #define HAVE_POLL_H 1
| #define HAVE_PTHREAD_H 1
| #define HAVE_PTY_H 1
| #define HAVE_SCHED_H 1
| #define HAVE_SETJMP_H 1
| #define HAVE_SHADOW_H 1
| #define HAVE_SIGNAL_H 1
| #define HAVE_SPAWN_H 1
| #define HAVE_SYS_EPOLL_H 1
| #define HAVE_SYS_EVENTFD_H 1
| #define HAVE_SYS_FILE_H 1
| #define HAVE_SYS_IOCTL_H 1
| /* end confdefs.h.  */
| #include <stddef.h>
| #ifdef HAVE_STDIO_H
| # include <stdio.h>
| #endif
| #ifdef HAVE_STDLIB_H
| # include <stdlib.h>
| #endif
| #ifdef HAVE_STRING_H
| # include <string.h>
| #endif
| #ifdef HAVE_INTTYPES_H
| # include <inttypes.h>
| #endif
| #ifdef HAVE_STDINT_H
| # include <stdint.h>
| #endif
| #ifdef HAVE_STRINGS_H
| # include <strings.h>
| #endif
| #ifdef HAVE_SYS_TYPES_H
| # include <sys/types.h>
| #endif
| #ifdef HAVE_SYS_STAT_H
| # include <sys/stat.h>
| #endif
| #ifdef HAVE_UNISTD_H
| # include <unistd.h>
| #endif
| #include <sys/lock.h>
configure:10962: result: no
configure:10968: checking for sys/memfd.h
configure:10968: gcc -c   conftest.c >&5
conftest.c:101:10: fatal error: sys/memfd.h: No such file or directory
  101 | #include <sys/memfd.h>
      |          ^~~~~~~~~~~~~
compilation terminated.
configure:10968: $? = 1
configure: failed program was:
| /* confdefs.h */
| #define _NETBSD_SOURCE 1
| #define __BSD_VISIBLE 1
| #define _DARWIN_C_SOURCE 1
| #define _PYTHONFRAMEWORK ""
| #define _XOPEN_SOURCE 700
| #define _XOPEN_SOURCE_EXTENDED 1
| #define _POSIX_C_SOURCE 200809L
| #define HAVE_STDIO_H 1
| #define HAVE_STDLIB_H 1
| #define HAVE_STRING_H 1
| #define HAVE_INTTYPES_H 1
| #define HAVE_STDINT_H 1
| #define HAVE_STRINGS_H 1
| #define HAVE_SYS_STAT_H 1
| #define HAVE_SYS_TYPES_H 1
| #define HAVE_UNISTD_H 1
| #define HAVE_WCHAR_H 1
| #define STDC_HEADERS 1
| #define _ALL_SOURCE 1
| #define _DARWIN_C_SOURCE 1
| #define _GNU_SOURCE 1
| #define _HPUX_ALT_XOPEN_SOCKET_API 1
| #define _NETBSD_SOURCE 1
| #define _OPENBSD_SOURCE 1
| #define _POSIX_PTHREAD_SEMANTICS 1
| #define __STDC_WANT_IEC_60559_ATTRIBS_EXT__ 1
| #define __STDC_WANT_IEC_60559_BFP_EXT__ 1
| #define __STDC_WANT_IEC_60559_DFP_EXT__ 1
| #define __STDC_WANT_IEC_60559_FUNCS_EXT__ 1
| #define __STDC_WANT_IEC_60559_TYPES_EXT__ 1
| #define __STDC_WANT_LIB_EXT2__ 1
| #define __STDC_WANT_MATH_SPEC_FUNCS__ 1
| #define _TANDEM_SOURCE 1
| #define __EXTENSIONS__ 1
| #define PY_SUPPORT_TIER 1
| #define STDC_HEADERS 1
| #define HAVE_ALLOCA_H 1
| #define HAVE_ASM_TYPES_H 1
| #define HAVE_DLFCN_H 1
| #define HAVE_ENDIAN_H 1
| #define HAVE_ERRNO_H 1
| #define HAVE_FCNTL_H 1
| #define HAVE_GRP_H 1
| #define HAVE_LANGINFO_H 1
| #define HAVE_LIBINTL_H 1
| #define HAVE_LINUX_AUXVEC_H 1
| #define HAVE_SYS_AUXV_H 1
| #define HAVE_LINUX_FS_H 1
| #define HAVE_LINUX_LIMITS_H 1
| #define HAVE_LINUX_MEMFD_H 1
| #define HAVE_LINUX_RANDOM_H 1
| #define HAVE_LINUX_SOUNDCARD_H 1
| #define HAVE_LINUX_TIPC_H 1
| #define HAVE_LINUX_WAIT_H 1
| #define HAVE_NETDB_H 1
| #define HAVE_NET_ETHERNET_H 1
| #define HAVE_NETINET_IN_H 1
| #define HAVE_NETPACKET_PACKET_H 1
| #define HAVE_POLL_H 1
| #define HAVE_PTHREAD_H 1
| #define HAVE_PTY_H 1
| #define HAVE_SCHED_H 1
| #define HAVE_SETJMP_H 1
| #define HAVE_SHADOW_H 1
| #define HAVE_SIGNAL_H 1
| #define HAVE_SPAWN_H 1
| #define HAVE_SYS_EPOLL_H 1
| #define HAVE_SYS_EVENTFD_H 1
| #define HAVE_SYS_FILE_H 1
| #define HAVE_SYS_IOCTL_H 1
| /* end confdefs.h.  */
| #include <stddef.h>
| #ifdef HAVE_STDIO_H
| # include <stdio.h>
| #endif
| #ifdef HAVE_STDLIB_H
| # include <stdlib.h>
| #endif
| #ifdef HAVE_STRING_H
| # include <string.h>
| #endif
| #ifdef HAVE_INTTYPES_H
| # include <inttypes.h>
| #endif
| #ifdef HAVE_STDINT_H
| # include <stdint.h>
| #endif
| #ifdef HAVE_STRINGS_H
| # include <strings.h>
| #endif
| #ifdef HAVE_SYS_TYPES_H
| # include <sys/types.h>
| #endif
| #ifdef HAVE_SYS_STAT_H
| # include <sys/stat.h>
| #endif
| #ifdef HAVE_UNISTD_H
| # include <unistd.h>
| #endif
| #include <sys/memfd.h>
configure:10968: result: no
configure:10974: checking for sys/mkdev.h
configure:10974: gcc -c   conftest.c >&5
conftest.c:101:10: fatal error: sys/mkdev.h: No such file or directory
  101 | #include <sys/mkdev.h>
      |          ^~~~~~~~~~~~~
compilation terminated.
configure:10974: $? = 1
configure: failed program was:
| /* confdefs.h */
| #define _NETBSD_SOURCE 1
| #define __BSD_VISIBLE 1
| #define _DARWIN_C_SOURCE 1
| #define _PYTHONFRAMEWORK ""
| #define _XOPEN_SOURCE 700
| #define _XOPEN_SOURCE_EXTENDED 1
| #define _POSIX_C_SOURCE 200809L
| #define HAVE_STDIO_H 1
| #define HAVE_STDLIB_H 1
| #define HAVE_STRING_H 1
| #define HAVE_INTTYPES_H 1
| #define HAVE_STDINT_H 1
| #define HAVE_STRINGS_H 1
| #define HAVE_SYS_STAT_H 1
| #define HAVE_SYS_TYPES_H 1
| #define HAVE_UNISTD_H 1
| #define HAVE_WCHAR_H 1
| #define STDC_HEADERS 1
| #define _ALL_SOURCE 1
| #define _DARWIN_C_SOURCE 1
| #define _GNU_SOURCE 1
| #define _HPUX_ALT_XOPEN_SOCKET_API 1
| #define _NETBSD_SOURCE 1
| #define _OPENBSD_SOURCE 1
| #define _POSIX_PTHREAD_SEMANTICS 1
| #define __STDC_WANT_IEC_60559_ATTRIBS_EXT__ 1
| #define __STDC_WANT_IEC_60559_BFP_EXT__ 1
| #define __STDC_WANT_IEC_60559_DFP_EXT__ 1
| #define __STDC_WANT_IEC_60559_FUNCS_EXT__ 1
| #define __STDC_WANT_IEC_60559_TYPES_EXT__ 1
| #define __STDC_WANT_LIB_EXT2__ 1
| #define __STDC_WANT_MATH_SPEC_FUNCS__ 1
| #define _TANDEM_SOURCE 1
| #define __EXTENSIONS__ 1
| #define PY_SUPPORT_TIER 1
| #define STDC_HEADERS 1
| #define HAVE_ALLOCA_H 1
| #define HAVE_ASM_TYPES_H 1
| #define HAVE_DLFCN_H 1
| #define HAVE_ENDIAN_H 1
| #define HAVE_ERRNO_H 1
| #define HAVE_FCNTL_H 1
| #define HAVE_GRP_H 1
| #define HAVE_LANGINFO_H 1
| #define HAVE_LIBINTL_H 1
| #define HAVE_LINUX_AUXVEC_H 1
| #define HAVE_SYS_AUXV_H 1
| #define HAVE_LINUX_FS_H 1
| #define HAVE_LINUX_LIMITS_H 1
| #define HAVE_LINUX_MEMFD_H 1
| #define HAVE_LINUX_RANDOM_H 1
| #define HAVE_LINUX_SOUNDCARD_H 1
| #define HAVE_LINUX_TIPC_H 1
| #define HAVE_LINUX_WAIT_H 1
| #define HAVE_NETDB_H 1
| #define HAVE_NET_ETHERNET_H 1
| #define HAVE_NETINET_IN_H 1
| #define HAVE_NETPACKET_PACKET_H 1
| #define HAVE_POLL_H 1
| #define HAVE_PTHREAD_H 1
| #define HAVE_PTY_H 1
| #define HAVE_SCHED_H 1
| #define HAVE_SETJMP_H 1
| #define HAVE_SHADOW_H 1
| #define HAVE_SIGNAL_H 1
| #define HAVE_SPAWN_H 1
| #define HAVE_SYS_EPOLL_H 1
| #define HAVE_SYS_EVENTFD_H 1
| #define HAVE_SYS_FILE_H 1
| #define HAVE_SYS_IOCTL_H 1
| /* end confdefs.h.  */
| #include <stddef.h>
| #ifdef HAVE_STDIO_H
| # include <stdio.h>
| #endif
| #ifdef HAVE_STDLIB_H
| # include <stdlib.h>
| #endif
| #ifdef HAVE_STRING_H
| # include <string.h>
| #endif
| #ifdef HAVE_INTTYPES_H
| # include <inttypes.h>
| #endif
| #ifdef HAVE_STDINT_H
| # include <stdint.h>
| #endif
| #ifdef HAVE_STRINGS_H
| # include <strings.h>
| #endif
| #ifdef HAVE_SYS_TYPES_H
| # include <sys/types.h>
| #endif
| #ifdef HAVE_SYS_STAT_H
| # include <sys/stat.h>
| #endif
| #ifdef HAVE_UNISTD_H
| # include <unistd.h>
| #endif
| #include <sys/mkdev.h>
configure:10974: result: no
configure:10980: checking for sys/mman.h
configure:10980: gcc -c   conftest.c >&5
configure:10980: $? = 0
configure:10980: result: yes
configure:10986: checking for sys/modem.h
configure:10986: gcc -c   conftest.c >&5
conftest.c:102:10: fatal error: sys/modem.h: No such file or directory
  102 | #include <sys/modem.h>
      |          ^~~~~~~~~~~~~
compilation terminated.
configure:10986: $? = 1
configure: failed program was:
| /* confdefs.h */
| #define _NETBSD_SOURCE 1
| #define __BSD_VISIBLE 1
| #define _DARWIN_C_SOURCE 1
| #define _PYTHONFRAMEWORK ""
| #define _XOPEN_SOURCE 700
| #define _XOPEN_SOURCE_EXTENDED 1
| #define _POSIX_C_SOURCE 200809L
| #define HAVE_STDIO_H 1
| #define HAVE_STDLIB_H 1
| #define HAVE_STRING_H 1
| #define HAVE_INTTYPES_H 1
| #define HAVE_STDINT_H 1
| #define HAVE_STRINGS_H 1
| #define HAVE_SYS_STAT_H 1
| #define HAVE_SYS_TYPES_H 1
| #define HAVE_UNISTD_H 1
| #define HAVE_WCHAR_H 1
| #define STDC_HEADERS 1
| #define _ALL_SOURCE 1
| #define _DARWIN_C_SOURCE 1
| #define _GNU_SOURCE 1
| #define _HPUX_ALT_XOPEN_SOCKET_API 1
| #define _NETBSD_SOURCE 1
| #define _OPENBSD_SOURCE 1
| #define _POSIX_PTHREAD_SEMANTICS 1
| #define __STDC_WANT_IEC_60559_ATTRIBS_EXT__ 1
| #define __STDC_WANT_IEC_60559_BFP_EXT__ 1
| #define __STDC_WANT_IEC_60559_DFP_EXT__ 1
| #define __STDC_WANT_IEC_60559_FUNCS_EXT__ 1
| #define __STDC_WANT_IEC_60559_TYPES_EXT__ 1
| #define __STDC_WANT_LIB_EXT2__ 1
| #define __STDC_WANT_MATH_SPEC_FUNCS__ 1
| #define _TANDEM_SOURCE 1
| #define __EXTENSIONS__ 1
| #define PY_SUPPORT_TIER 1
| #define STDC_HEADERS 1
| #define HAVE_ALLOCA_H 1
| #define HAVE_ASM_TYPES_H 1
| #define HAVE_DLFCN_H 1
| #define HAVE_ENDIAN_H 1
| #define HAVE_ERRNO_H 1
| #define HAVE_FCNTL_H 1
| #define HAVE_GRP_H 1
| #define HAVE_LANGINFO_H 1
| #define HAVE_LIBINTL_H 1
| #define HAVE_LINUX_AUXVEC_H 1
| #define HAVE_SYS_AUXV_H 1
| #define HAVE_LINUX_FS_H 1
| #define HAVE_LINUX_LIMITS_H 1
| #define HAVE_LINUX_MEMFD_H 1
| #define HAVE_LINUX_RANDOM_H 1
| #define HAVE_LINUX_SOUNDCARD_H 1
| #define HAVE_LINUX_TIPC_H 1
| #define HAVE_LINUX_WAIT_H 1
| #define HAVE_NETDB_H 1
| #define HAVE_NET_ETHERNET_H 1
| #define HAVE_NETINET_IN_H 1
| #define HAVE_NETPACKET_PACKET_H 1
| #define HAVE_POLL_H 1
| #define HAVE_PTHREAD_H 1
| #define HAVE_PTY_H 1
| #define HAVE_SCHED_H 1
| #define HAVE_SETJMP_H 1
| #define HAVE_SHADOW_H 1
| #define HAVE_SIGNAL_H 1
| #define HAVE_SPAWN_H 1
| #define HAVE_SYS_EPOLL_H 1
| #define HAVE_SYS_EVENTFD_H 1
| #define HAVE_SYS_FILE_H 1
| #define HAVE_SYS_IOCTL_H 1
| #define HAVE_SYS_MMAN_H 1
| /* end confdefs.h.  */
| #include <stddef.h>
| #ifdef HAVE_STDIO_H
| # include <stdio.h>
| #endif
| #ifdef HAVE_STDLIB_H
| # include <stdlib.h>
| #endif
| #ifdef HAVE_STRING_H
| # include <string.h>
| #endif
| #ifdef HAVE_INTTYPES_H
| # include <inttypes.h>
| #endif
| #ifdef HAVE_STDINT_H
| # include <stdint.h>
| #endif
| #ifdef HAVE_STRINGS_H
| # include <strings.h>
| #endif
| #ifdef HAVE_SYS_TYPES_H
| # include <sys/types.h>
| #endif
| #ifdef HAVE_SYS_STAT_H
| # include <sys/stat.h>
| #endif
| #ifdef HAVE_UNISTD_H
| # include <unistd.h>
| #endif
| #include <sys/modem.h>
configure:10986: result: no
configure:10992: checking for sys/param.h
configure:10992: gcc -c   conftest.c >&5
configure:10992: $? = 0
configure:10992: result: yes
configure:10998: checking for sys/pidfd.h
configure:10998: gcc -c   conftest.c >&5
configure:10998: $? = 0
configure:10998: result: yes
configure:11004: checking for sys/poll.h
configure:11004: gcc -c   conftest.c >&5
configure:11004: $? = 0
configure:11004: result: yes
configure:11010: checking for sys/random.h
configure:11010: gcc -c   conftest.c >&5
configure:11010: $? = 0
configure:11010: result: yes
configure:11016: checking for sys/resource.h
configure:11016: gcc -c   conftest.c >&5
configure:11016: $? = 0
configure:11016: result: yes
configure:11022: checking for sys/select.h
configure:11022: gcc -c   conftest.c >&5
configure:11022: $? = 0
configure:11022: result: yes
configure:11028: checking for sys/sendfile.h
configure:11028: gcc -c   conftest.c >&5
configure:11028: $? = 0
configure:11028: result: yes
configure:11034: checking for sys/socket.h
configure:11034: gcc -c   conftest.c >&5
configure:11034: $? = 0
configure:11034: result: yes
configure:11040: checking for sys/soundcard.h
configure:11040: gcc -c   conftest.c >&5
configure:11040: $? = 0
configure:11040: result: yes
configure:11046: checking for sys/stat.h
configure:11046: result: yes
configure:11052: checking for sys/statvfs.h
configure:11052: gcc -c   conftest.c >&5
configure:11052: $? = 0
configure:11052: result: yes
configure:11058: checking for sys/sys_domain.h
configure:11058: gcc -c   conftest.c >&5
conftest.c:113:10: fatal error: sys/sys_domain.h: No such file or directory
  113 | #include <sys/sys_domain.h>
      |          ^~~~~~~~~~~~~~~~~~
compilation terminated.
configure:11058: $? = 1
configure: failed program was:
| /* confdefs.h */
| #define _NETBSD_SOURCE 1
| #define __BSD_VISIBLE 1
| #define _DARWIN_C_SOURCE 1
| #define _PYTHONFRAMEWORK ""
| #define _XOPEN_SOURCE 700
| #define _XOPEN_SOURCE_EXTENDED 1
| #define _POSIX_C_SOURCE 200809L
| #define HAVE_STDIO_H 1
| #define HAVE_STDLIB_H 1
| #define HAVE_STRING_H 1
| #define HAVE_INTTYPES_H 1
| #define HAVE_STDINT_H 1
| #define HAVE_STRINGS_H 1
| #define HAVE_SYS_STAT_H 1
| #define HAVE_SYS_TYPES_H 1
| #define HAVE_UNISTD_H 1
| #define HAVE_WCHAR_H 1
| #define STDC_HEADERS 1
| #define _ALL_SOURCE 1
| #define _DARWIN_C_SOURCE 1
| #define _GNU_SOURCE 1
| #define _HPUX_ALT_XOPEN_SOCKET_API 1
| #define _NETBSD_SOURCE 1
| #define _OPENBSD_SOURCE 1
| #define _POSIX_PTHREAD_SEMANTICS 1
| #define __STDC_WANT_IEC_60559_ATTRIBS_EXT__ 1
| #define __STDC_WANT_IEC_60559_BFP_EXT__ 1
| #define __STDC_WANT_IEC_60559_DFP_EXT__ 1
| #define __STDC_WANT_IEC_60559_FUNCS_EXT__ 1
| #define __STDC_WANT_IEC_60559_TYPES_EXT__ 1
| #define __STDC_WANT_LIB_EXT2__ 1
| #define __STDC_WANT_MATH_SPEC_FUNCS__ 1
| #define _TANDEM_SOURCE 1
| #define __EXTENSIONS__ 1
| #define PY_SUPPORT_TIER 1
| #define STDC_HEADERS 1
| #define HAVE_ALLOCA_H 1
| #define HAVE_ASM_TYPES_H 1
| #define HAVE_DLFCN_H 1
| #define HAVE_ENDIAN_H 1
| #define HAVE_ERRNO_H 1
| #define HAVE_FCNTL_H 1
| #define HAVE_GRP_H 1
| #define HAVE_LANGINFO_H 1
| #define HAVE_LIBINTL_H 1
| #define HAVE_LINUX_AUXVEC_H 1
| #define HAVE_SYS_AUXV_H 1
| #define HAVE_LINUX_FS_H 1
| #define HAVE_LINUX_LIMITS_H 1
| #define HAVE_LINUX_MEMFD_H 1
| #define HAVE_LINUX_RANDOM_H 1
| #define HAVE_LINUX_SOUNDCARD_H 1
| #define HAVE_LINUX_TIPC_H 1
| #define HAVE_LINUX_WAIT_H 1
| #define HAVE_NETDB_H 1
| #define HAVE_NET_ETHERNET_H 1
| #define HAVE_NETINET_IN_H 1
| #define HAVE_NETPACKET_PACKET_H 1
| #define HAVE_POLL_H 1
| #define HAVE_PTHREAD_H 1
| #define HAVE_PTY_H 1
| #define HAVE_SCHED_H 1
| #define HAVE_SETJMP_H 1
| #define HAVE_SHADOW_H 1
| #define HAVE_SIGNAL_H 1
| #define HAVE_SPAWN_H 1
| #define HAVE_SYS_EPOLL_H 1
| #define HAVE_SYS_EVENTFD_H 1
| #define HAVE_SYS_FILE_H 1
| #define HAVE_SYS_IOCTL_H 1
| #define HAVE_SYS_MMAN_H 1
| #define HAVE_SYS_PARAM_H 1
| #define HAVE_SYS_PIDFD_H 1
| #define HAVE_SYS_POLL_H 1
| #define HAVE_SYS_RANDOM_H 1
| #define HAVE_SYS_RESOURCE_H 1
| #define HAVE_SYS_SELECT_H 1
| #define HAVE_SYS_SENDFILE_H 1
| #define HAVE_SYS_SOCKET_H 1
| #define HAVE_SYS_SOUNDCARD_H 1
| #define HAVE_SYS_STAT_H 1
| #define HAVE_SYS_STATVFS_H 1
| /* end confdefs.h.  */
| #include <stddef.h>
| #ifdef HAVE_STDIO_H
| # include <stdio.h>
| #endif
| #ifdef HAVE_STDLIB_H
| # include <stdlib.h>
| #endif
| #ifdef HAVE_STRING_H
| # include <string.h>
| #endif
| #ifdef HAVE_INTTYPES_H
| # include <inttypes.h>
| #endif
| #ifdef HAVE_STDINT_H
| # include <stdint.h>
| #endif
| #ifdef HAVE_STRINGS_H
| # include <strings.h>
| #endif
| #ifdef HAVE_SYS_TYPES_H
| # include <sys/types.h>
| #endif
| #ifdef HAVE_SYS_STAT_H
| # include <sys/stat.h>
| #endif
| #ifdef HAVE_UNISTD_H
| # include <unistd.h>
| #endif
| #include <sys/sys_domain.h>
configure:11058: result: no
configure:11064: checking for sys/syscall.h
configure:11064: gcc -c   conftest.c >&5
configure:11064: $? = 0
configure:11064: result: yes
configure:11070: checking for sys/sysmacros.h
configure:11070: gcc -c   conftest.c >&5
configure:11070: $? = 0
configure:11070: result: yes
configure:11076: checking for sys/termio.h
configure:11076: gcc -c   conftest.c >&5
conftest.c:115:10: fatal error: sys/termio.h: No such file or directory
  115 | #include <sys/termio.h>
      |          ^~~~~~~~~~~~~~
compilation terminated.
configure:11076: $? = 1
configure: failed program was:
| /* confdefs.h */
| #define _NETBSD_SOURCE 1
| #define __BSD_VISIBLE 1
| #define _DARWIN_C_SOURCE 1
| #define _PYTHONFRAMEWORK ""
| #define _XOPEN_SOURCE 700
| #define _XOPEN_SOURCE_EXTENDED 1
| #define _POSIX_C_SOURCE 200809L
| #define HAVE_STDIO_H 1
| #define HAVE_STDLIB_H 1
| #define HAVE_STRING_H 1
| #define HAVE_INTTYPES_H 1
| #define HAVE_STDINT_H 1
| #define HAVE_STRINGS_H 1
| #define HAVE_SYS_STAT_H 1
| #define HAVE_SYS_TYPES_H 1
| #define HAVE_UNISTD_H 1
| #define HAVE_WCHAR_H 1
| #define STDC_HEADERS 1
| #define _ALL_SOURCE 1
| #define _DARWIN_C_SOURCE 1
| #define _GNU_SOURCE 1
| #define _HPUX_ALT_XOPEN_SOCKET_API 1
| #define _NETBSD_SOURCE 1
| #define _OPENBSD_SOURCE 1
| #define _POSIX_PTHREAD_SEMANTICS 1
| #define __STDC_WANT_IEC_60559_ATTRIBS_EXT__ 1
| #define __STDC_WANT_IEC_60559_BFP_EXT__ 1
| #define __STDC_WANT_IEC_60559_DFP_EXT__ 1
| #define __STDC_WANT_IEC_60559_FUNCS_EXT__ 1
| #define __STDC_WANT_IEC_60559_TYPES_EXT__ 1
| #define __STDC_WANT_LIB_EXT2__ 1
| #define __STDC_WANT_MATH_SPEC_FUNCS__ 1
| #define _TANDEM_SOURCE 1
| #define __EXTENSIONS__ 1
| #define PY_SUPPORT_TIER 1
| #define STDC_HEADERS 1
| #define HAVE_ALLOCA_H 1
| #define HAVE_ASM_TYPES_H 1
| #define HAVE_DLFCN_H 1
| #define HAVE_ENDIAN_H 1
| #define HAVE_ERRNO_H 1
| #define HAVE_FCNTL_H 1
| #define HAVE_GRP_H 1
| #define HAVE_LANGINFO_H 1
| #define HAVE_LIBINTL_H 1
| #define HAVE_LINUX_AUXVEC_H 1
| #define HAVE_SYS_AUXV_H 1
| #define HAVE_LINUX_FS_H 1
| #define HAVE_LINUX_LIMITS_H 1
| #define HAVE_LINUX_MEMFD_H 1
| #define HAVE_LINUX_RANDOM_H 1
| #define HAVE_LINUX_SOUNDCARD_H 1
| #define HAVE_LINUX_TIPC_H 1
| #define HAVE_LINUX_WAIT_H 1
| #define HAVE_NETDB_H 1
| #define HAVE_NET_ETHERNET_H 1
| #define HAVE_NETINET_IN_H 1
| #define HAVE_NETPACKET_PACKET_H 1
| #define HAVE_POLL_H 1
| #define HAVE_PTHREAD_H 1
| #define HAVE_PTY_H 1
| #define HAVE_SCHED_H 1
| #define HAVE_SETJMP_H 1
| #define HAVE_SHADOW_H 1
| #define HAVE_SIGNAL_H 1
| #define HAVE_SPAWN_H 1
| #define HAVE_SYS_EPOLL_H 1
| #define HAVE_SYS_EVENTFD_H 1
| #define HAVE_SYS_FILE_H 1
| #define HAVE_SYS_IOCTL_H 1
| #define HAVE_SYS_MMAN_H 1
| #define HAVE_SYS_PARAM_H 1
| #define HAVE_SYS_PIDFD_H 1
| #define HAVE_SYS_POLL_H 1
| #define HAVE_SYS_RANDOM_H 1
| #define HAVE_SYS_RESOURCE_H 1
| #define HAVE_SYS_SELECT_H 1
| #define HAVE_SYS_SENDFILE_H 1
| #define HAVE_SYS_SOCKET_H 1
| #define HAVE_SYS_SOUNDCARD_H 1
| #define HAVE_SYS_STAT_H 1
| #define HAVE_SYS_STATVFS_H 1
| #define HAVE_SYS_SYSCALL_H 1
| #define HAVE_SYS_SYSMACROS_H 1
| /* end confdefs.h.  */
| #include <stddef.h>
| #ifdef HAVE_STDIO_H
| # include <stdio.h>
| #endif
| #ifdef HAVE_STDLIB_H
| # include <stdlib.h>
| #endif
| #ifdef HAVE_STRING_H
| # include <string.h>
| #endif
| #ifdef HAVE_INTTYPES_H
| # include <inttypes.h>
| #endif
| #ifdef HAVE_STDINT_H
| # include <stdint.h>
| #endif
| #ifdef HAVE_STRINGS_H
| # include <strings.h>
| #endif
| #ifdef HAVE_SYS_TYPES_H
| # include <sys/types.h>
| #endif
| #ifdef HAVE_SYS_STAT_H
| # include <sys/stat.h>
| #endif
| #ifdef HAVE_UNISTD_H
| # include <unistd.h>
| #endif
| #include <sys/termio.h>
configure:11076: result: no
configure:11082: checking for sys/time.h
configure:11082: gcc -c   conftest.c >&5
configure:11082: $? = 0
configure:11082: result: yes
configure:11088: checking for sys/times.h
configure:11088: gcc -c   conftest.c >&5
configure:11088: $? = 0
configure:11088: result: yes
configure:11094: checking for sys/timerfd.h
configure:11094: gcc -c   conftest.c >&5
configure:11094: $? = 0
configure:11094: result: yes
configure:11100: checking for sys/types.h
configure:11100: result: yes
configure:11106: checking for sys/uio.h
configure:11106: gcc -c   conftest.c >&5
configure:11106: $? = 0
configure:11106: result: yes
configure:11112: checking for sys/un.h
configure:11112: gcc -c   conftest.c >&5
configure:11112: $? = 0
configure:11112: result: yes
configure:11118: checking for sys/utsname.h
configure:11118: gcc -c   conftest.c >&5
configure:11118: $? = 0
configure:11118: result: yes
configure:11124: checking for sys/wait.h
configure:11124: gcc -c   conftest.c >&5
configure:11124: $? = 0
configure:11124: result: yes
configure:11130: checking for sys/xattr.h
configure:11130: gcc -c   conftest.c >&5
configure:11130: $? = 0
configure:11130: result: yes
configure:11136: checking for sysexits.h
configure:11136: gcc -c   conftest.c >&5
configure:11136: $? = 0
configure:11136: result: yes
configure:11142: checking for syslog.h
configure:11142: gcc -c   conftest.c >&5
configure:11142: $? = 0
configure:11142: result: yes
configure:11148: checking for termios.h
configure:11148: gcc -c   conftest.c >&5
configure:11148: $? = 0
configure:11148: result: yes
configure:11154: checking for util.h
configure:11154: gcc -c   conftest.c >&5
conftest.c:127:10: fatal error: util.h: No such file or directory
  127 | #include <util.h>
      |          ^~~~~~~~
compilation terminated.
configure:11154: $? = 1
configure: failed program was:
| /* confdefs.h */
| #define _NETBSD_SOURCE 1
| #define __BSD_VISIBLE 1
| #define _DARWIN_C_SOURCE 1
| #define _PYTHONFRAMEWORK ""
| #define _XOPEN_SOURCE 700
| #define _XOPEN_SOURCE_EXTENDED 1
| #define _POSIX_C_SOURCE 200809L
| #define HAVE_STDIO_H 1
| #define HAVE_STDLIB_H 1
| #define HAVE_STRING_H 1
| #define HAVE_INTTYPES_H 1
| #define HAVE_STDINT_H 1
| #define HAVE_STRINGS_H 1
| #define HAVE_SYS_STAT_H 1
| #define HAVE_SYS_TYPES_H 1
| #define HAVE_UNISTD_H 1
| #define HAVE_WCHAR_H 1
| #define STDC_HEADERS 1
| #define _ALL_SOURCE 1
| #define _DARWIN_C_SOURCE 1
| #define _GNU_SOURCE 1
| #define _HPUX_ALT_XOPEN_SOCKET_API 1
| #define _NETBSD_SOURCE 1
| #define _OPENBSD_SOURCE 1
| #define _POSIX_PTHREAD_SEMANTICS 1
| #define __STDC_WANT_IEC_60559_ATTRIBS_EXT__ 1
| #define __STDC_WANT_IEC_60559_BFP_EXT__ 1
| #define __STDC_WANT_IEC_60559_DFP_EXT__ 1
| #define __STDC_WANT_IEC_60559_FUNCS_EXT__ 1
| #define __STDC_WANT_IEC_60559_TYPES_EXT__ 1
| #define __STDC_WANT_LIB_EXT2__ 1
| #define __STDC_WANT_MATH_SPEC_FUNCS__ 1
| #define _TANDEM_SOURCE 1
| #define __EXTENSIONS__ 1
| #define PY_SUPPORT_TIER 1
| #define STDC_HEADERS 1
| #define HAVE_ALLOCA_H 1
| #define HAVE_ASM_TYPES_H 1
| #define HAVE_DLFCN_H 1
| #define HAVE_ENDIAN_H 1
| #define HAVE_ERRNO_H 1
| #define HAVE_FCNTL_H 1
| #define HAVE_GRP_H 1
| #define HAVE_LANGINFO_H 1
| #define HAVE_LIBINTL_H 1
| #define HAVE_LINUX_AUXVEC_H 1
| #define HAVE_SYS_AUXV_H 1
| #define HAVE_LINUX_FS_H 1
| #define HAVE_LINUX_LIMITS_H 1
| #define HAVE_LINUX_MEMFD_H 1
| #define HAVE_LINUX_RANDOM_H 1
| #define HAVE_LINUX_SOUNDCARD_H 1
| #define HAVE_LINUX_TIPC_H 1
| #define HAVE_LINUX_WAIT_H 1
| #define HAVE_NETDB_H 1
| #define HAVE_NET_ETHERNET_H 1
| #define HAVE_NETINET_IN_H 1
| #define HAVE_NETPACKET_PACKET_H 1
| #define HAVE_POLL_H 1
| #define HAVE_PTHREAD_H 1
| #define HAVE_PTY_H 1
| #define HAVE_SCHED_H 1
| #define HAVE_SETJMP_H 1
| #define HAVE_SHADOW_H 1
| #define HAVE_SIGNAL_H 1
| #define HAVE_SPAWN_H 1
| #define HAVE_SYS_EPOLL_H 1
| #define HAVE_SYS_EVENTFD_H 1
| #define HAVE_SYS_FILE_H 1
| #define HAVE_SYS_IOCTL_H 1
| #define HAVE_SYS_MMAN_H 1
| #define HAVE_SYS_PARAM_H 1
| #define HAVE_SYS_PIDFD_H 1
| #define HAVE_SYS_POLL_H 1
| #define HAVE_SYS_RANDOM_H 1
| #define HAVE_SYS_RESOURCE_H 1
| #define HAVE_SYS_SELECT_H 1
| #define HAVE_SYS_SENDFILE_H 1
| #define HAVE_SYS_SOCKET_H 1
| #define HAVE_SYS_SOUNDCARD_H 1
| #define HAVE_SYS_STAT_H 1
| #define HAVE_SYS_STATVFS_H 1
| #define HAVE_SYS_SYSCALL_H 1
| #define HAVE_SYS_SYSMACROS_H 1
| #define HAVE_SYS_TIME_H 1
| #define HAVE_SYS_TIMES_H 1
| #define HAVE_SYS_TIMERFD_H 1
| #define HAVE_SYS_TYPES_H 1
| #define HAVE_SYS_UIO_H 1
| #define HAVE_SYS_UN_H 1
| #define HAVE_SYS_UTSNAME_H 1
| #define HAVE_SYS_WAIT_H 1
| #define HAVE_SYS_XATTR_H 1
| #define HAVE_SYSEXITS_H 1
| #define HAVE_SYSLOG_H 1
| #define HAVE_TERMIOS_H 1
| /* end confdefs.h.  */
| #include <stddef.h>
| #ifdef HAVE_STDIO_H
| # include <stdio.h>
| #endif
| #ifdef HAVE_STDLIB_H
| # include <stdlib.h>
| #endif
| #ifdef HAVE_STRING_H
| # include <string.h>
| #endif
| #ifdef HAVE_INTTYPES_H
| # include <inttypes.h>
| #endif
| #ifdef HAVE_STDINT_H
| # include <stdint.h>
| #endif
| #ifdef HAVE_STRINGS_H
| # include <strings.h>
| #endif
| #ifdef HAVE_SYS_TYPES_H
| # include <sys/types.h>
| #endif
| #ifdef HAVE_SYS_STAT_H
| # include <sys/stat.h>
| #endif
| #ifdef HAVE_UNISTD_H
| # include <unistd.h>
| #endif
| #include <util.h>
configure:11154: result: no
configure:11160: checking for utime.h
configure:11160: gcc -c   conftest.c >&5
configure:11160: $? = 0
configure:11160: result: yes
configure:11166: checking for utmp.h
configure:11166: gcc -c   conftest.c >&5
configure:11166: $? = 0
configure:11166: result: yes
configure:11176: checking for dirent.h that defines DIR
configure:11196: gcc -c   conftest.c >&5
configure:11196: $? = 0
configure:11205: result: yes
configure:11219: checking for library containing opendir
configure:11249: gcc -o conftest    conftest.c  >&5
configure:11249: $? = 0
configure:11269: result: none required
configure:11341: checking for sys/mkdev.h
configure:11341: result: no
configure:11350: checking for sys/sysmacros.h
configure:11350: result: yes
configure:11365: checking for bluetooth/bluetooth.h
configure:11365: gcc -c -std=c99   conftest.c >&5
conftest.c:131:10: fatal error: bluetooth/bluetooth.h: No such file or directory
  131 | #include <bluetooth/bluetooth.h>
      |          ^~~~~~~~~~~~~~~~~~~~~~~
compilation terminated.
configure:11365: $? = 1
configure: failed program was:
| /* confdefs.h */
| #define _NETBSD_SOURCE 1
| #define __BSD_VISIBLE 1
| #define _DARWIN_C_SOURCE 1
| #define _PYTHONFRAMEWORK ""
| #define _XOPEN_SOURCE 700
| #define _XOPEN_SOURCE_EXTENDED 1
| #define _POSIX_C_SOURCE 200809L
| #define HAVE_STDIO_H 1
| #define HAVE_STDLIB_H 1
| #define HAVE_STRING_H 1
| #define HAVE_INTTYPES_H 1
| #define HAVE_STDINT_H 1
| #define HAVE_STRINGS_H 1
| #define HAVE_SYS_STAT_H 1
| #define HAVE_SYS_TYPES_H 1
| #define HAVE_UNISTD_H 1
| #define HAVE_WCHAR_H 1
| #define STDC_HEADERS 1
| #define _ALL_SOURCE 1
| #define _DARWIN_C_SOURCE 1
| #define _GNU_SOURCE 1
| #define _HPUX_ALT_XOPEN_SOCKET_API 1
| #define _NETBSD_SOURCE 1
| #define _OPENBSD_SOURCE 1
| #define _POSIX_PTHREAD_SEMANTICS 1
| #define __STDC_WANT_IEC_60559_ATTRIBS_EXT__ 1
| #define __STDC_WANT_IEC_60559_BFP_EXT__ 1
| #define __STDC_WANT_IEC_60559_DFP_EXT__ 1
| #define __STDC_WANT_IEC_60559_FUNCS_EXT__ 1
| #define __STDC_WANT_IEC_60559_TYPES_EXT__ 1
| #define __STDC_WANT_LIB_EXT2__ 1
| #define __STDC_WANT_MATH_SPEC_FUNCS__ 1
| #define _TANDEM_SOURCE 1
| #define __EXTENSIONS__ 1
| #define PY_SUPPORT_TIER 1
| #define STDC_HEADERS 1
| #define HAVE_ALLOCA_H 1
| #define HAVE_ASM_TYPES_H 1
| #define HAVE_DLFCN_H 1
| #define HAVE_ENDIAN_H 1
| #define HAVE_ERRNO_H 1
| #define HAVE_FCNTL_H 1
| #define HAVE_GRP_H 1
| #define HAVE_LANGINFO_H 1
| #define HAVE_LIBINTL_H 1
| #define HAVE_LINUX_AUXVEC_H 1
| #define HAVE_SYS_AUXV_H 1
| #define HAVE_LINUX_FS_H 1
| #define HAVE_LINUX_LIMITS_H 1
| #define HAVE_LINUX_MEMFD_H 1
| #define HAVE_LINUX_RANDOM_H 1
| #define HAVE_LINUX_SOUNDCARD_H 1
| #define HAVE_LINUX_TIPC_H 1
| #define HAVE_LINUX_WAIT_H 1
| #define HAVE_NETDB_H 1
| #define HAVE_NET_ETHERNET_H 1
| #define HAVE_NETINET_IN_H 1
| #define HAVE_NETPACKET_PACKET_H 1
| #define HAVE_POLL_H 1
| #define HAVE_PTHREAD_H 1
| #define HAVE_PTY_H 1
| #define HAVE_SCHED_H 1
| #define HAVE_SETJMP_H 1
| #define HAVE_SHADOW_H 1
| #define HAVE_SIGNAL_H 1
| #define HAVE_SPAWN_H 1
| #define HAVE_SYS_EPOLL_H 1
| #define HAVE_SYS_EVENTFD_H 1
| #define HAVE_SYS_FILE_H 1
| #define HAVE_SYS_IOCTL_H 1
| #define HAVE_SYS_MMAN_H 1
| #define HAVE_SYS_PARAM_H 1
| #define HAVE_SYS_PIDFD_H 1
| #define HAVE_SYS_POLL_H 1
| #define HAVE_SYS_RANDOM_H 1
| #define HAVE_SYS_RESOURCE_H 1
| #define HAVE_SYS_SELECT_H 1
| #define HAVE_SYS_SENDFILE_H 1
| #define HAVE_SYS_SOCKET_H 1
| #define HAVE_SYS_SOUNDCARD_H 1
| #define HAVE_SYS_STAT_H 1
| #define HAVE_SYS_STATVFS_H 1
| #define HAVE_SYS_SYSCALL_H 1
| #define HAVE_SYS_SYSMACROS_H 1
| #define HAVE_SYS_TIME_H 1
| #define HAVE_SYS_TIMES_H 1
| #define HAVE_SYS_TIMERFD_H 1
| #define HAVE_SYS_TYPES_H 1
| #define HAVE_SYS_UIO_H 1
| #define HAVE_SYS_UN_H 1
| #define HAVE_SYS_UTSNAME_H 1
| #define HAVE_SYS_WAIT_H 1
| #define HAVE_SYS_XATTR_H 1
| #define HAVE_SYSEXITS_H 1
| #define HAVE_SYSLOG_H 1
| #define HAVE_TERMIOS_H 1
| #define HAVE_UTIME_H 1
| #define HAVE_UTMP_H 1
| #define HAVE_DIRENT_H 1
| #define MAJOR_IN_SYSMACROS 1
| /* end confdefs.h.  */
| #include <stddef.h>
| #ifdef HAVE_STDIO_H
| # include <stdio.h>
| #endif
| #ifdef HAVE_STDLIB_H
| # include <stdlib.h>
| #endif
| #ifdef HAVE_STRING_H
| # include <string.h>
| #endif
| #ifdef HAVE_INTTYPES_H
| # include <inttypes.h>
| #endif
| #ifdef HAVE_STDINT_H
| # include <stdint.h>
| #endif
| #ifdef HAVE_STRINGS_H
| # include <strings.h>
| #endif
| #ifdef HAVE_SYS_TYPES_H
| # include <sys/types.h>
| #endif
| #ifdef HAVE_SYS_STAT_H
| # include <sys/stat.h>
| #endif
| #ifdef HAVE_UNISTD_H
| # include <unistd.h>
| #endif
| #include <bluetooth/bluetooth.h>
configure:11365: result: no
configure:11375: checking for net/if.h
configure:11375: gcc -c   conftest.c >&5
configure:11375: $? = 0
configure:11375: result: yes
configure:11392: checking for linux/netlink.h
configure:11392: gcc -c   conftest.c >&5
configure:11392: $? = 0
configure:11392: result: yes
configure:11406: checking for netlink/netlink.h
configure:11406: gcc -c   conftest.c >&5
conftest.c:114:10: fatal error: netlink/netlink.h: No such file or directory
  114 | #include <netlink/netlink.h>
      |          ^~~~~~~~~~~~~~~~~~~
compilation terminated.
configure:11406: $? = 1
configure: failed program was:
| /* confdefs.h */
| #define _NETBSD_SOURCE 1
| #define __BSD_VISIBLE 1
| #define _DARWIN_C_SOURCE 1
| #define _PYTHONFRAMEWORK ""
| #define _XOPEN_SOURCE 700
| #define _XOPEN_SOURCE_EXTENDED 1
| #define _POSIX_C_SOURCE 200809L
| #define HAVE_STDIO_H 1
| #define HAVE_STDLIB_H 1
| #define HAVE_STRING_H 1
| #define HAVE_INTTYPES_H 1
| #define HAVE_STDINT_H 1
| #define HAVE_STRINGS_H 1
| #define HAVE_SYS_STAT_H 1
| #define HAVE_SYS_TYPES_H 1
| #define HAVE_UNISTD_H 1
| #define HAVE_WCHAR_H 1
| #define STDC_HEADERS 1
| #define _ALL_SOURCE 1
| #define _DARWIN_C_SOURCE 1
| #define _GNU_SOURCE 1
| #define _HPUX_ALT_XOPEN_SOCKET_API 1
| #define _NETBSD_SOURCE 1
| #define _OPENBSD_SOURCE 1
| #define _POSIX_PTHREAD_SEMANTICS 1
| #define __STDC_WANT_IEC_60559_ATTRIBS_EXT__ 1
| #define __STDC_WANT_IEC_60559_BFP_EXT__ 1
| #define __STDC_WANT_IEC_60559_DFP_EXT__ 1
| #define __STDC_WANT_IEC_60559_FUNCS_EXT__ 1
| #define __STDC_WANT_IEC_60559_TYPES_EXT__ 1
| #define __STDC_WANT_LIB_EXT2__ 1
| #define __STDC_WANT_MATH_SPEC_FUNCS__ 1
| #define _TANDEM_SOURCE 1
| #define __EXTENSIONS__ 1
| #define PY_SUPPORT_TIER 1
| #define STDC_HEADERS 1
| #define HAVE_ALLOCA_H 1
| #define HAVE_ASM_TYPES_H 1
| #define HAVE_DLFCN_H 1
| #define HAVE_ENDIAN_H 1
| #define HAVE_ERRNO_H 1
| #define HAVE_FCNTL_H 1
| #define HAVE_GRP_H 1
| #define HAVE_LANGINFO_H 1
| #define HAVE_LIBINTL_H 1
| #define HAVE_LINUX_AUXVEC_H 1
| #define HAVE_SYS_AUXV_H 1
| #define HAVE_LINUX_FS_H 1
| #define HAVE_LINUX_LIMITS_H 1
| #define HAVE_LINUX_MEMFD_H 1
| #define HAVE_LINUX_RANDOM_H 1
| #define HAVE_LINUX_SOUNDCARD_H 1
| #define HAVE_LINUX_TIPC_H 1
| #define HAVE_LINUX_WAIT_H 1
| #define HAVE_NETDB_H 1
| #define HAVE_NET_ETHERNET_H 1
| #define HAVE_NETINET_IN_H 1
| #define HAVE_NETPACKET_PACKET_H 1
| #define HAVE_POLL_H 1
| #define HAVE_PTHREAD_H 1
| #define HAVE_PTY_H 1
| #define HAVE_SCHED_H 1
| #define HAVE_SETJMP_H 1
| #define HAVE_SHADOW_H 1
| #define HAVE_SIGNAL_H 1
| #define HAVE_SPAWN_H 1
| #define HAVE_SYS_EPOLL_H 1
| #define HAVE_SYS_EVENTFD_H 1
| #define HAVE_SYS_FILE_H 1
| #define HAVE_SYS_IOCTL_H 1
| #define HAVE_SYS_MMAN_H 1
| #define HAVE_SYS_PARAM_H 1
| #define HAVE_SYS_PIDFD_H 1
| #define HAVE_SYS_POLL_H 1
| #define HAVE_SYS_RANDOM_H 1
| #define HAVE_SYS_RESOURCE_H 1
| #define HAVE_SYS_SELECT_H 1
| #define HAVE_SYS_SENDFILE_H 1
| #define HAVE_SYS_SOCKET_H 1
| #define HAVE_SYS_SOUNDCARD_H 1
| #define HAVE_SYS_STAT_H 1
| #define HAVE_SYS_STATVFS_H 1
| #define HAVE_SYS_SYSCALL_H 1
| #define HAVE_SYS_SYSMACROS_H 1
| #define HAVE_SYS_TIME_H 1
| #define HAVE_SYS_TIMES_H 1
| #define HAVE_SYS_TIMERFD_H 1
| #define HAVE_SYS_TYPES_H 1
| #define HAVE_SYS_UIO_H 1
| #define HAVE_SYS_UN_H 1
| #define HAVE_SYS_UTSNAME_H 1
| #define HAVE_SYS_WAIT_H 1
| #define HAVE_SYS_XATTR_H 1
| #define HAVE_SYSEXITS_H 1
| #define HAVE_SYSLOG_H 1
| #define HAVE_TERMIOS_H 1
| #define HAVE_UTIME_H 1
| #define HAVE_UTMP_H 1
| #define HAVE_DIRENT_H 1
| #define MAJOR_IN_SYSMACROS 1
| #define HAVE_NET_IF_H 1
| #define HAVE_LINUX_NETLINK_H 1
| /* end confdefs.h.  */
| 
| #ifdef HAVE_ASM_TYPES_H
| #include <asm/types.h>
| #endif
| #ifdef HAVE_SYS_SOCKET_H
| #include <sys/socket.h>
| #endif
| 
| 
| #include <netlink/netlink.h>
configure:11406: result: no
configure:11423: checking for linux/qrtr.h
configure:11423: gcc -c   conftest.c >&5
configure:11423: $? = 0
configure:11423: result: yes
configure:11439: checking for linux/vm_sockets.h
configure:11439: gcc -c   conftest.c >&5
configure:11439: $? = 0
configure:11439: result: yes
configure:11454: checking for linux/can.h
configure:11454: gcc -c   conftest.c >&5
configure:11454: $? = 0
configure:11454: result: yes
configure:11465: checking for linux/can/bcm.h
configure:11465: gcc -c   conftest.c >&5
configure:11465: $? = 0
configure:11465: result: yes
configure:11476: checking for linux/can/j1939.h
configure:11476: gcc -c   conftest.c >&5
configure:11476: $? = 0
configure:11476: result: yes
configure:11487: checking for linux/can/raw.h
configure:11487: gcc -c   conftest.c >&5
configure:11487: $? = 0
configure:11487: result: yes
configure:11498: checking for netcan/can.h
configure:11498: gcc -c   conftest.c >&5
conftest.c:117:10: fatal error: netcan/can.h: No such file or directory
  117 | #include <netcan/can.h>
      |          ^~~~~~~~~~~~~~
compilation terminated.
configure:11498: $? = 1
configure: failed program was:
| /* confdefs.h */
| #define _NETBSD_SOURCE 1
| #define __BSD_VISIBLE 1
| #define _DARWIN_C_SOURCE 1
| #define _PYTHONFRAMEWORK ""
| #define _XOPEN_SOURCE 700
| #define _XOPEN_SOURCE_EXTENDED 1
| #define _POSIX_C_SOURCE 200809L
| #define HAVE_STDIO_H 1
| #define HAVE_STDLIB_H 1
| #define HAVE_STRING_H 1
| #define HAVE_INTTYPES_H 1
| #define HAVE_STDINT_H 1
| #define HAVE_STRINGS_H 1
| #define HAVE_SYS_STAT_H 1
| #define HAVE_SYS_TYPES_H 1
| #define HAVE_UNISTD_H 1
| #define HAVE_WCHAR_H 1
| #define STDC_HEADERS 1
| #define _ALL_SOURCE 1
| #define _DARWIN_C_SOURCE 1
| #define _GNU_SOURCE 1
| #define _HPUX_ALT_XOPEN_SOCKET_API 1
| #define _NETBSD_SOURCE 1
| #define _OPENBSD_SOURCE 1
| #define _POSIX_PTHREAD_SEMANTICS 1
| #define __STDC_WANT_IEC_60559_ATTRIBS_EXT__ 1
| #define __STDC_WANT_IEC_60559_BFP_EXT__ 1
| #define __STDC_WANT_IEC_60559_DFP_EXT__ 1
| #define __STDC_WANT_IEC_60559_FUNCS_EXT__ 1
| #define __STDC_WANT_IEC_60559_TYPES_EXT__ 1
| #define __STDC_WANT_LIB_EXT2__ 1
| #define __STDC_WANT_MATH_SPEC_FUNCS__ 1
| #define _TANDEM_SOURCE 1
| #define __EXTENSIONS__ 1
| #define PY_SUPPORT_TIER 1
| #define STDC_HEADERS 1
| #define HAVE_ALLOCA_H 1
| #define HAVE_ASM_TYPES_H 1
| #define HAVE_DLFCN_H 1
| #define HAVE_ENDIAN_H 1
| #define HAVE_ERRNO_H 1
| #define HAVE_FCNTL_H 1
| #define HAVE_GRP_H 1
| #define HAVE_LANGINFO_H 1
| #define HAVE_LIBINTL_H 1
| #define HAVE_LINUX_AUXVEC_H 1
| #define HAVE_SYS_AUXV_H 1
| #define HAVE_LINUX_FS_H 1
| #define HAVE_LINUX_LIMITS_H 1
| #define HAVE_LINUX_MEMFD_H 1
| #define HAVE_LINUX_RANDOM_H 1
| #define HAVE_LINUX_SOUNDCARD_H 1
| #define HAVE_LINUX_TIPC_H 1
| #define HAVE_LINUX_WAIT_H 1
| #define HAVE_NETDB_H 1
| #define HAVE_NET_ETHERNET_H 1
| #define HAVE_NETINET_IN_H 1
| #define HAVE_NETPACKET_PACKET_H 1
| #define HAVE_POLL_H 1
| #define HAVE_PTHREAD_H 1
| #define HAVE_PTY_H 1
| #define HAVE_SCHED_H 1
| #define HAVE_SETJMP_H 1
| #define HAVE_SHADOW_H 1
| #define HAVE_SIGNAL_H 1
| #define HAVE_SPAWN_H 1
| #define HAVE_SYS_EPOLL_H 1
| #define HAVE_SYS_EVENTFD_H 1
| #define HAVE_SYS_FILE_H 1
| #define HAVE_SYS_IOCTL_H 1
| #define HAVE_SYS_MMAN_H 1
| #define HAVE_SYS_PARAM_H 1
| #define HAVE_SYS_PIDFD_H 1
| #define HAVE_SYS_POLL_H 1
| #define HAVE_SYS_RANDOM_H 1
| #define HAVE_SYS_RESOURCE_H 1
| #define HAVE_SYS_SELECT_H 1
| #define HAVE_SYS_SENDFILE_H 1
| #define HAVE_SYS_SOCKET_H 1
| #define HAVE_SYS_SOUNDCARD_H 1
| #define HAVE_SYS_STAT_H 1
| #define HAVE_SYS_STATVFS_H 1
| #define HAVE_SYS_SYSCALL_H 1
| #define HAVE_SYS_SYSMACROS_H 1
| #define HAVE_SYS_TIME_H 1
| #define HAVE_SYS_TIMES_H 1
| #define HAVE_SYS_TIMERFD_H 1
| #define HAVE_SYS_TYPES_H 1
| #define HAVE_SYS_UIO_H 1
| #define HAVE_SYS_UN_H 1
| #define HAVE_SYS_UTSNAME_H 1
| #define HAVE_SYS_WAIT_H 1
| #define HAVE_SYS_XATTR_H 1
| #define HAVE_SYSEXITS_H 1
| #define HAVE_SYSLOG_H 1
| #define HAVE_TERMIOS_H 1
| #define HAVE_UTIME_H 1
| #define HAVE_UTMP_H 1
| #define HAVE_DIRENT_H 1
| #define MAJOR_IN_SYSMACROS 1
| #define HAVE_NET_IF_H 1
| #define HAVE_LINUX_NETLINK_H 1
| #define HAVE_LINUX_QRTR_H 1
| #define HAVE_LINUX_VM_SOCKETS_H 1
| #define HAVE_LINUX_CAN_H 1
| #define HAVE_LINUX_CAN_BCM_H 1
| #define HAVE_LINUX_CAN_J1939_H 1
| #define HAVE_LINUX_CAN_RAW_H 1
| /* end confdefs.h.  */
| 
| #ifdef HAVE_SYS_SOCKET_H
| #include <sys/socket.h>
| #endif
| 
| 
| #include <netcan/can.h>
configure:11498: result: no
configure:11512: checking for clock_t
configure:11512: gcc -c   conftest.c >&5
configure:11512: $? = 0
configure:11512: gcc -c   conftest.c >&5
conftest.c: In function 'main':
conftest.c:116:22: error: expected expression before ')' token
  116 | if (sizeof ((clock_t)))
      |                      ^
configure:11512: $? = 1
configure: failed program was:
| /* confdefs.h */
| #define _NETBSD_SOURCE 1
| #define __BSD_VISIBLE 1
| #define _DARWIN_C_SOURCE 1
| #define _PYTHONFRAMEWORK ""
| #define _XOPEN_SOURCE 700
| #define _XOPEN_SOURCE_EXTENDED 1
| #define _POSIX_C_SOURCE 200809L
| #define HAVE_STDIO_H 1
| #define HAVE_STDLIB_H 1
| #define HAVE_STRING_H 1
| #define HAVE_INTTYPES_H 1
| #define HAVE_STDINT_H 1
| #define HAVE_STRINGS_H 1
| #define HAVE_SYS_STAT_H 1
| #define HAVE_SYS_TYPES_H 1
| #define HAVE_UNISTD_H 1
| #define HAVE_WCHAR_H 1
| #define STDC_HEADERS 1
| #define _ALL_SOURCE 1
| #define _DARWIN_C_SOURCE 1
| #define _GNU_SOURCE 1
| #define _HPUX_ALT_XOPEN_SOCKET_API 1
| #define _NETBSD_SOURCE 1
| #define _OPENBSD_SOURCE 1
| #define _POSIX_PTHREAD_SEMANTICS 1
| #define __STDC_WANT_IEC_60559_ATTRIBS_EXT__ 1
| #define __STDC_WANT_IEC_60559_BFP_EXT__ 1
| #define __STDC_WANT_IEC_60559_DFP_EXT__ 1
| #define __STDC_WANT_IEC_60559_FUNCS_EXT__ 1
| #define __STDC_WANT_IEC_60559_TYPES_EXT__ 1
| #define __STDC_WANT_LIB_EXT2__ 1
| #define __STDC_WANT_MATH_SPEC_FUNCS__ 1
| #define _TANDEM_SOURCE 1
| #define __EXTENSIONS__ 1
| #define PY_SUPPORT_TIER 1
| #define STDC_HEADERS 1
| #define HAVE_ALLOCA_H 1
| #define HAVE_ASM_TYPES_H 1
| #define HAVE_DLFCN_H 1
| #define HAVE_ENDIAN_H 1
| #define HAVE_ERRNO_H 1
| #define HAVE_FCNTL_H 1
| #define HAVE_GRP_H 1
| #define HAVE_LANGINFO_H 1
| #define HAVE_LIBINTL_H 1
| #define HAVE_LINUX_AUXVEC_H 1
| #define HAVE_SYS_AUXV_H 1
| #define HAVE_LINUX_FS_H 1
| #define HAVE_LINUX_LIMITS_H 1
| #define HAVE_LINUX_MEMFD_H 1
| #define HAVE_LINUX_RANDOM_H 1
| #define HAVE_LINUX_SOUNDCARD_H 1
| #define HAVE_LINUX_TIPC_H 1
| #define HAVE_LINUX_WAIT_H 1
| #define HAVE_NETDB_H 1
| #define HAVE_NET_ETHERNET_H 1
| #define HAVE_NETINET_IN_H 1
| #define HAVE_NETPACKET_PACKET_H 1
| #define HAVE_POLL_H 1
| #define HAVE_PTHREAD_H 1
| #define HAVE_PTY_H 1
| #define HAVE_SCHED_H 1
| #define HAVE_SETJMP_H 1
| #define HAVE_SHADOW_H 1
| #define HAVE_SIGNAL_H 1
| #define HAVE_SPAWN_H 1
| #define HAVE_SYS_EPOLL_H 1
| #define HAVE_SYS_EVENTFD_H 1
| #define HAVE_SYS_FILE_H 1
| #define HAVE_SYS_IOCTL_H 1
| #define HAVE_SYS_MMAN_H 1
| #define HAVE_SYS_PARAM_H 1
| #define HAVE_SYS_PIDFD_H 1
| #define HAVE_SYS_POLL_H 1
| #define HAVE_SYS_RANDOM_H 1
| #define HAVE_SYS_RESOURCE_H 1
| #define HAVE_SYS_SELECT_H 1
| #define HAVE_SYS_SENDFILE_H 1
| #define HAVE_SYS_SOCKET_H 1
| #define HAVE_SYS_SOUNDCARD_H 1
| #define HAVE_SYS_STAT_H 1
| #define HAVE_SYS_STATVFS_H 1
| #define HAVE_SYS_SYSCALL_H 1
| #define HAVE_SYS_SYSMACROS_H 1
| #define HAVE_SYS_TIME_H 1
| #define HAVE_SYS_TIMES_H 1
| #define HAVE_SYS_TIMERFD_H 1
| #define HAVE_SYS_TYPES_H 1
| #define HAVE_SYS_UIO_H 1
| #define HAVE_SYS_UN_H 1
| #define HAVE_SYS_UTSNAME_H 1
| #define HAVE_SYS_WAIT_H 1
| #define HAVE_SYS_XATTR_H 1
| #define HAVE_SYSEXITS_H 1
| #define HAVE_SYSLOG_H 1
| #define HAVE_TERMIOS_H 1
| #define HAVE_UTIME_H 1
| #define HAVE_UTMP_H 1
| #define HAVE_DIRENT_H 1
| #define MAJOR_IN_SYSMACROS 1
| #define HAVE_NET_IF_H 1
| #define HAVE_LINUX_NETLINK_H 1
| #define HAVE_LINUX_QRTR_H 1
| #define HAVE_LINUX_VM_SOCKETS_H 1
| #define HAVE_LINUX_CAN_H 1
| #define HAVE_LINUX_CAN_BCM_H 1
| #define HAVE_LINUX_CAN_J1939_H 1
| #define HAVE_LINUX_CAN_RAW_H 1
| /* end confdefs.h.  */
| #include <time.h>
| 
| int
| main (void)
| {
| if (sizeof ((clock_t)))
| 	    return 0;
|   ;
|   return 0;
| }
configure:11512: result: yes
configure:11527: checking for makedev
configure:11555: gcc -o conftest    conftest.c  >&5
configure:11555: $? = 0
configure:11565: result: yes
configure:11578: checking for le64toh
configure:11604: gcc -o conftest    conftest.c  >&5
configure:11604: $? = 0
configure:11614: result: yes
configure:11658: checking for mode_t
configure:11658: gcc -c   conftest.c >&5
configure:11658: $? = 0
configure:11658: gcc -c   conftest.c >&5
conftest.c: In function 'main':
conftest.c:150:21: error: expected expression before ')' token
  150 | if (sizeof ((mode_t)))
      |                     ^
configure:11658: $? = 1
configure: failed program was:
| /* confdefs.h */
| #define _NETBSD_SOURCE 1
| #define __BSD_VISIBLE 1
| #define _DARWIN_C_SOURCE 1
| #define _PYTHONFRAMEWORK ""
| #define _XOPEN_SOURCE 700
| #define _XOPEN_SOURCE_EXTENDED 1
| #define _POSIX_C_SOURCE 200809L
| #define HAVE_STDIO_H 1
| #define HAVE_STDLIB_H 1
| #define HAVE_STRING_H 1
| #define HAVE_INTTYPES_H 1
| #define HAVE_STDINT_H 1
| #define HAVE_STRINGS_H 1
| #define HAVE_SYS_STAT_H 1
| #define HAVE_SYS_TYPES_H 1
| #define HAVE_UNISTD_H 1
| #define HAVE_WCHAR_H 1
| #define STDC_HEADERS 1
| #define _ALL_SOURCE 1
| #define _DARWIN_C_SOURCE 1
| #define _GNU_SOURCE 1
| #define _HPUX_ALT_XOPEN_SOCKET_API 1
| #define _NETBSD_SOURCE 1
| #define _OPENBSD_SOURCE 1
| #define _POSIX_PTHREAD_SEMANTICS 1
| #define __STDC_WANT_IEC_60559_ATTRIBS_EXT__ 1
| #define __STDC_WANT_IEC_60559_BFP_EXT__ 1
| #define __STDC_WANT_IEC_60559_DFP_EXT__ 1
| #define __STDC_WANT_IEC_60559_FUNCS_EXT__ 1
| #define __STDC_WANT_IEC_60559_TYPES_EXT__ 1
| #define __STDC_WANT_LIB_EXT2__ 1
| #define __STDC_WANT_MATH_SPEC_FUNCS__ 1
| #define _TANDEM_SOURCE 1
| #define __EXTENSIONS__ 1
| #define PY_SUPPORT_TIER 1
| #define STDC_HEADERS 1
| #define HAVE_ALLOCA_H 1
| #define HAVE_ASM_TYPES_H 1
| #define HAVE_DLFCN_H 1
| #define HAVE_ENDIAN_H 1
| #define HAVE_ERRNO_H 1
| #define HAVE_FCNTL_H 1
| #define HAVE_GRP_H 1
| #define HAVE_LANGINFO_H 1
| #define HAVE_LIBINTL_H 1
| #define HAVE_LINUX_AUXVEC_H 1
| #define HAVE_SYS_AUXV_H 1
| #define HAVE_LINUX_FS_H 1
| #define HAVE_LINUX_LIMITS_H 1
| #define HAVE_LINUX_MEMFD_H 1
| #define HAVE_LINUX_RANDOM_H 1
| #define HAVE_LINUX_SOUNDCARD_H 1
| #define HAVE_LINUX_TIPC_H 1
| #define HAVE_LINUX_WAIT_H 1
| #define HAVE_NETDB_H 1
| #define HAVE_NET_ETHERNET_H 1
| #define HAVE_NETINET_IN_H 1
| #define HAVE_NETPACKET_PACKET_H 1
| #define HAVE_POLL_H 1
| #define HAVE_PTHREAD_H 1
| #define HAVE_PTY_H 1
| #define HAVE_SCHED_H 1
| #define HAVE_SETJMP_H 1
| #define HAVE_SHADOW_H 1
| #define HAVE_SIGNAL_H 1
| #define HAVE_SPAWN_H 1
| #define HAVE_SYS_EPOLL_H 1
| #define HAVE_SYS_EVENTFD_H 1
| #define HAVE_SYS_FILE_H 1
| #define HAVE_SYS_IOCTL_H 1
| #define HAVE_SYS_MMAN_H 1
| #define HAVE_SYS_PARAM_H 1
| #define HAVE_SYS_PIDFD_H 1
| #define HAVE_SYS_POLL_H 1
| #define HAVE_SYS_RANDOM_H 1
| #define HAVE_SYS_RESOURCE_H 1
| #define HAVE_SYS_SELECT_H 1
| #define HAVE_SYS_SENDFILE_H 1
| #define HAVE_SYS_SOCKET_H 1
| #define HAVE_SYS_SOUNDCARD_H 1
| #define HAVE_SYS_STAT_H 1
| #define HAVE_SYS_STATVFS_H 1
| #define HAVE_SYS_SYSCALL_H 1
| #define HAVE_SYS_SYSMACROS_H 1
| #define HAVE_SYS_TIME_H 1
| #define HAVE_SYS_TIMES_H 1
| #define HAVE_SYS_TIMERFD_H 1
| #define HAVE_SYS_TYPES_H 1
| #define HAVE_SYS_UIO_H 1
| #define HAVE_SYS_UN_H 1
| #define HAVE_SYS_UTSNAME_H 1
| #define HAVE_SYS_WAIT_H 1
| #define HAVE_SYS_XATTR_H 1
| #define HAVE_SYSEXITS_H 1
| #define HAVE_SYSLOG_H 1
| #define HAVE_TERMIOS_H 1
| #define HAVE_UTIME_H 1
| #define HAVE_UTMP_H 1
| #define HAVE_DIRENT_H 1
| #define MAJOR_IN_SYSMACROS 1
| #define HAVE_NET_IF_H 1
| #define HAVE_LINUX_NETLINK_H 1
| #define HAVE_LINUX_QRTR_H 1
| #define HAVE_LINUX_VM_SOCKETS_H 1
| #define HAVE_LINUX_CAN_H 1
| #define HAVE_LINUX_CAN_BCM_H 1
| #define HAVE_LINUX_CAN_J1939_H 1
| #define HAVE_LINUX_CAN_RAW_H 1
| #define HAVE_CLOCK_T 1
| #define HAVE_MAKEDEV 1
| #define HAVE_HTOLE64 1
| #define _LARGEFILE_SOURCE 1
| #define _FILE_OFFSET_BITS 64
| #if defined(SCO_DS)
| #undef _OFF_T
| #endif
| /* end confdefs.h.  */
| #include <stddef.h>
| #ifdef HAVE_STDIO_H
| # include <stdio.h>
| #endif
| #ifdef HAVE_STDLIB_H
| # include <stdlib.h>
| #endif
| #ifdef HAVE_STRING_H
| # include <string.h>
| #endif
| #ifdef HAVE_INTTYPES_H
| # include <inttypes.h>
| #endif
| #ifdef HAVE_STDINT_H
| # include <stdint.h>
| #endif
| #ifdef HAVE_STRINGS_H
| # include <strings.h>
| #endif
| #ifdef HAVE_SYS_TYPES_H
| # include <sys/types.h>
| #endif
| #ifdef HAVE_SYS_STAT_H
| # include <sys/stat.h>
| #endif
| #ifdef HAVE_UNISTD_H
| # include <unistd.h>
| #endif
| int
| main (void)
| {
| if (sizeof ((mode_t)))
| 	    return 0;
|   ;
|   return 0;
| }
configure:11658: result: yes
configure:11668: checking for off_t
configure:11668: gcc -c   conftest.c >&5
configure:11668: $? = 0
configure:11668: gcc -c   conftest.c >&5
conftest.c: In function 'main':
conftest.c:150:20: error: expected expression before ')' token
  150 | if (sizeof ((off_t)))
      |                    ^
configure:11668: $? = 1
configure: failed program was:
| /* confdefs.h */
| #define _NETBSD_SOURCE 1
| #define __BSD_VISIBLE 1
| #define _DARWIN_C_SOURCE 1
| #define _PYTHONFRAMEWORK ""
| #define _XOPEN_SOURCE 700
| #define _XOPEN_SOURCE_EXTENDED 1
| #define _POSIX_C_SOURCE 200809L
| #define HAVE_STDIO_H 1
| #define HAVE_STDLIB_H 1
| #define HAVE_STRING_H 1
| #define HAVE_INTTYPES_H 1
| #define HAVE_STDINT_H 1
| #define HAVE_STRINGS_H 1
| #define HAVE_SYS_STAT_H 1
| #define HAVE_SYS_TYPES_H 1
| #define HAVE_UNISTD_H 1
| #define HAVE_WCHAR_H 1
| #define STDC_HEADERS 1
| #define _ALL_SOURCE 1
| #define _DARWIN_C_SOURCE 1
| #define _GNU_SOURCE 1
| #define _HPUX_ALT_XOPEN_SOCKET_API 1
| #define _NETBSD_SOURCE 1
| #define _OPENBSD_SOURCE 1
| #define _POSIX_PTHREAD_SEMANTICS 1
| #define __STDC_WANT_IEC_60559_ATTRIBS_EXT__ 1
| #define __STDC_WANT_IEC_60559_BFP_EXT__ 1
| #define __STDC_WANT_IEC_60559_DFP_EXT__ 1
| #define __STDC_WANT_IEC_60559_FUNCS_EXT__ 1
| #define __STDC_WANT_IEC_60559_TYPES_EXT__ 1
| #define __STDC_WANT_LIB_EXT2__ 1
| #define __STDC_WANT_MATH_SPEC_FUNCS__ 1
| #define _TANDEM_SOURCE 1
| #define __EXTENSIONS__ 1
| #define PY_SUPPORT_TIER 1
| #define STDC_HEADERS 1
| #define HAVE_ALLOCA_H 1
| #define HAVE_ASM_TYPES_H 1
| #define HAVE_DLFCN_H 1
| #define HAVE_ENDIAN_H 1
| #define HAVE_ERRNO_H 1
| #define HAVE_FCNTL_H 1
| #define HAVE_GRP_H 1
| #define HAVE_LANGINFO_H 1
| #define HAVE_LIBINTL_H 1
| #define HAVE_LINUX_AUXVEC_H 1
| #define HAVE_SYS_AUXV_H 1
| #define HAVE_LINUX_FS_H 1
| #define HAVE_LINUX_LIMITS_H 1
| #define HAVE_LINUX_MEMFD_H 1
| #define HAVE_LINUX_RANDOM_H 1
| #define HAVE_LINUX_SOUNDCARD_H 1
| #define HAVE_LINUX_TIPC_H 1
| #define HAVE_LINUX_WAIT_H 1
| #define HAVE_NETDB_H 1
| #define HAVE_NET_ETHERNET_H 1
| #define HAVE_NETINET_IN_H 1
| #define HAVE_NETPACKET_PACKET_H 1
| #define HAVE_POLL_H 1
| #define HAVE_PTHREAD_H 1
| #define HAVE_PTY_H 1
| #define HAVE_SCHED_H 1
| #define HAVE_SETJMP_H 1
| #define HAVE_SHADOW_H 1
| #define HAVE_SIGNAL_H 1
| #define HAVE_SPAWN_H 1
| #define HAVE_SYS_EPOLL_H 1
| #define HAVE_SYS_EVENTFD_H 1
| #define HAVE_SYS_FILE_H 1
| #define HAVE_SYS_IOCTL_H 1
| #define HAVE_SYS_MMAN_H 1
| #define HAVE_SYS_PARAM_H 1
| #define HAVE_SYS_PIDFD_H 1
| #define HAVE_SYS_POLL_H 1
| #define HAVE_SYS_RANDOM_H 1
| #define HAVE_SYS_RESOURCE_H 1
| #define HAVE_SYS_SELECT_H 1
| #define HAVE_SYS_SENDFILE_H 1
| #define HAVE_SYS_SOCKET_H 1
| #define HAVE_SYS_SOUNDCARD_H 1
| #define HAVE_SYS_STAT_H 1
| #define HAVE_SYS_STATVFS_H 1
| #define HAVE_SYS_SYSCALL_H 1
| #define HAVE_SYS_SYSMACROS_H 1
| #define HAVE_SYS_TIME_H 1
| #define HAVE_SYS_TIMES_H 1
| #define HAVE_SYS_TIMERFD_H 1
| #define HAVE_SYS_TYPES_H 1
| #define HAVE_SYS_UIO_H 1
| #define HAVE_SYS_UN_H 1
| #define HAVE_SYS_UTSNAME_H 1
| #define HAVE_SYS_WAIT_H 1
| #define HAVE_SYS_XATTR_H 1
| #define HAVE_SYSEXITS_H 1
| #define HAVE_SYSLOG_H 1
| #define HAVE_TERMIOS_H 1
| #define HAVE_UTIME_H 1
| #define HAVE_UTMP_H 1
| #define HAVE_DIRENT_H 1
| #define MAJOR_IN_SYSMACROS 1
| #define HAVE_NET_IF_H 1
| #define HAVE_LINUX_NETLINK_H 1
| #define HAVE_LINUX_QRTR_H 1
| #define HAVE_LINUX_VM_SOCKETS_H 1
| #define HAVE_LINUX_CAN_H 1
| #define HAVE_LINUX_CAN_BCM_H 1
| #define HAVE_LINUX_CAN_J1939_H 1
| #define HAVE_LINUX_CAN_RAW_H 1
| #define HAVE_CLOCK_T 1
| #define HAVE_MAKEDEV 1
| #define HAVE_HTOLE64 1
| #define _LARGEFILE_SOURCE 1
| #define _FILE_OFFSET_BITS 64
| #if defined(SCO_DS)
| #undef _OFF_T
| #endif
| /* end confdefs.h.  */
| #include <stddef.h>
| #ifdef HAVE_STDIO_H
| # include <stdio.h>
| #endif
| #ifdef HAVE_STDLIB_H
| # include <stdlib.h>
| #endif
| #ifdef HAVE_STRING_H
| # include <string.h>
| #endif
| #ifdef HAVE_INTTYPES_H
| # include <inttypes.h>
| #endif
| #ifdef HAVE_STDINT_H
| # include <stdint.h>
| #endif
| #ifdef HAVE_STRINGS_H
| # include <strings.h>
| #endif
| #ifdef HAVE_SYS_TYPES_H
| # include <sys/types.h>
| #endif
| #ifdef HAVE_SYS_STAT_H
| # include <sys/stat.h>
| #endif
| #ifdef HAVE_UNISTD_H
| # include <unistd.h>
| #endif
| int
| main (void)
| {
| if (sizeof ((off_t)))
| 	    return 0;
|   ;
|   return 0;
| }
configure:11668: result: yes
configure:11679: checking for pid_t
configure:11679: gcc -c   conftest.c >&5
configure:11679: $? = 0
configure:11679: gcc -c   conftest.c >&5
conftest.c: In function 'main':
conftest.c:151:20: error: expected expression before ')' token
  151 | if (sizeof ((pid_t)))
      |                    ^
configure:11679: $? = 1
configure: failed program was:
| /* confdefs.h */
| #define _NETBSD_SOURCE 1
| #define __BSD_VISIBLE 1
| #define _DARWIN_C_SOURCE 1
| #define _PYTHONFRAMEWORK ""
| #define _XOPEN_SOURCE 700
| #define _XOPEN_SOURCE_EXTENDED 1
| #define _POSIX_C_SOURCE 200809L
| #define HAVE_STDIO_H 1
| #define HAVE_STDLIB_H 1
| #define HAVE_STRING_H 1
| #define HAVE_INTTYPES_H 1
| #define HAVE_STDINT_H 1
| #define HAVE_STRINGS_H 1
| #define HAVE_SYS_STAT_H 1
| #define HAVE_SYS_TYPES_H 1
| #define HAVE_UNISTD_H 1
| #define HAVE_WCHAR_H 1
| #define STDC_HEADERS 1
| #define _ALL_SOURCE 1
| #define _DARWIN_C_SOURCE 1
| #define _GNU_SOURCE 1
| #define _HPUX_ALT_XOPEN_SOCKET_API 1
| #define _NETBSD_SOURCE 1
| #define _OPENBSD_SOURCE 1
| #define _POSIX_PTHREAD_SEMANTICS 1
| #define __STDC_WANT_IEC_60559_ATTRIBS_EXT__ 1
| #define __STDC_WANT_IEC_60559_BFP_EXT__ 1
| #define __STDC_WANT_IEC_60559_DFP_EXT__ 1
| #define __STDC_WANT_IEC_60559_FUNCS_EXT__ 1
| #define __STDC_WANT_IEC_60559_TYPES_EXT__ 1
| #define __STDC_WANT_LIB_EXT2__ 1
| #define __STDC_WANT_MATH_SPEC_FUNCS__ 1
| #define _TANDEM_SOURCE 1
| #define __EXTENSIONS__ 1
| #define PY_SUPPORT_TIER 1
| #define STDC_HEADERS 1
| #define HAVE_ALLOCA_H 1
| #define HAVE_ASM_TYPES_H 1
| #define HAVE_DLFCN_H 1
| #define HAVE_ENDIAN_H 1
| #define HAVE_ERRNO_H 1
| #define HAVE_FCNTL_H 1
| #define HAVE_GRP_H 1
| #define HAVE_LANGINFO_H 1
| #define HAVE_LIBINTL_H 1
| #define HAVE_LINUX_AUXVEC_H 1
| #define HAVE_SYS_AUXV_H 1
| #define HAVE_LINUX_FS_H 1
| #define HAVE_LINUX_LIMITS_H 1
| #define HAVE_LINUX_MEMFD_H 1
| #define HAVE_LINUX_RANDOM_H 1
| #define HAVE_LINUX_SOUNDCARD_H 1
| #define HAVE_LINUX_TIPC_H 1
| #define HAVE_LINUX_WAIT_H 1
| #define HAVE_NETDB_H 1
| #define HAVE_NET_ETHERNET_H 1
| #define HAVE_NETINET_IN_H 1
| #define HAVE_NETPACKET_PACKET_H 1
| #define HAVE_POLL_H 1
| #define HAVE_PTHREAD_H 1
| #define HAVE_PTY_H 1
| #define HAVE_SCHED_H 1
| #define HAVE_SETJMP_H 1
| #define HAVE_SHADOW_H 1
| #define HAVE_SIGNAL_H 1
| #define HAVE_SPAWN_H 1
| #define HAVE_SYS_EPOLL_H 1
| #define HAVE_SYS_EVENTFD_H 1
| #define HAVE_SYS_FILE_H 1
| #define HAVE_SYS_IOCTL_H 1
| #define HAVE_SYS_MMAN_H 1
| #define HAVE_SYS_PARAM_H 1
| #define HAVE_SYS_PIDFD_H 1
| #define HAVE_SYS_POLL_H 1
| #define HAVE_SYS_RANDOM_H 1
| #define HAVE_SYS_RESOURCE_H 1
| #define HAVE_SYS_SELECT_H 1
| #define HAVE_SYS_SENDFILE_H 1
| #define HAVE_SYS_SOCKET_H 1
| #define HAVE_SYS_SOUNDCARD_H 1
| #define HAVE_SYS_STAT_H 1
| #define HAVE_SYS_STATVFS_H 1
| #define HAVE_SYS_SYSCALL_H 1
| #define HAVE_SYS_SYSMACROS_H 1
| #define HAVE_SYS_TIME_H 1
| #define HAVE_SYS_TIMES_H 1
| #define HAVE_SYS_TIMERFD_H 1
| #define HAVE_SYS_TYPES_H 1
| #define HAVE_SYS_UIO_H 1
| #define HAVE_SYS_UN_H 1
| #define HAVE_SYS_UTSNAME_H 1
| #define HAVE_SYS_WAIT_H 1
| #define HAVE_SYS_XATTR_H 1
| #define HAVE_SYSEXITS_H 1
| #define HAVE_SYSLOG_H 1
| #define HAVE_TERMIOS_H 1
| #define HAVE_UTIME_H 1
| #define HAVE_UTMP_H 1
| #define HAVE_DIRENT_H 1
| #define MAJOR_IN_SYSMACROS 1
| #define HAVE_NET_IF_H 1
| #define HAVE_LINUX_NETLINK_H 1
| #define HAVE_LINUX_QRTR_H 1
| #define HAVE_LINUX_VM_SOCKETS_H 1
| #define HAVE_LINUX_CAN_H 1
| #define HAVE_LINUX_CAN_BCM_H 1
| #define HAVE_LINUX_CAN_J1939_H 1
| #define HAVE_LINUX_CAN_RAW_H 1
| #define HAVE_CLOCK_T 1
| #define HAVE_MAKEDEV 1
| #define HAVE_HTOLE64 1
| #define _LARGEFILE_SOURCE 1
| #define _FILE_OFFSET_BITS 64
| #if defined(SCO_DS)
| #undef _OFF_T
| #endif
| /* end confdefs.h.  */
| #include <stddef.h>
| #ifdef HAVE_STDIO_H
| # include <stdio.h>
| #endif
| #ifdef HAVE_STDLIB_H
| # include <stdlib.h>
| #endif
| #ifdef HAVE_STRING_H
| # include <string.h>
| #endif
| #ifdef HAVE_INTTYPES_H
| # include <inttypes.h>
| #endif
| #ifdef HAVE_STDINT_H
| # include <stdint.h>
| #endif
| #ifdef HAVE_STRINGS_H
| # include <strings.h>
| #endif
| #ifdef HAVE_SYS_TYPES_H
| # include <sys/types.h>
| #endif
| #ifdef HAVE_SYS_STAT_H
| # include <sys/stat.h>
| #endif
| #ifdef HAVE_UNISTD_H
| # include <unistd.h>
| #endif
| 
| int
| main (void)
| {
| if (sizeof ((pid_t)))
| 	    return 0;
|   ;
|   return 0;
| }
configure:11679: result: yes
configure:11718: checking for size_t
configure:11718: gcc -c   conftest.c >&5
configure:11718: $? = 0
configure:11718: gcc -c   conftest.c >&5
conftest.c: In function 'main':
conftest.c:151:21: error: expected expression before ')' token
  151 | if (sizeof ((size_t)))
      |                     ^
configure:11718: $? = 1
configure: failed program was:
| /* confdefs.h */
| #define _NETBSD_SOURCE 1
| #define __BSD_VISIBLE 1
| #define _DARWIN_C_SOURCE 1
| #define _PYTHONFRAMEWORK ""
| #define _XOPEN_SOURCE 700
| #define _XOPEN_SOURCE_EXTENDED 1
| #define _POSIX_C_SOURCE 200809L
| #define HAVE_STDIO_H 1
| #define HAVE_STDLIB_H 1
| #define HAVE_STRING_H 1
| #define HAVE_INTTYPES_H 1
| #define HAVE_STDINT_H 1
| #define HAVE_STRINGS_H 1
| #define HAVE_SYS_STAT_H 1
| #define HAVE_SYS_TYPES_H 1
| #define HAVE_UNISTD_H 1
| #define HAVE_WCHAR_H 1
| #define STDC_HEADERS 1
| #define _ALL_SOURCE 1
| #define _DARWIN_C_SOURCE 1
| #define _GNU_SOURCE 1
| #define _HPUX_ALT_XOPEN_SOCKET_API 1
| #define _NETBSD_SOURCE 1
| #define _OPENBSD_SOURCE 1
| #define _POSIX_PTHREAD_SEMANTICS 1
| #define __STDC_WANT_IEC_60559_ATTRIBS_EXT__ 1
| #define __STDC_WANT_IEC_60559_BFP_EXT__ 1
| #define __STDC_WANT_IEC_60559_DFP_EXT__ 1
| #define __STDC_WANT_IEC_60559_FUNCS_EXT__ 1
| #define __STDC_WANT_IEC_60559_TYPES_EXT__ 1
| #define __STDC_WANT_LIB_EXT2__ 1
| #define __STDC_WANT_MATH_SPEC_FUNCS__ 1
| #define _TANDEM_SOURCE 1
| #define __EXTENSIONS__ 1
| #define PY_SUPPORT_TIER 1
| #define STDC_HEADERS 1
| #define HAVE_ALLOCA_H 1
| #define HAVE_ASM_TYPES_H 1
| #define HAVE_DLFCN_H 1
| #define HAVE_ENDIAN_H 1
| #define HAVE_ERRNO_H 1
| #define HAVE_FCNTL_H 1
| #define HAVE_GRP_H 1
| #define HAVE_LANGINFO_H 1
| #define HAVE_LIBINTL_H 1
| #define HAVE_LINUX_AUXVEC_H 1
| #define HAVE_SYS_AUXV_H 1
| #define HAVE_LINUX_FS_H 1
| #define HAVE_LINUX_LIMITS_H 1
| #define HAVE_LINUX_MEMFD_H 1
| #define HAVE_LINUX_RANDOM_H 1
| #define HAVE_LINUX_SOUNDCARD_H 1
| #define HAVE_LINUX_TIPC_H 1
| #define HAVE_LINUX_WAIT_H 1
| #define HAVE_NETDB_H 1
| #define HAVE_NET_ETHERNET_H 1
| #define HAVE_NETINET_IN_H 1
| #define HAVE_NETPACKET_PACKET_H 1
| #define HAVE_POLL_H 1
| #define HAVE_PTHREAD_H 1
| #define HAVE_PTY_H 1
| #define HAVE_SCHED_H 1
| #define HAVE_SETJMP_H 1
| #define HAVE_SHADOW_H 1
| #define HAVE_SIGNAL_H 1
| #define HAVE_SPAWN_H 1
| #define HAVE_SYS_EPOLL_H 1
| #define HAVE_SYS_EVENTFD_H 1
| #define HAVE_SYS_FILE_H 1
| #define HAVE_SYS_IOCTL_H 1
| #define HAVE_SYS_MMAN_H 1
| #define HAVE_SYS_PARAM_H 1
| #define HAVE_SYS_PIDFD_H 1
| #define HAVE_SYS_POLL_H 1
| #define HAVE_SYS_RANDOM_H 1
| #define HAVE_SYS_RESOURCE_H 1
| #define HAVE_SYS_SELECT_H 1
| #define HAVE_SYS_SENDFILE_H 1
| #define HAVE_SYS_SOCKET_H 1
| #define HAVE_SYS_SOUNDCARD_H 1
| #define HAVE_SYS_STAT_H 1
| #define HAVE_SYS_STATVFS_H 1
| #define HAVE_SYS_SYSCALL_H 1
| #define HAVE_SYS_SYSMACROS_H 1
| #define HAVE_SYS_TIME_H 1
| #define HAVE_SYS_TIMES_H 1
| #define HAVE_SYS_TIMERFD_H 1
| #define HAVE_SYS_TYPES_H 1
| #define HAVE_SYS_UIO_H 1
| #define HAVE_SYS_UN_H 1
| #define HAVE_SYS_UTSNAME_H 1
| #define HAVE_SYS_WAIT_H 1
| #define HAVE_SYS_XATTR_H 1
| #define HAVE_SYSEXITS_H 1
| #define HAVE_SYSLOG_H 1
| #define HAVE_TERMIOS_H 1
| #define HAVE_UTIME_H 1
| #define HAVE_UTMP_H 1
| #define HAVE_DIRENT_H 1
| #define MAJOR_IN_SYSMACROS 1
| #define HAVE_NET_IF_H 1
| #define HAVE_LINUX_NETLINK_H 1
| #define HAVE_LINUX_QRTR_H 1
| #define HAVE_LINUX_VM_SOCKETS_H 1
| #define HAVE_LINUX_CAN_H 1
| #define HAVE_LINUX_CAN_BCM_H 1
| #define HAVE_LINUX_CAN_J1939_H 1
| #define HAVE_LINUX_CAN_RAW_H 1
| #define HAVE_CLOCK_T 1
| #define HAVE_MAKEDEV 1
| #define HAVE_HTOLE64 1
| #define _LARGEFILE_SOURCE 1
| #define _FILE_OFFSET_BITS 64
| #if defined(SCO_DS)
| #undef _OFF_T
| #endif
| #define RETSIGTYPE void
| /* end confdefs.h.  */
| #include <stddef.h>
| #ifdef HAVE_STDIO_H
| # include <stdio.h>
| #endif
| #ifdef HAVE_STDLIB_H
| # include <stdlib.h>
| #endif
| #ifdef HAVE_STRING_H
| # include <string.h>
| #endif
| #ifdef HAVE_INTTYPES_H
| # include <inttypes.h>
| #endif
| #ifdef HAVE_STDINT_H
| # include <stdint.h>
| #endif
| #ifdef HAVE_STRINGS_H
| # include <strings.h>
| #endif
| #ifdef HAVE_SYS_TYPES_H
| # include <sys/types.h>
| #endif
| #ifdef HAVE_SYS_STAT_H
| # include <sys/stat.h>
| #endif
| #ifdef HAVE_UNISTD_H
| # include <unistd.h>
| #endif
| int
| main (void)
| {
| if (sizeof ((size_t)))
| 	    return 0;
|   ;
|   return 0;
| }
configure:11718: result: yes
configure:11728: checking for uid_t in sys/types.h
configure:11749: result: yes
configure:11761: checking for ssize_t
configure:11761: gcc -c   conftest.c >&5
configure:11761: $? = 0
configure:11761: gcc -c   conftest.c >&5
conftest.c: In function 'main':
conftest.c:151:22: error: expected expression before ')' token
  151 | if (sizeof ((ssize_t)))
      |                      ^
configure:11761: $? = 1
configure: failed program was:
| /* confdefs.h */
| #define _NETBSD_SOURCE 1
| #define __BSD_VISIBLE 1
| #define _DARWIN_C_SOURCE 1
| #define _PYTHONFRAMEWORK ""
| #define _XOPEN_SOURCE 700
| #define _XOPEN_SOURCE_EXTENDED 1
| #define _POSIX_C_SOURCE 200809L
| #define HAVE_STDIO_H 1
| #define HAVE_STDLIB_H 1
| #define HAVE_STRING_H 1
| #define HAVE_INTTYPES_H 1
| #define HAVE_STDINT_H 1
| #define HAVE_STRINGS_H 1
| #define HAVE_SYS_STAT_H 1
| #define HAVE_SYS_TYPES_H 1
| #define HAVE_UNISTD_H 1
| #define HAVE_WCHAR_H 1
| #define STDC_HEADERS 1
| #define _ALL_SOURCE 1
| #define _DARWIN_C_SOURCE 1
| #define _GNU_SOURCE 1
| #define _HPUX_ALT_XOPEN_SOCKET_API 1
| #define _NETBSD_SOURCE 1
| #define _OPENBSD_SOURCE 1
| #define _POSIX_PTHREAD_SEMANTICS 1
| #define __STDC_WANT_IEC_60559_ATTRIBS_EXT__ 1
| #define __STDC_WANT_IEC_60559_BFP_EXT__ 1
| #define __STDC_WANT_IEC_60559_DFP_EXT__ 1
| #define __STDC_WANT_IEC_60559_FUNCS_EXT__ 1
| #define __STDC_WANT_IEC_60559_TYPES_EXT__ 1
| #define __STDC_WANT_LIB_EXT2__ 1
| #define __STDC_WANT_MATH_SPEC_FUNCS__ 1
| #define _TANDEM_SOURCE 1
| #define __EXTENSIONS__ 1
| #define PY_SUPPORT_TIER 1
| #define STDC_HEADERS 1
| #define HAVE_ALLOCA_H 1
| #define HAVE_ASM_TYPES_H 1
| #define HAVE_DLFCN_H 1
| #define HAVE_ENDIAN_H 1
| #define HAVE_ERRNO_H 1
| #define HAVE_FCNTL_H 1
| #define HAVE_GRP_H 1
| #define HAVE_LANGINFO_H 1
| #define HAVE_LIBINTL_H 1
| #define HAVE_LINUX_AUXVEC_H 1
| #define HAVE_SYS_AUXV_H 1
| #define HAVE_LINUX_FS_H 1
| #define HAVE_LINUX_LIMITS_H 1
| #define HAVE_LINUX_MEMFD_H 1
| #define HAVE_LINUX_RANDOM_H 1
| #define HAVE_LINUX_SOUNDCARD_H 1
| #define HAVE_LINUX_TIPC_H 1
| #define HAVE_LINUX_WAIT_H 1
| #define HAVE_NETDB_H 1
| #define HAVE_NET_ETHERNET_H 1
| #define HAVE_NETINET_IN_H 1
| #define HAVE_NETPACKET_PACKET_H 1
| #define HAVE_POLL_H 1
| #define HAVE_PTHREAD_H 1
| #define HAVE_PTY_H 1
| #define HAVE_SCHED_H 1
| #define HAVE_SETJMP_H 1
| #define HAVE_SHADOW_H 1
| #define HAVE_SIGNAL_H 1
| #define HAVE_SPAWN_H 1
| #define HAVE_SYS_EPOLL_H 1
| #define HAVE_SYS_EVENTFD_H 1
| #define HAVE_SYS_FILE_H 1
| #define HAVE_SYS_IOCTL_H 1
| #define HAVE_SYS_MMAN_H 1
| #define HAVE_SYS_PARAM_H 1
| #define HAVE_SYS_PIDFD_H 1
| #define HAVE_SYS_POLL_H 1
| #define HAVE_SYS_RANDOM_H 1
| #define HAVE_SYS_RESOURCE_H 1
| #define HAVE_SYS_SELECT_H 1
| #define HAVE_SYS_SENDFILE_H 1
| #define HAVE_SYS_SOCKET_H 1
| #define HAVE_SYS_SOUNDCARD_H 1
| #define HAVE_SYS_STAT_H 1
| #define HAVE_SYS_STATVFS_H 1
| #define HAVE_SYS_SYSCALL_H 1
| #define HAVE_SYS_SYSMACROS_H 1
| #define HAVE_SYS_TIME_H 1
| #define HAVE_SYS_TIMES_H 1
| #define HAVE_SYS_TIMERFD_H 1
| #define HAVE_SYS_TYPES_H 1
| #define HAVE_SYS_UIO_H 1
| #define HAVE_SYS_UN_H 1
| #define HAVE_SYS_UTSNAME_H 1
| #define HAVE_SYS_WAIT_H 1
| #define HAVE_SYS_XATTR_H 1
| #define HAVE_SYSEXITS_H 1
| #define HAVE_SYSLOG_H 1
| #define HAVE_TERMIOS_H 1
| #define HAVE_UTIME_H 1
| #define HAVE_UTMP_H 1
| #define HAVE_DIRENT_H 1
| #define MAJOR_IN_SYSMACROS 1
| #define HAVE_NET_IF_H 1
| #define HAVE_LINUX_NETLINK_H 1
| #define HAVE_LINUX_QRTR_H 1
| #define HAVE_LINUX_VM_SOCKETS_H 1
| #define HAVE_LINUX_CAN_H 1
| #define HAVE_LINUX_CAN_BCM_H 1
| #define HAVE_LINUX_CAN_J1939_H 1
| #define HAVE_LINUX_CAN_RAW_H 1
| #define HAVE_CLOCK_T 1
| #define HAVE_MAKEDEV 1
| #define HAVE_HTOLE64 1
| #define _LARGEFILE_SOURCE 1
| #define _FILE_OFFSET_BITS 64
| #if defined(SCO_DS)
| #undef _OFF_T
| #endif
| #define RETSIGTYPE void
| /* end confdefs.h.  */
| #include <stddef.h>
| #ifdef HAVE_STDIO_H
| # include <stdio.h>
| #endif
| #ifdef HAVE_STDLIB_H
| # include <stdlib.h>
| #endif
| #ifdef HAVE_STRING_H
| # include <string.h>
| #endif
| #ifdef HAVE_INTTYPES_H
| # include <inttypes.h>
| #endif
| #ifdef HAVE_STDINT_H
| # include <stdint.h>
| #endif
| #ifdef HAVE_STRINGS_H
| # include <strings.h>
| #endif
| #ifdef HAVE_SYS_TYPES_H
| # include <sys/types.h>
| #endif
| #ifdef HAVE_SYS_STAT_H
| # include <sys/stat.h>
| #endif
| #ifdef HAVE_UNISTD_H
| # include <unistd.h>
| #endif
| int
| main (void)
| {
| if (sizeof ((ssize_t)))
| 	    return 0;
|   ;
|   return 0;
| }
configure:11761: result: yes
configure:11770: checking for __uint128_t
configure:11770: gcc -c   conftest.c >&5
configure:11770: $? = 0
configure:11770: gcc -c   conftest.c >&5
conftest.c: In function 'main':
conftest.c:152:26: error: expected expression before ')' token
  152 | if (sizeof ((__uint128_t)))
      |                          ^
configure:11770: $? = 1
configure: failed program was:
| /* confdefs.h */
| #define _NETBSD_SOURCE 1
| #define __BSD_VISIBLE 1
| #define _DARWIN_C_SOURCE 1
| #define _PYTHONFRAMEWORK ""
| #define _XOPEN_SOURCE 700
| #define _XOPEN_SOURCE_EXTENDED 1
| #define _POSIX_C_SOURCE 200809L
| #define HAVE_STDIO_H 1
| #define HAVE_STDLIB_H 1
| #define HAVE_STRING_H 1
| #define HAVE_INTTYPES_H 1
| #define HAVE_STDINT_H 1
| #define HAVE_STRINGS_H 1
| #define HAVE_SYS_STAT_H 1
| #define HAVE_SYS_TYPES_H 1
| #define HAVE_UNISTD_H 1
| #define HAVE_WCHAR_H 1
| #define STDC_HEADERS 1
| #define _ALL_SOURCE 1
| #define _DARWIN_C_SOURCE 1
| #define _GNU_SOURCE 1
| #define _HPUX_ALT_XOPEN_SOCKET_API 1
| #define _NETBSD_SOURCE 1
| #define _OPENBSD_SOURCE 1
| #define _POSIX_PTHREAD_SEMANTICS 1
| #define __STDC_WANT_IEC_60559_ATTRIBS_EXT__ 1
| #define __STDC_WANT_IEC_60559_BFP_EXT__ 1
| #define __STDC_WANT_IEC_60559_DFP_EXT__ 1
| #define __STDC_WANT_IEC_60559_FUNCS_EXT__ 1
| #define __STDC_WANT_IEC_60559_TYPES_EXT__ 1
| #define __STDC_WANT_LIB_EXT2__ 1
| #define __STDC_WANT_MATH_SPEC_FUNCS__ 1
| #define _TANDEM_SOURCE 1
| #define __EXTENSIONS__ 1
| #define PY_SUPPORT_TIER 1
| #define STDC_HEADERS 1
| #define HAVE_ALLOCA_H 1
| #define HAVE_ASM_TYPES_H 1
| #define HAVE_DLFCN_H 1
| #define HAVE_ENDIAN_H 1
| #define HAVE_ERRNO_H 1
| #define HAVE_FCNTL_H 1
| #define HAVE_GRP_H 1
| #define HAVE_LANGINFO_H 1
| #define HAVE_LIBINTL_H 1
| #define HAVE_LINUX_AUXVEC_H 1
| #define HAVE_SYS_AUXV_H 1
| #define HAVE_LINUX_FS_H 1
| #define HAVE_LINUX_LIMITS_H 1
| #define HAVE_LINUX_MEMFD_H 1
| #define HAVE_LINUX_RANDOM_H 1
| #define HAVE_LINUX_SOUNDCARD_H 1
| #define HAVE_LINUX_TIPC_H 1
| #define HAVE_LINUX_WAIT_H 1
| #define HAVE_NETDB_H 1
| #define HAVE_NET_ETHERNET_H 1
| #define HAVE_NETINET_IN_H 1
| #define HAVE_NETPACKET_PACKET_H 1
| #define HAVE_POLL_H 1
| #define HAVE_PTHREAD_H 1
| #define HAVE_PTY_H 1
| #define HAVE_SCHED_H 1
| #define HAVE_SETJMP_H 1
| #define HAVE_SHADOW_H 1
| #define HAVE_SIGNAL_H 1
| #define HAVE_SPAWN_H 1
| #define HAVE_SYS_EPOLL_H 1
| #define HAVE_SYS_EVENTFD_H 1
| #define HAVE_SYS_FILE_H 1
| #define HAVE_SYS_IOCTL_H 1
| #define HAVE_SYS_MMAN_H 1
| #define HAVE_SYS_PARAM_H 1
| #define HAVE_SYS_PIDFD_H 1
| #define HAVE_SYS_POLL_H 1
| #define HAVE_SYS_RANDOM_H 1
| #define HAVE_SYS_RESOURCE_H 1
| #define HAVE_SYS_SELECT_H 1
| #define HAVE_SYS_SENDFILE_H 1
| #define HAVE_SYS_SOCKET_H 1
| #define HAVE_SYS_SOUNDCARD_H 1
| #define HAVE_SYS_STAT_H 1
| #define HAVE_SYS_STATVFS_H 1
| #define HAVE_SYS_SYSCALL_H 1
| #define HAVE_SYS_SYSMACROS_H 1
| #define HAVE_SYS_TIME_H 1
| #define HAVE_SYS_TIMES_H 1
| #define HAVE_SYS_TIMERFD_H 1
| #define HAVE_SYS_TYPES_H 1
| #define HAVE_SYS_UIO_H 1
| #define HAVE_SYS_UN_H 1
| #define HAVE_SYS_UTSNAME_H 1
| #define HAVE_SYS_WAIT_H 1
| #define HAVE_SYS_XATTR_H 1
| #define HAVE_SYSEXITS_H 1
| #define HAVE_SYSLOG_H 1
| #define HAVE_TERMIOS_H 1
| #define HAVE_UTIME_H 1
| #define HAVE_UTMP_H 1
| #define HAVE_DIRENT_H 1
| #define MAJOR_IN_SYSMACROS 1
| #define HAVE_NET_IF_H 1
| #define HAVE_LINUX_NETLINK_H 1
| #define HAVE_LINUX_QRTR_H 1
| #define HAVE_LINUX_VM_SOCKETS_H 1
| #define HAVE_LINUX_CAN_H 1
| #define HAVE_LINUX_CAN_BCM_H 1
| #define HAVE_LINUX_CAN_J1939_H 1
| #define HAVE_LINUX_CAN_RAW_H 1
| #define HAVE_CLOCK_T 1
| #define HAVE_MAKEDEV 1
| #define HAVE_HTOLE64 1
| #define _LARGEFILE_SOURCE 1
| #define _FILE_OFFSET_BITS 64
| #if defined(SCO_DS)
| #undef _OFF_T
| #endif
| #define RETSIGTYPE void
| #define HAVE_SSIZE_T 1
| /* end confdefs.h.  */
| #include <stddef.h>
| #ifdef HAVE_STDIO_H
| # include <stdio.h>
| #endif
| #ifdef HAVE_STDLIB_H
| # include <stdlib.h>
| #endif
| #ifdef HAVE_STRING_H
| # include <string.h>
| #endif
| #ifdef HAVE_INTTYPES_H
| # include <inttypes.h>
| #endif
| #ifdef HAVE_STDINT_H
| # include <stdint.h>
| #endif
| #ifdef HAVE_STRINGS_H
| # include <strings.h>
| #endif
| #ifdef HAVE_SYS_TYPES_H
| # include <sys/types.h>
| #endif
| #ifdef HAVE_SYS_STAT_H
| # include <sys/stat.h>
| #endif
| #ifdef HAVE_UNISTD_H
| # include <unistd.h>
| #endif
| int
| main (void)
| {
| if (sizeof ((__uint128_t)))
| 	    return 0;
|   ;
|   return 0;
| }
configure:11770: result: yes
configure:11788: checking size of int
configure:11794: gcc -o conftest    conftest.c  >&5
configure:11794: $? = 0
configure:11794: ./conftest
configure:11794: $? = 0
configure:11809: result: 4
configure:11821: checking size of long
configure:11827: gcc -o conftest    conftest.c  >&5
configure:11827: $? = 0
configure:11827: ./conftest
configure:11827: $? = 0
configure:11842: result: 8
configure:11852: checking alignment of long
configure:11858: gcc -o conftest    conftest.c  >&5
configure:11858: $? = 0
configure:11858: ./conftest
configure:11858: $? = 0
configure:11874: result: 8
configure:11886: checking size of long long
configure:11892: gcc -o conftest    conftest.c  >&5
configure:11892: $? = 0
configure:11892: ./conftest
configure:11892: $? = 0
configure:11907: result: 8
configure:11919: checking size of void *
configure:11925: gcc -o conftest    conftest.c  >&5
configure:11925: $? = 0
configure:11925: ./conftest
configure:11925: $? = 0
configure:11940: result: 8
configure:11952: checking size of short
configure:11958: gcc -o conftest    conftest.c  >&5
configure:11958: $? = 0
configure:11958: ./conftest
configure:11958: $? = 0
configure:11973: result: 2
configure:11985: checking size of float
configure:11991: gcc -o conftest    conftest.c  >&5
configure:11991: $? = 0
configure:11991: ./conftest
configure:11991: $? = 0
configure:12006: result: 4
configure:12018: checking size of double
configure:12024: gcc -o conftest    conftest.c  >&5
configure:12024: $? = 0
configure:12024: ./conftest
configure:12024: $? = 0
configure:12039: result: 8
configure:12051: checking size of fpos_t
configure:12057: gcc -o conftest    conftest.c  >&5
configure:12057: $? = 0
configure:12057: ./conftest
configure:12057: $? = 0
configure:12072: result: 16
configure:12084: checking size of size_t
configure:12090: gcc -o conftest    conftest.c  >&5
configure:12090: $? = 0
configure:12090: ./conftest
configure:12090: $? = 0
configure:12105: result: 8
configure:12115: checking alignment of size_t
configure:12121: gcc -o conftest    conftest.c  >&5
configure:12121: $? = 0
configure:12121: ./conftest
configure:12121: $? = 0
configure:12137: result: 8
configure:12149: checking size of pid_t
configure:12155: gcc -o conftest    conftest.c  >&5
configure:12155: $? = 0
configure:12155: ./conftest
configure:12155: $? = 0
configure:12170: result: 4
configure:12182: checking size of uintptr_t
configure:12188: gcc -o conftest    conftest.c  >&5
configure:12188: $? = 0
configure:12188: ./conftest
configure:12188: $? = 0
configure:12203: result: 8
configure:12213: checking alignment of max_align_t
configure:12219: gcc -o conftest    conftest.c  >&5
configure:12219: $? = 0
configure:12219: ./conftest
configure:12219: $? = 0
configure:12235: result: 16
configure:12245: checking for long double
configure:12280: result: yes
configure:12292: checking size of long double
configure:12298: gcc -o conftest    conftest.c  >&5
configure:12298: $? = 0
configure:12298: ./conftest
configure:12298: $? = 0
configure:12313: result: 16
configure:12326: checking size of _Bool
configure:12332: gcc -o conftest    conftest.c  >&5
configure:12332: $? = 0
configure:12332: ./conftest
configure:12332: $? = 0
configure:12347: result: 1
configure:12360: checking size of off_t
configure:12366: gcc -o conftest    conftest.c  >&5
configure:12366: $? = 0
configure:12366: ./conftest
configure:12366: $? = 0
configure:12386: result: 8
configure:12395: checking whether to enable large file support
configure:12421: result: no
configure:12430: checking size of time_t
configure:12436: gcc -o conftest    conftest.c  >&5
configure:12436: $? = 0
configure:12436: ./conftest
configure:12436: $? = 0
configure:12459: result: 8
configure:12478: checking for pthread_t
configure:12498: gcc -c   conftest.c >&5
configure:12498: $? = 0
configure:12507: result: yes
configure:12516: checking size of pthread_t
configure:12522: gcc -o conftest    conftest.c  >&5
configure:12522: $? = 0
configure:12522: ./conftest
configure:12522: $? = 0
configure:12542: result: 8
configure:12559: checking size of pthread_key_t
configure:12565: gcc -o conftest    conftest.c  >&5
configure:12565: $? = 0
configure:12565: ./conftest
configure:12565: $? = 0
configure:12581: result: 4
configure:12589: checking whether pthread_key_t is compatible with int
configure:12608: gcc -c   conftest.c >&5
configure:12608: $? = 0
configure:12621: result: yes
configure:12634: checking for --enable-framework
configure:12651: result: no
configure:12660: checking for --with-dsymutil
configure:12679: result: no
configure:12736: checking for dyld
configure:12747: result: no
configure:12752: checking for --with-address-sanitizer
configure:12767: result: no
configure:12772: checking for --with-memory-sanitizer
configure:12826: result: no
configure:12831: checking for --with-undefined-behavior-sanitizer
configure:12846: result: no
configure:12853: checking for --with-thread-sanitizer
configure:12868: result: no
configure:12885: checking the extension of shared libraries
configure:12899: result: .so
configure:12906: checking LDSHARED
configure:13044: result: $(CC) -shared
configure:13048: checking BLDSHARED flags
configure:13051: result: $(CC) -shared
configure:13056: checking CCSHARED
configure:13095: result: -fPIC
configure:13099: checking LINKFORSHARED
configure:13170: result: -Xlinker -export-dynamic
configure:13175: checking CFLAGSFORSHARED
configure:13196: result: 
configure:13208: checking SHLIBS
configure:13214: result: $(LIBS)
configure:13217: checking perf trampoline
configure:13228: result: yes
configure:13250: checking for sendfile in -lsendfile
configure:13273: gcc -o conftest    conftest.c -lsendfile   >&5
/usr/bin/ld: cannot find -lsendfile: No such file or directory
collect2: error: ld returned 1 exit status
configure:13273: $? = 1
configure: failed program was:
| /* confdefs.h */
| #define _NETBSD_SOURCE 1
| #define __BSD_VISIBLE 1
| #define _DARWIN_C_SOURCE 1
| #define _PYTHONFRAMEWORK ""
| #define _XOPEN_SOURCE 700
| #define _XOPEN_SOURCE_EXTENDED 1
| #define _POSIX_C_SOURCE 200809L
| #define HAVE_STDIO_H 1
| #define HAVE_STDLIB_H 1
| #define HAVE_STRING_H 1
| #define HAVE_INTTYPES_H 1
| #define HAVE_STDINT_H 1
| #define HAVE_STRINGS_H 1
| #define HAVE_SYS_STAT_H 1
| #define HAVE_SYS_TYPES_H 1
| #define HAVE_UNISTD_H 1
| #define HAVE_WCHAR_H 1
| #define STDC_HEADERS 1
| #define _ALL_SOURCE 1
| #define _DARWIN_C_SOURCE 1
| #define _GNU_SOURCE 1
| #define _HPUX_ALT_XOPEN_SOCKET_API 1
| #define _NETBSD_SOURCE 1
| #define _OPENBSD_SOURCE 1
| #define _POSIX_PTHREAD_SEMANTICS 1
| #define __STDC_WANT_IEC_60559_ATTRIBS_EXT__ 1
| #define __STDC_WANT_IEC_60559_BFP_EXT__ 1
| #define __STDC_WANT_IEC_60559_DFP_EXT__ 1
| #define __STDC_WANT_IEC_60559_FUNCS_EXT__ 1
| #define __STDC_WANT_IEC_60559_TYPES_EXT__ 1
| #define __STDC_WANT_LIB_EXT2__ 1
| #define __STDC_WANT_MATH_SPEC_FUNCS__ 1
| #define _TANDEM_SOURCE 1
| #define __EXTENSIONS__ 1
| #define PY_SUPPORT_TIER 1
| #define STDC_HEADERS 1
| #define HAVE_ALLOCA_H 1
| #define HAVE_ASM_TYPES_H 1
| #define HAVE_DLFCN_H 1
| #define HAVE_ENDIAN_H 1
| #define HAVE_ERRNO_H 1
| #define HAVE_FCNTL_H 1
| #define HAVE_GRP_H 1
| #define HAVE_LANGINFO_H 1
| #define HAVE_LIBINTL_H 1
| #define HAVE_LINUX_AUXVEC_H 1
| #define HAVE_SYS_AUXV_H 1
| #define HAVE_LINUX_FS_H 1
| #define HAVE_LINUX_LIMITS_H 1
| #define HAVE_LINUX_MEMFD_H 1
| #define HAVE_LINUX_RANDOM_H 1
| #define HAVE_LINUX_SOUNDCARD_H 1
| #define HAVE_LINUX_TIPC_H 1
| #define HAVE_LINUX_WAIT_H 1
| #define HAVE_NETDB_H 1
| #define HAVE_NET_ETHERNET_H 1
| #define HAVE_NETINET_IN_H 1
| #define HAVE_NETPACKET_PACKET_H 1
| #define HAVE_POLL_H 1
| #define HAVE_PTHREAD_H 1
| #define HAVE_PTY_H 1
| #define HAVE_SCHED_H 1
| #define HAVE_SETJMP_H 1
| #define HAVE_SHADOW_H 1
| #define HAVE_SIGNAL_H 1
| #define HAVE_SPAWN_H 1
| #define HAVE_SYS_EPOLL_H 1
| #define HAVE_SYS_EVENTFD_H 1
| #define HAVE_SYS_FILE_H 1
| #define HAVE_SYS_IOCTL_H 1
| #define HAVE_SYS_MMAN_H 1
| #define HAVE_SYS_PARAM_H 1
| #define HAVE_SYS_PIDFD_H 1
| #define HAVE_SYS_POLL_H 1
| #define HAVE_SYS_RANDOM_H 1
| #define HAVE_SYS_RESOURCE_H 1
| #define HAVE_SYS_SELECT_H 1
| #define HAVE_SYS_SENDFILE_H 1
| #define HAVE_SYS_SOCKET_H 1
| #define HAVE_SYS_SOUNDCARD_H 1
| #define HAVE_SYS_STAT_H 1
| #define HAVE_SYS_STATVFS_H 1
| #define HAVE_SYS_SYSCALL_H 1
| #define HAVE_SYS_SYSMACROS_H 1
| #define HAVE_SYS_TIME_H 1
| #define HAVE_SYS_TIMES_H 1
| #define HAVE_SYS_TIMERFD_H 1
| #define HAVE_SYS_TYPES_H 1
| #define HAVE_SYS_UIO_H 1
| #define HAVE_SYS_UN_H 1
| #define HAVE_SYS_UTSNAME_H 1
| #define HAVE_SYS_WAIT_H 1
| #define HAVE_SYS_XATTR_H 1
| #define HAVE_SYSEXITS_H 1
| #define HAVE_SYSLOG_H 1
| #define HAVE_TERMIOS_H 1
| #define HAVE_UTIME_H 1
| #define HAVE_UTMP_H 1
| #define HAVE_DIRENT_H 1
| #define MAJOR_IN_SYSMACROS 1
| #define HAVE_NET_IF_H 1
| #define HAVE_LINUX_NETLINK_H 1
| #define HAVE_LINUX_QRTR_H 1
| #define HAVE_LINUX_VM_SOCKETS_H 1
| #define HAVE_LINUX_CAN_H 1
| #define HAVE_LINUX_CAN_BCM_H 1
| #define HAVE_LINUX_CAN_J1939_H 1
| #define HAVE_LINUX_CAN_RAW_H 1
| #define HAVE_CLOCK_T 1
| #define HAVE_MAKEDEV 1
| #define HAVE_HTOLE64 1
| #define _LARGEFILE_SOURCE 1
| #define _FILE_OFFSET_BITS 64
| #if defined(SCO_DS)
| #undef _OFF_T
| #endif
| #define RETSIGTYPE void
| #define HAVE_SSIZE_T 1
| #define HAVE___UINT128_T 1
| #define HAVE_GCC_UINT128_T 1
| #define SIZEOF_INT 4
| #define SIZEOF_LONG 8
| #define ALIGNOF_LONG 8
| #define SIZEOF_LONG_LONG 8
| #define SIZEOF_VOID_P 8
| #define SIZEOF_SHORT 2
| #define SIZEOF_FLOAT 4
| #define SIZEOF_DOUBLE 8
| #define SIZEOF_FPOS_T 16
| #define SIZEOF_SIZE_T 8
| #define ALIGNOF_SIZE_T 8
| #define SIZEOF_PID_T 4
| #define SIZEOF_UINTPTR_T 8
| #define ALIGNOF_MAX_ALIGN_T 16
| #define HAVE_LONG_DOUBLE 1
| #define SIZEOF_LONG_DOUBLE 16
| #define SIZEOF__BOOL 1
| #define SIZEOF_OFF_T 8
| #define SIZEOF_TIME_T 8
| #define SIZEOF_PTHREAD_T 8
| #define SIZEOF_PTHREAD_KEY_T 4
| #define PTHREAD_KEY_T_IS_COMPATIBLE_WITH_INT 1
| #define PY_HAVE_PERF_TRAMPOLINE 1
| /* end confdefs.h.  */
| 
| /* Override any GCC internal prototype to avoid an error.
|    Use char because int might match the return type of a GCC
|    builtin and then its argument prototype would still apply.  */
| char sendfile ();
| int
| main (void)
| {
| return sendfile ();
|   ;
|   return 0;
| }
configure:13283: result: no
configure:13293: checking for dlopen in -ldl
configure:13316: gcc -o conftest    conftest.c -ldl   >&5
configure:13316: $? = 0
configure:13326: result: yes
configure:13336: checking for shl_load in -ldld
configure:13359: gcc -o conftest    conftest.c -ldld  -ldl  >&5
/usr/bin/ld: cannot find -ldld: No such file or directory
collect2: error: ld returned 1 exit status
configure:13359: $? = 1
configure: failed program was:
| /* confdefs.h */
| #define _NETBSD_SOURCE 1
| #define __BSD_VISIBLE 1
| #define _DARWIN_C_SOURCE 1
| #define _PYTHONFRAMEWORK ""
| #define _XOPEN_SOURCE 700
| #define _XOPEN_SOURCE_EXTENDED 1
| #define _POSIX_C_SOURCE 200809L
| #define HAVE_STDIO_H 1
| #define HAVE_STDLIB_H 1
| #define HAVE_STRING_H 1
| #define HAVE_INTTYPES_H 1
| #define HAVE_STDINT_H 1
| #define HAVE_STRINGS_H 1
| #define HAVE_SYS_STAT_H 1
| #define HAVE_SYS_TYPES_H 1
| #define HAVE_UNISTD_H 1
| #define HAVE_WCHAR_H 1
| #define STDC_HEADERS 1
| #define _ALL_SOURCE 1
| #define _DARWIN_C_SOURCE 1
| #define _GNU_SOURCE 1
| #define _HPUX_ALT_XOPEN_SOCKET_API 1
| #define _NETBSD_SOURCE 1
| #define _OPENBSD_SOURCE 1
| #define _POSIX_PTHREAD_SEMANTICS 1
| #define __STDC_WANT_IEC_60559_ATTRIBS_EXT__ 1
| #define __STDC_WANT_IEC_60559_BFP_EXT__ 1
| #define __STDC_WANT_IEC_60559_DFP_EXT__ 1
| #define __STDC_WANT_IEC_60559_FUNCS_EXT__ 1
| #define __STDC_WANT_IEC_60559_TYPES_EXT__ 1
| #define __STDC_WANT_LIB_EXT2__ 1
| #define __STDC_WANT_MATH_SPEC_FUNCS__ 1
| #define _TANDEM_SOURCE 1
| #define __EXTENSIONS__ 1
| #define PY_SUPPORT_TIER 1
| #define STDC_HEADERS 1
| #define HAVE_ALLOCA_H 1
| #define HAVE_ASM_TYPES_H 1
| #define HAVE_DLFCN_H 1
| #define HAVE_ENDIAN_H 1
| #define HAVE_ERRNO_H 1
| #define HAVE_FCNTL_H 1
| #define HAVE_GRP_H 1
| #define HAVE_LANGINFO_H 1
| #define HAVE_LIBINTL_H 1
| #define HAVE_LINUX_AUXVEC_H 1
| #define HAVE_SYS_AUXV_H 1
| #define HAVE_LINUX_FS_H 1
| #define HAVE_LINUX_LIMITS_H 1
| #define HAVE_LINUX_MEMFD_H 1
| #define HAVE_LINUX_RANDOM_H 1
| #define HAVE_LINUX_SOUNDCARD_H 1
| #define HAVE_LINUX_TIPC_H 1
| #define HAVE_LINUX_WAIT_H 1
| #define HAVE_NETDB_H 1
| #define HAVE_NET_ETHERNET_H 1
| #define HAVE_NETINET_IN_H 1
| #define HAVE_NETPACKET_PACKET_H 1
| #define HAVE_POLL_H 1
| #define HAVE_PTHREAD_H 1
| #define HAVE_PTY_H 1
| #define HAVE_SCHED_H 1
| #define HAVE_SETJMP_H 1
| #define HAVE_SHADOW_H 1
| #define HAVE_SIGNAL_H 1
| #define HAVE_SPAWN_H 1
| #define HAVE_SYS_EPOLL_H 1
| #define HAVE_SYS_EVENTFD_H 1
| #define HAVE_SYS_FILE_H 1
| #define HAVE_SYS_IOCTL_H 1
| #define HAVE_SYS_MMAN_H 1
| #define HAVE_SYS_PARAM_H 1
| #define HAVE_SYS_PIDFD_H 1
| #define HAVE_SYS_POLL_H 1
| #define HAVE_SYS_RANDOM_H 1
| #define HAVE_SYS_RESOURCE_H 1
| #define HAVE_SYS_SELECT_H 1
| #define HAVE_SYS_SENDFILE_H 1
| #define HAVE_SYS_SOCKET_H 1
| #define HAVE_SYS_SOUNDCARD_H 1
| #define HAVE_SYS_STAT_H 1
| #define HAVE_SYS_STATVFS_H 1
| #define HAVE_SYS_SYSCALL_H 1
| #define HAVE_SYS_SYSMACROS_H 1
| #define HAVE_SYS_TIME_H 1
| #define HAVE_SYS_TIMES_H 1
| #define HAVE_SYS_TIMERFD_H 1
| #define HAVE_SYS_TYPES_H 1
| #define HAVE_SYS_UIO_H 1
| #define HAVE_SYS_UN_H 1
| #define HAVE_SYS_UTSNAME_H 1
| #define HAVE_SYS_WAIT_H 1
| #define HAVE_SYS_XATTR_H 1
| #define HAVE_SYSEXITS_H 1
| #define HAVE_SYSLOG_H 1
| #define HAVE_TERMIOS_H 1
| #define HAVE_UTIME_H 1
| #define HAVE_UTMP_H 1
| #define HAVE_DIRENT_H 1
| #define MAJOR_IN_SYSMACROS 1
| #define HAVE_NET_IF_H 1
| #define HAVE_LINUX_NETLINK_H 1
| #define HAVE_LINUX_QRTR_H 1
| #define HAVE_LINUX_VM_SOCKETS_H 1
| #define HAVE_LINUX_CAN_H 1
| #define HAVE_LINUX_CAN_BCM_H 1
| #define HAVE_LINUX_CAN_J1939_H 1
| #define HAVE_LINUX_CAN_RAW_H 1
| #define HAVE_CLOCK_T 1
| #define HAVE_MAKEDEV 1
| #define HAVE_HTOLE64 1
| #define _LARGEFILE_SOURCE 1
| #define _FILE_OFFSET_BITS 64
| #if defined(SCO_DS)
| #undef _OFF_T
| #endif
| #define RETSIGTYPE void
| #define HAVE_SSIZE_T 1
| #define HAVE___UINT128_T 1
| #define HAVE_GCC_UINT128_T 1
| #define SIZEOF_INT 4
| #define SIZEOF_LONG 8
| #define ALIGNOF_LONG 8
| #define SIZEOF_LONG_LONG 8
| #define SIZEOF_VOID_P 8
| #define SIZEOF_SHORT 2
| #define SIZEOF_FLOAT 4
| #define SIZEOF_DOUBLE 8
| #define SIZEOF_FPOS_T 16
| #define SIZEOF_SIZE_T 8
| #define ALIGNOF_SIZE_T 8
| #define SIZEOF_PID_T 4
| #define SIZEOF_UINTPTR_T 8
| #define ALIGNOF_MAX_ALIGN_T 16
| #define HAVE_LONG_DOUBLE 1
| #define SIZEOF_LONG_DOUBLE 16
| #define SIZEOF__BOOL 1
| #define SIZEOF_OFF_T 8
| #define SIZEOF_TIME_T 8
| #define SIZEOF_PTHREAD_T 8
| #define SIZEOF_PTHREAD_KEY_T 4
| #define PTHREAD_KEY_T_IS_COMPATIBLE_WITH_INT 1
| #define PY_HAVE_PERF_TRAMPOLINE 1
| #define HAVE_LIBDL 1
| /* end confdefs.h.  */
| 
| /* Override any GCC internal prototype to avoid an error.
|    Use char because int might match the return type of a GCC
|    builtin and then its argument prototype would still apply.  */
| char shl_load ();
| int
| main (void)
| {
| return shl_load ();
|   ;
|   return 0;
| }
configure:13369: result: no
configure:13389: checking for uuid.h
configure:13389: gcc -c   conftest.c >&5
conftest.c:175:10: fatal error: uuid.h: No such file or directory
  175 | #include <uuid.h>
      |          ^~~~~~~~
compilation terminated.
configure:13389: $? = 1
configure: failed program was:
| /* confdefs.h */
| #define _NETBSD_SOURCE 1
| #define __BSD_VISIBLE 1
| #define _DARWIN_C_SOURCE 1
| #define _PYTHONFRAMEWORK ""
| #define _XOPEN_SOURCE 700
| #define _XOPEN_SOURCE_EXTENDED 1
| #define _POSIX_C_SOURCE 200809L
| #define HAVE_STDIO_H 1
| #define HAVE_STDLIB_H 1
| #define HAVE_STRING_H 1
| #define HAVE_INTTYPES_H 1
| #define HAVE_STDINT_H 1
| #define HAVE_STRINGS_H 1
| #define HAVE_SYS_STAT_H 1
| #define HAVE_SYS_TYPES_H 1
| #define HAVE_UNISTD_H 1
| #define HAVE_WCHAR_H 1
| #define STDC_HEADERS 1
| #define _ALL_SOURCE 1
| #define _DARWIN_C_SOURCE 1
| #define _GNU_SOURCE 1
| #define _HPUX_ALT_XOPEN_SOCKET_API 1
| #define _NETBSD_SOURCE 1
| #define _OPENBSD_SOURCE 1
| #define _POSIX_PTHREAD_SEMANTICS 1
| #define __STDC_WANT_IEC_60559_ATTRIBS_EXT__ 1
| #define __STDC_WANT_IEC_60559_BFP_EXT__ 1
| #define __STDC_WANT_IEC_60559_DFP_EXT__ 1
| #define __STDC_WANT_IEC_60559_FUNCS_EXT__ 1
| #define __STDC_WANT_IEC_60559_TYPES_EXT__ 1
| #define __STDC_WANT_LIB_EXT2__ 1
| #define __STDC_WANT_MATH_SPEC_FUNCS__ 1
| #define _TANDEM_SOURCE 1
| #define __EXTENSIONS__ 1
| #define PY_SUPPORT_TIER 1
| #define STDC_HEADERS 1
| #define HAVE_ALLOCA_H 1
| #define HAVE_ASM_TYPES_H 1
| #define HAVE_DLFCN_H 1
| #define HAVE_ENDIAN_H 1
| #define HAVE_ERRNO_H 1
| #define HAVE_FCNTL_H 1
| #define HAVE_GRP_H 1
| #define HAVE_LANGINFO_H 1
| #define HAVE_LIBINTL_H 1
| #define HAVE_LINUX_AUXVEC_H 1
| #define HAVE_SYS_AUXV_H 1
| #define HAVE_LINUX_FS_H 1
| #define HAVE_LINUX_LIMITS_H 1
| #define HAVE_LINUX_MEMFD_H 1
| #define HAVE_LINUX_RANDOM_H 1
| #define HAVE_LINUX_SOUNDCARD_H 1
| #define HAVE_LINUX_TIPC_H 1
| #define HAVE_LINUX_WAIT_H 1
| #define HAVE_NETDB_H 1
| #define HAVE_NET_ETHERNET_H 1
| #define HAVE_NETINET_IN_H 1
| #define HAVE_NETPACKET_PACKET_H 1
| #define HAVE_POLL_H 1
| #define HAVE_PTHREAD_H 1
| #define HAVE_PTY_H 1
| #define HAVE_SCHED_H 1
| #define HAVE_SETJMP_H 1
| #define HAVE_SHADOW_H 1
| #define HAVE_SIGNAL_H 1
| #define HAVE_SPAWN_H 1
| #define HAVE_SYS_EPOLL_H 1
| #define HAVE_SYS_EVENTFD_H 1
| #define HAVE_SYS_FILE_H 1
| #define HAVE_SYS_IOCTL_H 1
| #define HAVE_SYS_MMAN_H 1
| #define HAVE_SYS_PARAM_H 1
| #define HAVE_SYS_PIDFD_H 1
| #define HAVE_SYS_POLL_H 1
| #define HAVE_SYS_RANDOM_H 1
| #define HAVE_SYS_RESOURCE_H 1
| #define HAVE_SYS_SELECT_H 1
| #define HAVE_SYS_SENDFILE_H 1
| #define HAVE_SYS_SOCKET_H 1
| #define HAVE_SYS_SOUNDCARD_H 1
| #define HAVE_SYS_STAT_H 1
| #define HAVE_SYS_STATVFS_H 1
| #define HAVE_SYS_SYSCALL_H 1
| #define HAVE_SYS_SYSMACROS_H 1
| #define HAVE_SYS_TIME_H 1
| #define HAVE_SYS_TIMES_H 1
| #define HAVE_SYS_TIMERFD_H 1
| #define HAVE_SYS_TYPES_H 1
| #define HAVE_SYS_UIO_H 1
| #define HAVE_SYS_UN_H 1
| #define HAVE_SYS_UTSNAME_H 1
| #define HAVE_SYS_WAIT_H 1
| #define HAVE_SYS_XATTR_H 1
| #define HAVE_SYSEXITS_H 1
| #define HAVE_SYSLOG_H 1
| #define HAVE_TERMIOS_H 1
| #define HAVE_UTIME_H 1
| #define HAVE_UTMP_H 1
| #define HAVE_DIRENT_H 1
| #define MAJOR_IN_SYSMACROS 1
| #define HAVE_NET_IF_H 1
| #define HAVE_LINUX_NETLINK_H 1
| #define HAVE_LINUX_QRTR_H 1
| #define HAVE_LINUX_VM_SOCKETS_H 1
| #define HAVE_LINUX_CAN_H 1
| #define HAVE_LINUX_CAN_BCM_H 1
| #define HAVE_LINUX_CAN_J1939_H 1
| #define HAVE_LINUX_CAN_RAW_H 1
| #define HAVE_CLOCK_T 1
| #define HAVE_MAKEDEV 1
| #define HAVE_HTOLE64 1
| #define _LARGEFILE_SOURCE 1
| #define _FILE_OFFSET_BITS 64
| #if defined(SCO_DS)
| #undef _OFF_T
| #endif
| #define RETSIGTYPE void
| #define HAVE_SSIZE_T 1
| #define HAVE___UINT128_T 1
| #define HAVE_GCC_UINT128_T 1
| #define SIZEOF_INT 4
| #define SIZEOF_LONG 8
| #define ALIGNOF_LONG 8
| #define SIZEOF_LONG_LONG 8
| #define SIZEOF_VOID_P 8
| #define SIZEOF_SHORT 2
| #define SIZEOF_FLOAT 4
| #define SIZEOF_DOUBLE 8
| #define SIZEOF_FPOS_T 16
| #define SIZEOF_SIZE_T 8
| #define ALIGNOF_SIZE_T 8
| #define SIZEOF_PID_T 4
| #define SIZEOF_UINTPTR_T 8
| #define ALIGNOF_MAX_ALIGN_T 16
| #define HAVE_LONG_DOUBLE 1
| #define SIZEOF_LONG_DOUBLE 16
| #define SIZEOF__BOOL 1
| #define SIZEOF_OFF_T 8
| #define SIZEOF_TIME_T 8
| #define SIZEOF_PTHREAD_T 8
| #define SIZEOF_PTHREAD_KEY_T 4
| #define PTHREAD_KEY_T_IS_COMPATIBLE_WITH_INT 1
| #define PY_HAVE_PERF_TRAMPOLINE 1
| #define HAVE_LIBDL 1
| /* end confdefs.h.  */
| #include <stddef.h>
| #ifdef HAVE_STDIO_H
| # include <stdio.h>
| #endif
| #ifdef HAVE_STDLIB_H
| # include <stdlib.h>
| #endif
| #ifdef HAVE_STRING_H
| # include <string.h>
| #endif
| #ifdef HAVE_INTTYPES_H
| # include <inttypes.h>
| #endif
| #ifdef HAVE_STDINT_H
| # include <stdint.h>
| #endif
| #ifdef HAVE_STRINGS_H
| # include <strings.h>
| #endif
| #ifdef HAVE_SYS_TYPES_H
| # include <sys/types.h>
| #endif
| #ifdef HAVE_SYS_STAT_H
| # include <sys/stat.h>
| #endif
| #ifdef HAVE_UNISTD_H
| # include <unistd.h>
| #endif
| #include <uuid.h>
configure:13389: result: no
configure:13423: checking for uuid >= 2.20
configure:13430: $PKG_CONFIG --exists --print-errors "uuid >= 2.20"
Package uuid was not found in the pkg-config search path.
Perhaps you should add the directory containing `uuid.pc'
to the PKG_CONFIG_PATH environment variable
Package 'uuid', required by 'virtual:world', not found
configure:13433: $? = 1
configure:13447: $PKG_CONFIG --exists --print-errors "uuid >= 2.20"
Package uuid was not found in the pkg-config search path.
Perhaps you should add the directory containing `uuid.pc'
to the PKG_CONFIG_PATH environment variable
Package 'uuid', required by 'virtual:world', not found
configure:13450: $? = 1
configure:13464: result: no
Package 'uuid', required by 'virtual:world', not found
configure:13491: checking for uuid/uuid.h
configure:13491: gcc -c    conftest.c >&5
conftest.c:175:10: fatal error: uuid/uuid.h: No such file or directory
  175 | #include <uuid/uuid.h>
      |          ^~~~~~~~~~~~~
compilation terminated.
configure:13491: $? = 1
configure: failed program was:
| /* confdefs.h */
| #define _NETBSD_SOURCE 1
| #define __BSD_VISIBLE 1
| #define _DARWIN_C_SOURCE 1
| #define _PYTHONFRAMEWORK ""
| #define _XOPEN_SOURCE 700
| #define _XOPEN_SOURCE_EXTENDED 1
| #define _POSIX_C_SOURCE 200809L
| #define HAVE_STDIO_H 1
| #define HAVE_STDLIB_H 1
| #define HAVE_STRING_H 1
| #define HAVE_INTTYPES_H 1
| #define HAVE_STDINT_H 1
| #define HAVE_STRINGS_H 1
| #define HAVE_SYS_STAT_H 1
| #define HAVE_SYS_TYPES_H 1
| #define HAVE_UNISTD_H 1
| #define HAVE_WCHAR_H 1
| #define STDC_HEADERS 1
| #define _ALL_SOURCE 1
| #define _DARWIN_C_SOURCE 1
| #define _GNU_SOURCE 1
| #define _HPUX_ALT_XOPEN_SOCKET_API 1
| #define _NETBSD_SOURCE 1
| #define _OPENBSD_SOURCE 1
| #define _POSIX_PTHREAD_SEMANTICS 1
| #define __STDC_WANT_IEC_60559_ATTRIBS_EXT__ 1
| #define __STDC_WANT_IEC_60559_BFP_EXT__ 1
| #define __STDC_WANT_IEC_60559_DFP_EXT__ 1
| #define __STDC_WANT_IEC_60559_FUNCS_EXT__ 1
| #define __STDC_WANT_IEC_60559_TYPES_EXT__ 1
| #define __STDC_WANT_LIB_EXT2__ 1
| #define __STDC_WANT_MATH_SPEC_FUNCS__ 1
| #define _TANDEM_SOURCE 1
| #define __EXTENSIONS__ 1
| #define PY_SUPPORT_TIER 1
| #define STDC_HEADERS 1
| #define HAVE_ALLOCA_H 1
| #define HAVE_ASM_TYPES_H 1
| #define HAVE_DLFCN_H 1
| #define HAVE_ENDIAN_H 1
| #define HAVE_ERRNO_H 1
| #define HAVE_FCNTL_H 1
| #define HAVE_GRP_H 1
| #define HAVE_LANGINFO_H 1
| #define HAVE_LIBINTL_H 1
| #define HAVE_LINUX_AUXVEC_H 1
| #define HAVE_SYS_AUXV_H 1
| #define HAVE_LINUX_FS_H 1
| #define HAVE_LINUX_LIMITS_H 1
| #define HAVE_LINUX_MEMFD_H 1
| #define HAVE_LINUX_RANDOM_H 1
| #define HAVE_LINUX_SOUNDCARD_H 1
| #define HAVE_LINUX_TIPC_H 1
| #define HAVE_LINUX_WAIT_H 1
| #define HAVE_NETDB_H 1
| #define HAVE_NET_ETHERNET_H 1
| #define HAVE_NETINET_IN_H 1
| #define HAVE_NETPACKET_PACKET_H 1
| #define HAVE_POLL_H 1
| #define HAVE_PTHREAD_H 1
| #define HAVE_PTY_H 1
| #define HAVE_SCHED_H 1
| #define HAVE_SETJMP_H 1
| #define HAVE_SHADOW_H 1
| #define HAVE_SIGNAL_H 1
| #define HAVE_SPAWN_H 1
| #define HAVE_SYS_EPOLL_H 1
| #define HAVE_SYS_EVENTFD_H 1
| #define HAVE_SYS_FILE_H 1
| #define HAVE_SYS_IOCTL_H 1
| #define HAVE_SYS_MMAN_H 1
| #define HAVE_SYS_PARAM_H 1
| #define HAVE_SYS_PIDFD_H 1
| #define HAVE_SYS_POLL_H 1
| #define HAVE_SYS_RANDOM_H 1
| #define HAVE_SYS_RESOURCE_H 1
| #define HAVE_SYS_SELECT_H 1
| #define HAVE_SYS_SENDFILE_H 1
| #define HAVE_SYS_SOCKET_H 1
| #define HAVE_SYS_SOUNDCARD_H 1
| #define HAVE_SYS_STAT_H 1
| #define HAVE_SYS_STATVFS_H 1
| #define HAVE_SYS_SYSCALL_H 1
| #define HAVE_SYS_SYSMACROS_H 1
| #define HAVE_SYS_TIME_H 1
| #define HAVE_SYS_TIMES_H 1
| #define HAVE_SYS_TIMERFD_H 1
| #define HAVE_SYS_TYPES_H 1
| #define HAVE_SYS_UIO_H 1
| #define HAVE_SYS_UN_H 1
| #define HAVE_SYS_UTSNAME_H 1
| #define HAVE_SYS_WAIT_H 1
| #define HAVE_SYS_XATTR_H 1
| #define HAVE_SYSEXITS_H 1
| #define HAVE_SYSLOG_H 1
| #define HAVE_TERMIOS_H 1
| #define HAVE_UTIME_H 1
| #define HAVE_UTMP_H 1
| #define HAVE_DIRENT_H 1
| #define MAJOR_IN_SYSMACROS 1
| #define HAVE_NET_IF_H 1
| #define HAVE_LINUX_NETLINK_H 1
| #define HAVE_LINUX_QRTR_H 1
| #define HAVE_LINUX_VM_SOCKETS_H 1
| #define HAVE_LINUX_CAN_H 1
| #define HAVE_LINUX_CAN_BCM_H 1
| #define HAVE_LINUX_CAN_J1939_H 1
| #define HAVE_LINUX_CAN_RAW_H 1
| #define HAVE_CLOCK_T 1
| #define HAVE_MAKEDEV 1
| #define HAVE_HTOLE64 1
| #define _LARGEFILE_SOURCE 1
| #define _FILE_OFFSET_BITS 64
| #if defined(SCO_DS)
| #undef _OFF_T
| #endif
| #define RETSIGTYPE void
| #define HAVE_SSIZE_T 1
| #define HAVE___UINT128_T 1
| #define HAVE_GCC_UINT128_T 1
| #define SIZEOF_INT 4
| #define SIZEOF_LONG 8
| #define ALIGNOF_LONG 8
| #define SIZEOF_LONG_LONG 8
| #define SIZEOF_VOID_P 8
| #define SIZEOF_SHORT 2
| #define SIZEOF_FLOAT 4
| #define SIZEOF_DOUBLE 8
| #define SIZEOF_FPOS_T 16
| #define SIZEOF_SIZE_T 8
| #define ALIGNOF_SIZE_T 8
| #define SIZEOF_PID_T 4
| #define SIZEOF_UINTPTR_T 8
| #define ALIGNOF_MAX_ALIGN_T 16
| #define HAVE_LONG_DOUBLE 1
| #define SIZEOF_LONG_DOUBLE 16
| #define SIZEOF__BOOL 1
| #define SIZEOF_OFF_T 8
| #define SIZEOF_TIME_T 8
| #define SIZEOF_PTHREAD_T 8
| #define SIZEOF_PTHREAD_KEY_T 4
| #define PTHREAD_KEY_T_IS_COMPATIBLE_WITH_INT 1
| #define PY_HAVE_PERF_TRAMPOLINE 1
| #define HAVE_LIBDL 1
| /* end confdefs.h.  */
| #include <stddef.h>
| #ifdef HAVE_STDIO_H
| # include <stdio.h>
| #endif
| #ifdef HAVE_STDLIB_H
| # include <stdlib.h>
| #endif
| #ifdef HAVE_STRING_H
| # include <string.h>
| #endif
| #ifdef HAVE_INTTYPES_H
| # include <inttypes.h>
| #endif
| #ifdef HAVE_STDINT_H
| # include <stdint.h>
| #endif
| #ifdef HAVE_STRINGS_H
| # include <strings.h>
| #endif
| #ifdef HAVE_SYS_TYPES_H
| # include <sys/types.h>
| #endif
| #ifdef HAVE_SYS_STAT_H
| # include <sys/stat.h>
| #endif
| #ifdef HAVE_UNISTD_H
| # include <unistd.h>
| #endif
| #include <uuid/uuid.h>
configure:13491: result: no
configure:13759: checking for uuid/uuid.h
configure:13759: result: no
configure:13972: checking for library containing sem_init
configure:14002: gcc -o conftest    conftest.c -ldl  >&5
configure:14002: $? = 0
configure:14022: result: none required
configure:14033: checking for textdomain in -lintl
configure:14056: gcc -o conftest    conftest.c -lintl  -ldl  >&5
/usr/bin/ld: cannot find -lintl: No such file or directory
collect2: error: ld returned 1 exit status
configure:14056: $? = 1
configure: failed program was:
| /* confdefs.h */
| #define _NETBSD_SOURCE 1
| #define __BSD_VISIBLE 1
| #define _DARWIN_C_SOURCE 1
| #define _PYTHONFRAMEWORK ""
| #define _XOPEN_SOURCE 700
| #define _XOPEN_SOURCE_EXTENDED 1
| #define _POSIX_C_SOURCE 200809L
| #define HAVE_STDIO_H 1
| #define HAVE_STDLIB_H 1
| #define HAVE_STRING_H 1
| #define HAVE_INTTYPES_H 1
| #define HAVE_STDINT_H 1
| #define HAVE_STRINGS_H 1
| #define HAVE_SYS_STAT_H 1
| #define HAVE_SYS_TYPES_H 1
| #define HAVE_UNISTD_H 1
| #define HAVE_WCHAR_H 1
| #define STDC_HEADERS 1
| #define _ALL_SOURCE 1
| #define _DARWIN_C_SOURCE 1
| #define _GNU_SOURCE 1
| #define _HPUX_ALT_XOPEN_SOCKET_API 1
| #define _NETBSD_SOURCE 1
| #define _OPENBSD_SOURCE 1
| #define _POSIX_PTHREAD_SEMANTICS 1
| #define __STDC_WANT_IEC_60559_ATTRIBS_EXT__ 1
| #define __STDC_WANT_IEC_60559_BFP_EXT__ 1
| #define __STDC_WANT_IEC_60559_DFP_EXT__ 1
| #define __STDC_WANT_IEC_60559_FUNCS_EXT__ 1
| #define __STDC_WANT_IEC_60559_TYPES_EXT__ 1
| #define __STDC_WANT_LIB_EXT2__ 1
| #define __STDC_WANT_MATH_SPEC_FUNCS__ 1
| #define _TANDEM_SOURCE 1
| #define __EXTENSIONS__ 1
| #define PY_SUPPORT_TIER 1
| #define STDC_HEADERS 1
| #define HAVE_ALLOCA_H 1
| #define HAVE_ASM_TYPES_H 1
| #define HAVE_DLFCN_H 1
| #define HAVE_ENDIAN_H 1
| #define HAVE_ERRNO_H 1
| #define HAVE_FCNTL_H 1
| #define HAVE_GRP_H 1
| #define HAVE_LANGINFO_H 1
| #define HAVE_LIBINTL_H 1
| #define HAVE_LINUX_AUXVEC_H 1
| #define HAVE_SYS_AUXV_H 1
| #define HAVE_LINUX_FS_H 1
| #define HAVE_LINUX_LIMITS_H 1
| #define HAVE_LINUX_MEMFD_H 1
| #define HAVE_LINUX_RANDOM_H 1
| #define HAVE_LINUX_SOUNDCARD_H 1
| #define HAVE_LINUX_TIPC_H 1
| #define HAVE_LINUX_WAIT_H 1
| #define HAVE_NETDB_H 1
| #define HAVE_NET_ETHERNET_H 1
| #define HAVE_NETINET_IN_H 1
| #define HAVE_NETPACKET_PACKET_H 1
| #define HAVE_POLL_H 1
| #define HAVE_PTHREAD_H 1
| #define HAVE_PTY_H 1
| #define HAVE_SCHED_H 1
| #define HAVE_SETJMP_H 1
| #define HAVE_SHADOW_H 1
| #define HAVE_SIGNAL_H 1
| #define HAVE_SPAWN_H 1
| #define HAVE_SYS_EPOLL_H 1
| #define HAVE_SYS_EVENTFD_H 1
| #define HAVE_SYS_FILE_H 1
| #define HAVE_SYS_IOCTL_H 1
| #define HAVE_SYS_MMAN_H 1
| #define HAVE_SYS_PARAM_H 1
| #define HAVE_SYS_PIDFD_H 1
| #define HAVE_SYS_POLL_H 1
| #define HAVE_SYS_RANDOM_H 1
| #define HAVE_SYS_RESOURCE_H 1
| #define HAVE_SYS_SELECT_H 1
| #define HAVE_SYS_SENDFILE_H 1
| #define HAVE_SYS_SOCKET_H 1
| #define HAVE_SYS_SOUNDCARD_H 1
| #define HAVE_SYS_STAT_H 1
| #define HAVE_SYS_STATVFS_H 1
| #define HAVE_SYS_SYSCALL_H 1
| #define HAVE_SYS_SYSMACROS_H 1
| #define HAVE_SYS_TIME_H 1
| #define HAVE_SYS_TIMES_H 1
| #define HAVE_SYS_TIMERFD_H 1
| #define HAVE_SYS_TYPES_H 1
| #define HAVE_SYS_UIO_H 1
| #define HAVE_SYS_UN_H 1
| #define HAVE_SYS_UTSNAME_H 1
| #define HAVE_SYS_WAIT_H 1
| #define HAVE_SYS_XATTR_H 1
| #define HAVE_SYSEXITS_H 1
| #define HAVE_SYSLOG_H 1
| #define HAVE_TERMIOS_H 1
| #define HAVE_UTIME_H 1
| #define HAVE_UTMP_H 1
| #define HAVE_DIRENT_H 1
| #define MAJOR_IN_SYSMACROS 1
| #define HAVE_NET_IF_H 1
| #define HAVE_LINUX_NETLINK_H 1
| #define HAVE_LINUX_QRTR_H 1
| #define HAVE_LINUX_VM_SOCKETS_H 1
| #define HAVE_LINUX_CAN_H 1
| #define HAVE_LINUX_CAN_BCM_H 1
| #define HAVE_LINUX_CAN_J1939_H 1
| #define HAVE_LINUX_CAN_RAW_H 1
| #define HAVE_CLOCK_T 1
| #define HAVE_MAKEDEV 1
| #define HAVE_HTOLE64 1
| #define _LARGEFILE_SOURCE 1
| #define _FILE_OFFSET_BITS 64
| #if defined(SCO_DS)
| #undef _OFF_T
| #endif
| #define RETSIGTYPE void
| #define HAVE_SSIZE_T 1
| #define HAVE___UINT128_T 1
| #define HAVE_GCC_UINT128_T 1
| #define SIZEOF_INT 4
| #define SIZEOF_LONG 8
| #define ALIGNOF_LONG 8
| #define SIZEOF_LONG_LONG 8
| #define SIZEOF_VOID_P 8
| #define SIZEOF_SHORT 2
| #define SIZEOF_FLOAT 4
| #define SIZEOF_DOUBLE 8
| #define SIZEOF_FPOS_T 16
| #define SIZEOF_SIZE_T 8
| #define ALIGNOF_SIZE_T 8
| #define SIZEOF_PID_T 4
| #define SIZEOF_UINTPTR_T 8
| #define ALIGNOF_MAX_ALIGN_T 16
| #define HAVE_LONG_DOUBLE 1
| #define SIZEOF_LONG_DOUBLE 16
| #define SIZEOF__BOOL 1
| #define SIZEOF_OFF_T 8
| #define SIZEOF_TIME_T 8
| #define SIZEOF_PTHREAD_T 8
| #define SIZEOF_PTHREAD_KEY_T 4
| #define PTHREAD_KEY_T_IS_COMPATIBLE_WITH_INT 1
| #define PY_HAVE_PERF_TRAMPOLINE 1
| #define HAVE_LIBDL 1
| /* end confdefs.h.  */
| 
| /* Override any GCC internal prototype to avoid an error.
|    Use char because int might match the return type of a GCC
|    builtin and then its argument prototype would still apply.  */
| char textdomain ();
| int
| main (void)
| {
| return textdomain ();
|   ;
|   return 0;
| }
configure:14066: result: no
configure:14127: checking aligned memory access is required
configure:14160: gcc -o conftest    conftest.c -ldl  >&5
configure:14160: $? = 0
configure:14160: ./conftest
configure:14160: $? = 0
configure:14172: result: no
configure:14183: checking for --with-hash-algorithm
configure:14211: result: default
configure:14231: checking for --with-tzpath
configure:14252: result: "/usr/share/zoneinfo:/usr/lib/zoneinfo:/usr/share/lib/zoneinfo:/etc/zoneinfo"
configure:14259: checking for t_open in -lnsl
configure:14282: gcc -o conftest    conftest.c -lnsl  -ldl  >&5
/usr/bin/ld: /tmp/cchgOoAS.o: in function `main':
conftest.c:(.text+0xa): undefined reference to `t_open'
collect2: error: ld returned 1 exit status
configure:14282: $? = 1
configure: failed program was:
| /* confdefs.h */
| #define _NETBSD_SOURCE 1
| #define __BSD_VISIBLE 1
| #define _DARWIN_C_SOURCE 1
| #define _PYTHONFRAMEWORK ""
| #define _XOPEN_SOURCE 700
| #define _XOPEN_SOURCE_EXTENDED 1
| #define _POSIX_C_SOURCE 200809L
| #define HAVE_STDIO_H 1
| #define HAVE_STDLIB_H 1
| #define HAVE_STRING_H 1
| #define HAVE_INTTYPES_H 1
| #define HAVE_STDINT_H 1
| #define HAVE_STRINGS_H 1
| #define HAVE_SYS_STAT_H 1
| #define HAVE_SYS_TYPES_H 1
| #define HAVE_UNISTD_H 1
| #define HAVE_WCHAR_H 1
| #define STDC_HEADERS 1
| #define _ALL_SOURCE 1
| #define _DARWIN_C_SOURCE 1
| #define _GNU_SOURCE 1
| #define _HPUX_ALT_XOPEN_SOCKET_API 1
| #define _NETBSD_SOURCE 1
| #define _OPENBSD_SOURCE 1
| #define _POSIX_PTHREAD_SEMANTICS 1
| #define __STDC_WANT_IEC_60559_ATTRIBS_EXT__ 1
| #define __STDC_WANT_IEC_60559_BFP_EXT__ 1
| #define __STDC_WANT_IEC_60559_DFP_EXT__ 1
| #define __STDC_WANT_IEC_60559_FUNCS_EXT__ 1
| #define __STDC_WANT_IEC_60559_TYPES_EXT__ 1
| #define __STDC_WANT_LIB_EXT2__ 1
| #define __STDC_WANT_MATH_SPEC_FUNCS__ 1
| #define _TANDEM_SOURCE 1
| #define __EXTENSIONS__ 1
| #define PY_SUPPORT_TIER 1
| #define STDC_HEADERS 1
| #define HAVE_ALLOCA_H 1
| #define HAVE_ASM_TYPES_H 1
| #define HAVE_DLFCN_H 1
| #define HAVE_ENDIAN_H 1
| #define HAVE_ERRNO_H 1
| #define HAVE_FCNTL_H 1
| #define HAVE_GRP_H 1
| #define HAVE_LANGINFO_H 1
| #define HAVE_LIBINTL_H 1
| #define HAVE_LINUX_AUXVEC_H 1
| #define HAVE_SYS_AUXV_H 1
| #define HAVE_LINUX_FS_H 1
| #define HAVE_LINUX_LIMITS_H 1
| #define HAVE_LINUX_MEMFD_H 1
| #define HAVE_LINUX_RANDOM_H 1
| #define HAVE_LINUX_SOUNDCARD_H 1
| #define HAVE_LINUX_TIPC_H 1
| #define HAVE_LINUX_WAIT_H 1
| #define HAVE_NETDB_H 1
| #define HAVE_NET_ETHERNET_H 1
| #define HAVE_NETINET_IN_H 1
| #define HAVE_NETPACKET_PACKET_H 1
| #define HAVE_POLL_H 1
| #define HAVE_PTHREAD_H 1
| #define HAVE_PTY_H 1
| #define HAVE_SCHED_H 1
| #define HAVE_SETJMP_H 1
| #define HAVE_SHADOW_H 1
| #define HAVE_SIGNAL_H 1
| #define HAVE_SPAWN_H 1
| #define HAVE_SYS_EPOLL_H 1
| #define HAVE_SYS_EVENTFD_H 1
| #define HAVE_SYS_FILE_H 1
| #define HAVE_SYS_IOCTL_H 1
| #define HAVE_SYS_MMAN_H 1
| #define HAVE_SYS_PARAM_H 1
| #define HAVE_SYS_PIDFD_H 1
| #define HAVE_SYS_POLL_H 1
| #define HAVE_SYS_RANDOM_H 1
| #define HAVE_SYS_RESOURCE_H 1
| #define HAVE_SYS_SELECT_H 1
| #define HAVE_SYS_SENDFILE_H 1
| #define HAVE_SYS_SOCKET_H 1
| #define HAVE_SYS_SOUNDCARD_H 1
| #define HAVE_SYS_STAT_H 1
| #define HAVE_SYS_STATVFS_H 1
| #define HAVE_SYS_SYSCALL_H 1
| #define HAVE_SYS_SYSMACROS_H 1
| #define HAVE_SYS_TIME_H 1
| #define HAVE_SYS_TIMES_H 1
| #define HAVE_SYS_TIMERFD_H 1
| #define HAVE_SYS_TYPES_H 1
| #define HAVE_SYS_UIO_H 1
| #define HAVE_SYS_UN_H 1
| #define HAVE_SYS_UTSNAME_H 1
| #define HAVE_SYS_WAIT_H 1
| #define HAVE_SYS_XATTR_H 1
| #define HAVE_SYSEXITS_H 1
| #define HAVE_SYSLOG_H 1
| #define HAVE_TERMIOS_H 1
| #define HAVE_UTIME_H 1
| #define HAVE_UTMP_H 1
| #define HAVE_DIRENT_H 1
| #define MAJOR_IN_SYSMACROS 1
| #define HAVE_NET_IF_H 1
| #define HAVE_LINUX_NETLINK_H 1
| #define HAVE_LINUX_QRTR_H 1
| #define HAVE_LINUX_VM_SOCKETS_H 1
| #define HAVE_LINUX_CAN_H 1
| #define HAVE_LINUX_CAN_BCM_H 1
| #define HAVE_LINUX_CAN_J1939_H 1
| #define HAVE_LINUX_CAN_RAW_H 1
| #define HAVE_CLOCK_T 1
| #define HAVE_MAKEDEV 1
| #define HAVE_HTOLE64 1
| #define _LARGEFILE_SOURCE 1
| #define _FILE_OFFSET_BITS 64
| #if defined(SCO_DS)
| #undef _OFF_T
| #endif
| #define RETSIGTYPE void
| #define HAVE_SSIZE_T 1
| #define HAVE___UINT128_T 1
| #define HAVE_GCC_UINT128_T 1
| #define SIZEOF_INT 4
| #define SIZEOF_LONG 8
| #define ALIGNOF_LONG 8
| #define SIZEOF_LONG_LONG 8
| #define SIZEOF_VOID_P 8
| #define SIZEOF_SHORT 2
| #define SIZEOF_FLOAT 4
| #define SIZEOF_DOUBLE 8
| #define SIZEOF_FPOS_T 16
| #define SIZEOF_SIZE_T 8
| #define ALIGNOF_SIZE_T 8
| #define SIZEOF_PID_T 4
| #define SIZEOF_UINTPTR_T 8
| #define ALIGNOF_MAX_ALIGN_T 16
| #define HAVE_LONG_DOUBLE 1
| #define SIZEOF_LONG_DOUBLE 16
| #define SIZEOF__BOOL 1
| #define SIZEOF_OFF_T 8
| #define SIZEOF_TIME_T 8
| #define SIZEOF_PTHREAD_T 8
| #define SIZEOF_PTHREAD_KEY_T 4
| #define PTHREAD_KEY_T_IS_COMPATIBLE_WITH_INT 1
| #define PY_HAVE_PERF_TRAMPOLINE 1
| #define HAVE_LIBDL 1
| /* end confdefs.h.  */
| 
| /* Override any GCC internal prototype to avoid an error.
|    Use char because int might match the return type of a GCC
|    builtin and then its argument prototype would still apply.  */
| char t_open ();
| int
| main (void)
| {
| return t_open ();
|   ;
|   return 0;
| }
configure:14292: result: no
configure:14299: checking for socket in -lsocket
configure:14322: gcc -o conftest    conftest.c -lsocket -ldl  -ldl  >&5
/usr/bin/ld: cannot find -lsocket: No such file or directory
collect2: error: ld returned 1 exit status
configure:14322: $? = 1
configure: failed program was:
| /* confdefs.h */
| #define _NETBSD_SOURCE 1
| #define __BSD_VISIBLE 1
| #define _DARWIN_C_SOURCE 1
| #define _PYTHONFRAMEWORK ""
| #define _XOPEN_SOURCE 700
| #define _XOPEN_SOURCE_EXTENDED 1
| #define _POSIX_C_SOURCE 200809L
| #define HAVE_STDIO_H 1
| #define HAVE_STDLIB_H 1
| #define HAVE_STRING_H 1
| #define HAVE_INTTYPES_H 1
| #define HAVE_STDINT_H 1
| #define HAVE_STRINGS_H 1
| #define HAVE_SYS_STAT_H 1
| #define HAVE_SYS_TYPES_H 1
| #define HAVE_UNISTD_H 1
| #define HAVE_WCHAR_H 1
| #define STDC_HEADERS 1
| #define _ALL_SOURCE 1
| #define _DARWIN_C_SOURCE 1
| #define _GNU_SOURCE 1
| #define _HPUX_ALT_XOPEN_SOCKET_API 1
| #define _NETBSD_SOURCE 1
| #define _OPENBSD_SOURCE 1
| #define _POSIX_PTHREAD_SEMANTICS 1
| #define __STDC_WANT_IEC_60559_ATTRIBS_EXT__ 1
| #define __STDC_WANT_IEC_60559_BFP_EXT__ 1
| #define __STDC_WANT_IEC_60559_DFP_EXT__ 1
| #define __STDC_WANT_IEC_60559_FUNCS_EXT__ 1
| #define __STDC_WANT_IEC_60559_TYPES_EXT__ 1
| #define __STDC_WANT_LIB_EXT2__ 1
| #define __STDC_WANT_MATH_SPEC_FUNCS__ 1
| #define _TANDEM_SOURCE 1
| #define __EXTENSIONS__ 1
| #define PY_SUPPORT_TIER 1
| #define STDC_HEADERS 1
| #define HAVE_ALLOCA_H 1
| #define HAVE_ASM_TYPES_H 1
| #define HAVE_DLFCN_H 1
| #define HAVE_ENDIAN_H 1
| #define HAVE_ERRNO_H 1
| #define HAVE_FCNTL_H 1
| #define HAVE_GRP_H 1
| #define HAVE_LANGINFO_H 1
| #define HAVE_LIBINTL_H 1
| #define HAVE_LINUX_AUXVEC_H 1
| #define HAVE_SYS_AUXV_H 1
| #define HAVE_LINUX_FS_H 1
| #define HAVE_LINUX_LIMITS_H 1
| #define HAVE_LINUX_MEMFD_H 1
| #define HAVE_LINUX_RANDOM_H 1
| #define HAVE_LINUX_SOUNDCARD_H 1
| #define HAVE_LINUX_TIPC_H 1
| #define HAVE_LINUX_WAIT_H 1
| #define HAVE_NETDB_H 1
| #define HAVE_NET_ETHERNET_H 1
| #define HAVE_NETINET_IN_H 1
| #define HAVE_NETPACKET_PACKET_H 1
| #define HAVE_POLL_H 1
| #define HAVE_PTHREAD_H 1
| #define HAVE_PTY_H 1
| #define HAVE_SCHED_H 1
| #define HAVE_SETJMP_H 1
| #define HAVE_SHADOW_H 1
| #define HAVE_SIGNAL_H 1
| #define HAVE_SPAWN_H 1
| #define HAVE_SYS_EPOLL_H 1
| #define HAVE_SYS_EVENTFD_H 1
| #define HAVE_SYS_FILE_H 1
| #define HAVE_SYS_IOCTL_H 1
| #define HAVE_SYS_MMAN_H 1
| #define HAVE_SYS_PARAM_H 1
| #define HAVE_SYS_PIDFD_H 1
| #define HAVE_SYS_POLL_H 1
| #define HAVE_SYS_RANDOM_H 1
| #define HAVE_SYS_RESOURCE_H 1
| #define HAVE_SYS_SELECT_H 1
| #define HAVE_SYS_SENDFILE_H 1
| #define HAVE_SYS_SOCKET_H 1
| #define HAVE_SYS_SOUNDCARD_H 1
| #define HAVE_SYS_STAT_H 1
| #define HAVE_SYS_STATVFS_H 1
| #define HAVE_SYS_SYSCALL_H 1
| #define HAVE_SYS_SYSMACROS_H 1
| #define HAVE_SYS_TIME_H 1
| #define HAVE_SYS_TIMES_H 1
| #define HAVE_SYS_TIMERFD_H 1
| #define HAVE_SYS_TYPES_H 1
| #define HAVE_SYS_UIO_H 1
| #define HAVE_SYS_UN_H 1
| #define HAVE_SYS_UTSNAME_H 1
| #define HAVE_SYS_WAIT_H 1
| #define HAVE_SYS_XATTR_H 1
| #define HAVE_SYSEXITS_H 1
| #define HAVE_SYSLOG_H 1
| #define HAVE_TERMIOS_H 1
| #define HAVE_UTIME_H 1
| #define HAVE_UTMP_H 1
| #define HAVE_DIRENT_H 1
| #define MAJOR_IN_SYSMACROS 1
| #define HAVE_NET_IF_H 1
| #define HAVE_LINUX_NETLINK_H 1
| #define HAVE_LINUX_QRTR_H 1
| #define HAVE_LINUX_VM_SOCKETS_H 1
| #define HAVE_LINUX_CAN_H 1
| #define HAVE_LINUX_CAN_BCM_H 1
| #define HAVE_LINUX_CAN_J1939_H 1
| #define HAVE_LINUX_CAN_RAW_H 1
| #define HAVE_CLOCK_T 1
| #define HAVE_MAKEDEV 1
| #define HAVE_HTOLE64 1
| #define _LARGEFILE_SOURCE 1
| #define _FILE_OFFSET_BITS 64
| #if defined(SCO_DS)
| #undef _OFF_T
| #endif
| #define RETSIGTYPE void
| #define HAVE_SSIZE_T 1
| #define HAVE___UINT128_T 1
| #define HAVE_GCC_UINT128_T 1
| #define SIZEOF_INT 4
| #define SIZEOF_LONG 8
| #define ALIGNOF_LONG 8
| #define SIZEOF_LONG_LONG 8
| #define SIZEOF_VOID_P 8
| #define SIZEOF_SHORT 2
| #define SIZEOF_FLOAT 4
| #define SIZEOF_DOUBLE 8
| #define SIZEOF_FPOS_T 16
| #define SIZEOF_SIZE_T 8
| #define ALIGNOF_SIZE_T 8
| #define SIZEOF_PID_T 4
| #define SIZEOF_UINTPTR_T 8
| #define ALIGNOF_MAX_ALIGN_T 16
| #define HAVE_LONG_DOUBLE 1
| #define SIZEOF_LONG_DOUBLE 16
| #define SIZEOF__BOOL 1
| #define SIZEOF_OFF_T 8
| #define SIZEOF_TIME_T 8
| #define SIZEOF_PTHREAD_T 8
| #define SIZEOF_PTHREAD_KEY_T 4
| #define PTHREAD_KEY_T_IS_COMPATIBLE_WITH_INT 1
| #define PY_HAVE_PERF_TRAMPOLINE 1
| #define HAVE_LIBDL 1
| /* end confdefs.h.  */
| 
| /* Override any GCC internal prototype to avoid an error.
|    Use char because int might match the return type of a GCC
|    builtin and then its argument prototype would still apply.  */
| char socket ();
| int
| main (void)
| {
| return socket ();
|   ;
|   return 0;
| }
configure:14332: result: no
configure:14385: checking for --with-libs
configure:14397: result: no
configure:14403: checking for --with-system-expat
configure:14415: result: no
configure:14512: checking for libffi
configure:14519: $PKG_CONFIG --exists --print-errors "libffi"
configure:14522: $? = 0
configure:14536: $PKG_CONFIG --exists --print-errors "libffi"
configure:14539: $? = 0
configure:14715: result: yes
configure:14766: checking for ffi_prep_cif_var
configure:14783: gcc -c    conftest.c >&5
configure:14783: $? = 0
configure:14792: result: yes
configure:14805: checking for ffi_prep_closure_loc
configure:14822: gcc -c    conftest.c >&5
configure:14822: $? = 0
configure:14831: result: yes
configure:14844: checking for ffi_closure_alloc
configure:14861: gcc -c    conftest.c >&5
configure:14861: $? = 0
configure:14870: result: yes
configure:14892: checking for --with-system-libmpdec
configure:14903: result: yes
configure:14912: checking for libmpdec >= 2.5.0
configure:14919: $PKG_CONFIG --exists --print-errors "libmpdec >= 2.5.0"
Package libmpdec was not found in the pkg-config search path.
Perhaps you should add the directory containing `libmpdec.pc'
to the PKG_CONFIG_PATH environment variable
Package 'libmpdec', required by 'virtual:world', not found
configure:14922: $? = 1
configure:14936: $PKG_CONFIG --exists --print-errors "libmpdec >= 2.5.0"
Package libmpdec was not found in the pkg-config search path.
Perhaps you should add the directory containing `libmpdec.pc'
to the PKG_CONFIG_PATH environment variable
Package 'libmpdec', required by 'virtual:world', not found
configure:14939: $? = 1
configure:14953: result: no
Package 'libmpdec', required by 'virtual:world', not found
configure:15021: gcc -o conftest     conftest.c -ldl  -lmpdec -lm >&5
conftest.c:152:18: fatal error: mpdecimal.h: No such file or directory
  152 |         #include <mpdecimal.h>
      |                  ^~~~~~~~~~~~~
compilation terminated.
configure:15021: $? = 1
configure: failed program was:
| /* confdefs.h */
| #define _NETBSD_SOURCE 1
| #define __BSD_VISIBLE 1
| #define _DARWIN_C_SOURCE 1
| #define _PYTHONFRAMEWORK ""
| #define _XOPEN_SOURCE 700
| #define _XOPEN_SOURCE_EXTENDED 1
| #define _POSIX_C_SOURCE 200809L
| #define HAVE_STDIO_H 1
| #define HAVE_STDLIB_H 1
| #define HAVE_STRING_H 1
| #define HAVE_INTTYPES_H 1
| #define HAVE_STDINT_H 1
| #define HAVE_STRINGS_H 1
| #define HAVE_SYS_STAT_H 1
| #define HAVE_SYS_TYPES_H 1
| #define HAVE_UNISTD_H 1
| #define HAVE_WCHAR_H 1
| #define STDC_HEADERS 1
| #define _ALL_SOURCE 1
| #define _DARWIN_C_SOURCE 1
| #define _GNU_SOURCE 1
| #define _HPUX_ALT_XOPEN_SOCKET_API 1
| #define _NETBSD_SOURCE 1
| #define _OPENBSD_SOURCE 1
| #define _POSIX_PTHREAD_SEMANTICS 1
| #define __STDC_WANT_IEC_60559_ATTRIBS_EXT__ 1
| #define __STDC_WANT_IEC_60559_BFP_EXT__ 1
| #define __STDC_WANT_IEC_60559_DFP_EXT__ 1
| #define __STDC_WANT_IEC_60559_FUNCS_EXT__ 1
| #define __STDC_WANT_IEC_60559_TYPES_EXT__ 1
| #define __STDC_WANT_LIB_EXT2__ 1
| #define __STDC_WANT_MATH_SPEC_FUNCS__ 1
| #define _TANDEM_SOURCE 1
| #define __EXTENSIONS__ 1
| #define PY_SUPPORT_TIER 1
| #define STDC_HEADERS 1
| #define HAVE_ALLOCA_H 1
| #define HAVE_ASM_TYPES_H 1
| #define HAVE_DLFCN_H 1
| #define HAVE_ENDIAN_H 1
| #define HAVE_ERRNO_H 1
| #define HAVE_FCNTL_H 1
| #define HAVE_GRP_H 1
| #define HAVE_LANGINFO_H 1
| #define HAVE_LIBINTL_H 1
| #define HAVE_LINUX_AUXVEC_H 1
| #define HAVE_SYS_AUXV_H 1
| #define HAVE_LINUX_FS_H 1
| #define HAVE_LINUX_LIMITS_H 1
| #define HAVE_LINUX_MEMFD_H 1
| #define HAVE_LINUX_RANDOM_H 1
| #define HAVE_LINUX_SOUNDCARD_H 1
| #define HAVE_LINUX_TIPC_H 1
| #define HAVE_LINUX_WAIT_H 1
| #define HAVE_NETDB_H 1
| #define HAVE_NET_ETHERNET_H 1
| #define HAVE_NETINET_IN_H 1
| #define HAVE_NETPACKET_PACKET_H 1
| #define HAVE_POLL_H 1
| #define HAVE_PTHREAD_H 1
| #define HAVE_PTY_H 1
| #define HAVE_SCHED_H 1
| #define HAVE_SETJMP_H 1
| #define HAVE_SHADOW_H 1
| #define HAVE_SIGNAL_H 1
| #define HAVE_SPAWN_H 1
| #define HAVE_SYS_EPOLL_H 1
| #define HAVE_SYS_EVENTFD_H 1
| #define HAVE_SYS_FILE_H 1
| #define HAVE_SYS_IOCTL_H 1
| #define HAVE_SYS_MMAN_H 1
| #define HAVE_SYS_PARAM_H 1
| #define HAVE_SYS_PIDFD_H 1
| #define HAVE_SYS_POLL_H 1
| #define HAVE_SYS_RANDOM_H 1
| #define HAVE_SYS_RESOURCE_H 1
| #define HAVE_SYS_SELECT_H 1
| #define HAVE_SYS_SENDFILE_H 1
| #define HAVE_SYS_SOCKET_H 1
| #define HAVE_SYS_SOUNDCARD_H 1
| #define HAVE_SYS_STAT_H 1
| #define HAVE_SYS_STATVFS_H 1
| #define HAVE_SYS_SYSCALL_H 1
| #define HAVE_SYS_SYSMACROS_H 1
| #define HAVE_SYS_TIME_H 1
| #define HAVE_SYS_TIMES_H 1
| #define HAVE_SYS_TIMERFD_H 1
| #define HAVE_SYS_TYPES_H 1
| #define HAVE_SYS_UIO_H 1
| #define HAVE_SYS_UN_H 1
| #define HAVE_SYS_UTSNAME_H 1
| #define HAVE_SYS_WAIT_H 1
| #define HAVE_SYS_XATTR_H 1
| #define HAVE_SYSEXITS_H 1
| #define HAVE_SYSLOG_H 1
| #define HAVE_TERMIOS_H 1
| #define HAVE_UTIME_H 1
| #define HAVE_UTMP_H 1
| #define HAVE_DIRENT_H 1
| #define MAJOR_IN_SYSMACROS 1
| #define HAVE_NET_IF_H 1
| #define HAVE_LINUX_NETLINK_H 1
| #define HAVE_LINUX_QRTR_H 1
| #define HAVE_LINUX_VM_SOCKETS_H 1
| #define HAVE_LINUX_CAN_H 1
| #define HAVE_LINUX_CAN_BCM_H 1
| #define HAVE_LINUX_CAN_J1939_H 1
| #define HAVE_LINUX_CAN_RAW_H 1
| #define HAVE_CLOCK_T 1
| #define HAVE_MAKEDEV 1
| #define HAVE_HTOLE64 1
| #define _LARGEFILE_SOURCE 1
| #define _FILE_OFFSET_BITS 64
| #if defined(SCO_DS)
| #undef _OFF_T
| #endif
| #define RETSIGTYPE void
| #define HAVE_SSIZE_T 1
| #define HAVE___UINT128_T 1
| #define HAVE_GCC_UINT128_T 1
| #define SIZEOF_INT 4
| #define SIZEOF_LONG 8
| #define ALIGNOF_LONG 8
| #define SIZEOF_LONG_LONG 8
| #define SIZEOF_VOID_P 8
| #define SIZEOF_SHORT 2
| #define SIZEOF_FLOAT 4
| #define SIZEOF_DOUBLE 8
| #define SIZEOF_FPOS_T 16
| #define SIZEOF_SIZE_T 8
| #define ALIGNOF_SIZE_T 8
| #define SIZEOF_PID_T 4
| #define SIZEOF_UINTPTR_T 8
| #define ALIGNOF_MAX_ALIGN_T 16
| #define HAVE_LONG_DOUBLE 1
| #define SIZEOF_LONG_DOUBLE 16
| #define SIZEOF__BOOL 1
| #define SIZEOF_OFF_T 8
| #define SIZEOF_TIME_T 8
| #define SIZEOF_PTHREAD_T 8
| #define SIZEOF_PTHREAD_KEY_T 4
| #define PTHREAD_KEY_T_IS_COMPATIBLE_WITH_INT 1
| #define PY_HAVE_PERF_TRAMPOLINE 1
| #define HAVE_LIBDL 1
| #define HAVE_FFI_PREP_CIF_VAR 1
| #define HAVE_FFI_PREP_CLOSURE_LOC 1
| #define HAVE_FFI_CLOSURE_ALLOC 1
| /* end confdefs.h.  */
| 
| 
|         #include <mpdecimal.h>
|         #if MPD_VERSION_HEX < 0x02050000
|         #  error "mpdecimal 2.5.0 or higher required"
|         #endif
| 
| int
| main (void)
| {
| const char *x = mpd_version();
|   ;
|   return 0;
| }
configure:15043: WARNING: no system libmpdec found; falling back to bundled libmpdec (deprecated and scheduled for removal in Python 3.16)
configure:15059: checking for --with-decimal-contextvar
configure:15078: result: yes
configure:15084: checking for decimal libmpdec machine
configure:15124: result: uint128
configure:15181: checking for sqlite3 >= 3.15.2
configure:15188: $PKG_CONFIG --exists --print-errors "sqlite3 >= 3.15.2"
configure:15191: $? = 0
configure:15205: $PKG_CONFIG --exists --print-errors "sqlite3 >= 3.15.2"
configure:15208: $? = 0
configure:15254: result: yes
configure:15271: checking for sqlite3.h
configure:15271: gcc -c    -I$(srcdir)/Modules/_sqlite conftest.c >&5
configure:15271: $? = 0
configure:15271: result: yes
configure:15295: gcc -c    -I$(srcdir)/Modules/_sqlite conftest.c >&5
configure:15295: $? = 0
configure:15300: checking for sqlite3_bind_double in -lsqlite3
configure:15323: gcc -o conftest    -I$(srcdir)/Modules/_sqlite  conftest.c -lsqlite3  -ldl  -lsqlite3  >&5
configure:15323: $? = 0
configure:15333: result: yes
configure:15349: checking for sqlite3_column_decltype in -lsqlite3
configure:15372: gcc -o conftest    -I$(srcdir)/Modules/_sqlite  conftest.c -lsqlite3  -lsqlite3 -ldl  -lsqlite3  >&5
configure:15372: $? = 0
configure:15382: result: yes
configure:15398: checking for sqlite3_column_double in -lsqlite3
configure:15421: gcc -o conftest    -I$(srcdir)/Modules/_sqlite  conftest.c -lsqlite3  -lsqlite3 -lsqlite3 -ldl  -lsqlite3  >&5
configure:15421: $? = 0
configure:15431: result: yes
configure:15447: checking for sqlite3_complete in -lsqlite3
configure:15470: gcc -o conftest    -I$(srcdir)/Modules/_sqlite  conftest.c -lsqlite3  -lsqlite3 -lsqlite3 -lsqlite3 -ldl  -lsqlite3  >&5
configure:15470: $? = 0
configure:15480: result: yes
configure:15496: checking for sqlite3_progress_handler in -lsqlite3
configure:15519: gcc -o conftest    -I$(srcdir)/Modules/_sqlite  conftest.c -lsqlite3  -lsqlite3 -lsqlite3 -lsqlite3 -lsqlite3 -ldl  -lsqlite3  >&5
configure:15519: $? = 0
configure:15529: result: yes
configure:15545: checking for sqlite3_result_double in -lsqlite3
configure:15568: gcc -o conftest    -I$(srcdir)/Modules/_sqlite  conftest.c -lsqlite3  -lsqlite3 -lsqlite3 -lsqlite3 -lsqlite3 -lsqlite3 -ldl  -lsqlite3  >&5
configure:15568: $? = 0
configure:15578: result: yes
configure:15594: checking for sqlite3_set_authorizer in -lsqlite3
configure:15617: gcc -o conftest    -I$(srcdir)/Modules/_sqlite  conftest.c -lsqlite3  -lsqlite3 -lsqlite3 -lsqlite3 -lsqlite3 -lsqlite3 -lsqlite3 -ldl  -lsqlite3  >&5
configure:15617: $? = 0
configure:15627: result: yes
configure:15643: checking for sqlite3_trace_v2 in -lsqlite3
configure:15666: gcc -o conftest    -I$(srcdir)/Modules/_sqlite  conftest.c -lsqlite3  -lsqlite3 -lsqlite3 -lsqlite3 -lsqlite3 -lsqlite3 -lsqlite3 -lsqlite3 -ldl  -lsqlite3  >&5
configure:15666: $? = 0
configure:15676: result: yes
configure:15742: checking for sqlite3_value_double in -lsqlite3
configure:15765: gcc -o conftest    -I$(srcdir)/Modules/_sqlite  conftest.c -lsqlite3  -lsqlite3 -lsqlite3 -lsqlite3 -lsqlite3 -lsqlite3 -lsqlite3 -lsqlite3 -lsqlite3 -ldl  -lsqlite3  >&5
configure:15765: $? = 0
configure:15775: result: yes
configure:15790: checking for sqlite3_load_extension in -lsqlite3
configure:15813: gcc -o conftest    -I$(srcdir)/Modules/_sqlite  conftest.c -lsqlite3  -lsqlite3 -lsqlite3 -lsqlite3 -lsqlite3 -lsqlite3 -lsqlite3 -lsqlite3 -lsqlite3 -lsqlite3 -ldl  -lsqlite3  >&5
configure:15813: $? = 0
configure:15823: result: yes
configure:15833: checking for sqlite3_serialize in -lsqlite3
configure:15856: gcc -o conftest    -I$(srcdir)/Modules/_sqlite  conftest.c -lsqlite3  -lsqlite3 -lsqlite3 -lsqlite3 -lsqlite3 -lsqlite3 -lsqlite3 -lsqlite3 -lsqlite3 -lsqlite3 -ldl  -lsqlite3  >&5
configure:15856: $? = 0
configure:15866: result: yes
configure:15895: checking for --enable-loadable-sqlite-extensions
configure:15921: result: no
configure:15937: $PKG_CONFIG --exists --print-errors "$_QUERY"
Package tcl was not found in the pkg-config search path.
Perhaps you should add the directory containing `tcl.pc'
to the PKG_CONFIG_PATH environment variable
Package 'tcl', required by 'virtual:world', not found
Package 'tk', required by 'virtual:world', not found
configure:15940: $? = 1
configure:15937: $PKG_CONFIG --exists --print-errors "$_QUERY"
Package tcl8.6 was not found in the pkg-config search path.
Perhaps you should add the directory containing `tcl8.6.pc'
to the PKG_CONFIG_PATH environment variable
Package 'tcl8.6', required by 'virtual:world', not found
Package 'tk8.6', required by 'virtual:world', not found
configure:15940: $? = 1
configure:15937: $PKG_CONFIG --exists --print-errors "$_QUERY"
Package tcl86 was not found in the pkg-config search path.
Perhaps you should add the directory containing `tcl86.pc'
to the PKG_CONFIG_PATH environment variable
Package 'tcl86', required by 'virtual:world', not found
Package 'tk86', required by 'virtual:world', not found
configure:15940: $? = 1
configure:15937: $PKG_CONFIG --exists --print-errors "$_QUERY"
Package tcl8.5 was not found in the pkg-config search path.
Perhaps you should add the directory containing `tcl8.5.pc'
to the PKG_CONFIG_PATH environment variable
Package 'tcl8.5', required by 'virtual:world', not found
Package 'tk8.5', required by 'virtual:world', not found
configure:15940: $? = 1
configure:15937: $PKG_CONFIG --exists --print-errors "$_QUERY"
Package tcl85 was not found in the pkg-config search path.
Perhaps you should add the directory containing `tcl85.pc'
to the PKG_CONFIG_PATH environment variable
Package 'tcl85', required by 'virtual:world', not found
Package 'tk85', required by 'virtual:world', not found
configure:15940: $? = 1
configure:16185: gcc -o conftest     conftest.c -ldl   >&5
conftest.c:163:16: fatal error: tcl.h: No such file or directory
  163 |       #include <tcl.h>
      |                ^~~~~~~
compilation terminated.
configure:16185: $? = 1
configure: failed program was:
| /* confdefs.h */
| #define _NETBSD_SOURCE 1
| #define __BSD_VISIBLE 1
| #define _DARWIN_C_SOURCE 1
| #define _PYTHONFRAMEWORK ""
| #define _XOPEN_SOURCE 700
| #define _XOPEN_SOURCE_EXTENDED 1
| #define _POSIX_C_SOURCE 200809L
| #define HAVE_STDIO_H 1
| #define HAVE_STDLIB_H 1
| #define HAVE_STRING_H 1
| #define HAVE_INTTYPES_H 1
| #define HAVE_STDINT_H 1
| #define HAVE_STRINGS_H 1
| #define HAVE_SYS_STAT_H 1
| #define HAVE_SYS_TYPES_H 1
| #define HAVE_UNISTD_H 1
| #define HAVE_WCHAR_H 1
| #define STDC_HEADERS 1
| #define _ALL_SOURCE 1
| #define _DARWIN_C_SOURCE 1
| #define _GNU_SOURCE 1
| #define _HPUX_ALT_XOPEN_SOCKET_API 1
| #define _NETBSD_SOURCE 1
| #define _OPENBSD_SOURCE 1
| #define _POSIX_PTHREAD_SEMANTICS 1
| #define __STDC_WANT_IEC_60559_ATTRIBS_EXT__ 1
| #define __STDC_WANT_IEC_60559_BFP_EXT__ 1
| #define __STDC_WANT_IEC_60559_DFP_EXT__ 1
| #define __STDC_WANT_IEC_60559_FUNCS_EXT__ 1
| #define __STDC_WANT_IEC_60559_TYPES_EXT__ 1
| #define __STDC_WANT_LIB_EXT2__ 1
| #define __STDC_WANT_MATH_SPEC_FUNCS__ 1
| #define _TANDEM_SOURCE 1
| #define __EXTENSIONS__ 1
| #define PY_SUPPORT_TIER 1
| #define STDC_HEADERS 1
| #define HAVE_ALLOCA_H 1
| #define HAVE_ASM_TYPES_H 1
| #define HAVE_DLFCN_H 1
| #define HAVE_ENDIAN_H 1
| #define HAVE_ERRNO_H 1
| #define HAVE_FCNTL_H 1
| #define HAVE_GRP_H 1
| #define HAVE_LANGINFO_H 1
| #define HAVE_LIBINTL_H 1
| #define HAVE_LINUX_AUXVEC_H 1
| #define HAVE_SYS_AUXV_H 1
| #define HAVE_LINUX_FS_H 1
| #define HAVE_LINUX_LIMITS_H 1
| #define HAVE_LINUX_MEMFD_H 1
| #define HAVE_LINUX_RANDOM_H 1
| #define HAVE_LINUX_SOUNDCARD_H 1
| #define HAVE_LINUX_TIPC_H 1
| #define HAVE_LINUX_WAIT_H 1
| #define HAVE_NETDB_H 1
| #define HAVE_NET_ETHERNET_H 1
| #define HAVE_NETINET_IN_H 1
| #define HAVE_NETPACKET_PACKET_H 1
| #define HAVE_POLL_H 1
| #define HAVE_PTHREAD_H 1
| #define HAVE_PTY_H 1
| #define HAVE_SCHED_H 1
| #define HAVE_SETJMP_H 1
| #define HAVE_SHADOW_H 1
| #define HAVE_SIGNAL_H 1
| #define HAVE_SPAWN_H 1
| #define HAVE_SYS_EPOLL_H 1
| #define HAVE_SYS_EVENTFD_H 1
| #define HAVE_SYS_FILE_H 1
| #define HAVE_SYS_IOCTL_H 1
| #define HAVE_SYS_MMAN_H 1
| #define HAVE_SYS_PARAM_H 1
| #define HAVE_SYS_PIDFD_H 1
| #define HAVE_SYS_POLL_H 1
| #define HAVE_SYS_RANDOM_H 1
| #define HAVE_SYS_RESOURCE_H 1
| #define HAVE_SYS_SELECT_H 1
| #define HAVE_SYS_SENDFILE_H 1
| #define HAVE_SYS_SOCKET_H 1
| #define HAVE_SYS_SOUNDCARD_H 1
| #define HAVE_SYS_STAT_H 1
| #define HAVE_SYS_STATVFS_H 1
| #define HAVE_SYS_SYSCALL_H 1
| #define HAVE_SYS_SYSMACROS_H 1
| #define HAVE_SYS_TIME_H 1
| #define HAVE_SYS_TIMES_H 1
| #define HAVE_SYS_TIMERFD_H 1
| #define HAVE_SYS_TYPES_H 1
| #define HAVE_SYS_UIO_H 1
| #define HAVE_SYS_UN_H 1
| #define HAVE_SYS_UTSNAME_H 1
| #define HAVE_SYS_WAIT_H 1
| #define HAVE_SYS_XATTR_H 1
| #define HAVE_SYSEXITS_H 1
| #define HAVE_SYSLOG_H 1
| #define HAVE_TERMIOS_H 1
| #define HAVE_UTIME_H 1
| #define HAVE_UTMP_H 1
| #define HAVE_DIRENT_H 1
| #define MAJOR_IN_SYSMACROS 1
| #define HAVE_NET_IF_H 1
| #define HAVE_LINUX_NETLINK_H 1
| #define HAVE_LINUX_QRTR_H 1
| #define HAVE_LINUX_VM_SOCKETS_H 1
| #define HAVE_LINUX_CAN_H 1
| #define HAVE_LINUX_CAN_BCM_H 1
| #define HAVE_LINUX_CAN_J1939_H 1
| #define HAVE_LINUX_CAN_RAW_H 1
| #define HAVE_CLOCK_T 1
| #define HAVE_MAKEDEV 1
| #define HAVE_HTOLE64 1
| #define _LARGEFILE_SOURCE 1
| #define _FILE_OFFSET_BITS 64
| #if defined(SCO_DS)
| #undef _OFF_T
| #endif
| #define RETSIGTYPE void
| #define HAVE_SSIZE_T 1
| #define HAVE___UINT128_T 1
| #define HAVE_GCC_UINT128_T 1
| #define SIZEOF_INT 4
| #define SIZEOF_LONG 8
| #define ALIGNOF_LONG 8
| #define SIZEOF_LONG_LONG 8
| #define SIZEOF_VOID_P 8
| #define SIZEOF_SHORT 2
| #define SIZEOF_FLOAT 4
| #define SIZEOF_DOUBLE 8
| #define SIZEOF_FPOS_T 16
| #define SIZEOF_SIZE_T 8
| #define ALIGNOF_SIZE_T 8
| #define SIZEOF_PID_T 4
| #define SIZEOF_UINTPTR_T 8
| #define ALIGNOF_MAX_ALIGN_T 16
| #define HAVE_LONG_DOUBLE 1
| #define SIZEOF_LONG_DOUBLE 16
| #define SIZEOF__BOOL 1
| #define SIZEOF_OFF_T 8
| #define SIZEOF_TIME_T 8
| #define SIZEOF_PTHREAD_T 8
| #define SIZEOF_PTHREAD_KEY_T 4
| #define PTHREAD_KEY_T_IS_COMPATIBLE_WITH_INT 1
| #define PY_HAVE_PERF_TRAMPOLINE 1
| #define HAVE_LIBDL 1
| #define HAVE_FFI_PREP_CIF_VAR 1
| #define HAVE_FFI_PREP_CLOSURE_LOC 1
| #define HAVE_FFI_CLOSURE_ALLOC 1
| #define WITH_DECIMAL_CONTEXTVAR 1
| #define HAVE_LIBSQLITE3 1
| #define HAVE_LIBSQLITE3 1
| #define HAVE_LIBSQLITE3 1
| #define HAVE_LIBSQLITE3 1
| #define HAVE_LIBSQLITE3 1
| #define HAVE_LIBSQLITE3 1
| #define HAVE_LIBSQLITE3 1
| #define HAVE_LIBSQLITE3 1
| #define HAVE_LIBSQLITE3 1
| #define PY_SQLITE_HAVE_SERIALIZE 1
| /* end confdefs.h.  */
| 
| 
|       #include <tcl.h>
|       #include <tk.h>
|       #if defined(TK_HEX_VERSION)
|       #  if TK_HEX_VERSION < 0x0805020c
|       #    error "Tk older than 8.5.12 not supported"
|       #  endif
|       #endif
|       #if (TCL_MAJOR_VERSION < 8) ||           ((TCL_MAJOR_VERSION == 8) && (TCL_MINOR_VERSION < 5)) ||           ((TCL_MAJOR_VERSION == 8) && (TCL_MINOR_VERSION == 5) && (TCL_RELEASE_SERIAL < 12))
|       #  error "Tcl older than 8.5.12 not supported"
|       #endif
|       #if (TK_MAJOR_VERSION < 8) ||           ((TK_MAJOR_VERSION == 8) && (TK_MINOR_VERSION < 5)) ||           ((TK_MAJOR_VERSION == 8) && (TK_MINOR_VERSION == 5) && (TK_RELEASE_SERIAL < 12))
|       #  error "Tk older than 8.5.12 not supported"
|       #endif
| 
| int
| main (void)
| {
| 
|       void *x1 = Tcl_Init;
|       void *x2 = Tk_Init;
| 
|   ;
|   return 0;
| }
| 
configure:16218: checking for gdbm.h
configure:16218: gcc -c    conftest.c >&5
conftest.c:189:10: fatal error: gdbm.h: No such file or directory
  189 | #include <gdbm.h>
      |          ^~~~~~~~
compilation terminated.
configure:16218: $? = 1
configure: failed program was:
| /* confdefs.h */
| #define _NETBSD_SOURCE 1
| #define __BSD_VISIBLE 1
| #define _DARWIN_C_SOURCE 1
| #define _PYTHONFRAMEWORK ""
| #define _XOPEN_SOURCE 700
| #define _XOPEN_SOURCE_EXTENDED 1
| #define _POSIX_C_SOURCE 200809L
| #define HAVE_STDIO_H 1
| #define HAVE_STDLIB_H 1
| #define HAVE_STRING_H 1
| #define HAVE_INTTYPES_H 1
| #define HAVE_STDINT_H 1
| #define HAVE_STRINGS_H 1
| #define HAVE_SYS_STAT_H 1
| #define HAVE_SYS_TYPES_H 1
| #define HAVE_UNISTD_H 1
| #define HAVE_WCHAR_H 1
| #define STDC_HEADERS 1
| #define _ALL_SOURCE 1
| #define _DARWIN_C_SOURCE 1
| #define _GNU_SOURCE 1
| #define _HPUX_ALT_XOPEN_SOCKET_API 1
| #define _NETBSD_SOURCE 1
| #define _OPENBSD_SOURCE 1
| #define _POSIX_PTHREAD_SEMANTICS 1
| #define __STDC_WANT_IEC_60559_ATTRIBS_EXT__ 1
| #define __STDC_WANT_IEC_60559_BFP_EXT__ 1
| #define __STDC_WANT_IEC_60559_DFP_EXT__ 1
| #define __STDC_WANT_IEC_60559_FUNCS_EXT__ 1
| #define __STDC_WANT_IEC_60559_TYPES_EXT__ 1
| #define __STDC_WANT_LIB_EXT2__ 1
| #define __STDC_WANT_MATH_SPEC_FUNCS__ 1
| #define _TANDEM_SOURCE 1
| #define __EXTENSIONS__ 1
| #define PY_SUPPORT_TIER 1
| #define STDC_HEADERS 1
| #define HAVE_ALLOCA_H 1
| #define HAVE_ASM_TYPES_H 1
| #define HAVE_DLFCN_H 1
| #define HAVE_ENDIAN_H 1
| #define HAVE_ERRNO_H 1
| #define HAVE_FCNTL_H 1
| #define HAVE_GRP_H 1
| #define HAVE_LANGINFO_H 1
| #define HAVE_LIBINTL_H 1
| #define HAVE_LINUX_AUXVEC_H 1
| #define HAVE_SYS_AUXV_H 1
| #define HAVE_LINUX_FS_H 1
| #define HAVE_LINUX_LIMITS_H 1
| #define HAVE_LINUX_MEMFD_H 1
| #define HAVE_LINUX_RANDOM_H 1
| #define HAVE_LINUX_SOUNDCARD_H 1
| #define HAVE_LINUX_TIPC_H 1
| #define HAVE_LINUX_WAIT_H 1
| #define HAVE_NETDB_H 1
| #define HAVE_NET_ETHERNET_H 1
| #define HAVE_NETINET_IN_H 1
| #define HAVE_NETPACKET_PACKET_H 1
| #define HAVE_POLL_H 1
| #define HAVE_PTHREAD_H 1
| #define HAVE_PTY_H 1
| #define HAVE_SCHED_H 1
| #define HAVE_SETJMP_H 1
| #define HAVE_SHADOW_H 1
| #define HAVE_SIGNAL_H 1
| #define HAVE_SPAWN_H 1
| #define HAVE_SYS_EPOLL_H 1
| #define HAVE_SYS_EVENTFD_H 1
| #define HAVE_SYS_FILE_H 1
| #define HAVE_SYS_IOCTL_H 1
| #define HAVE_SYS_MMAN_H 1
| #define HAVE_SYS_PARAM_H 1
| #define HAVE_SYS_PIDFD_H 1
| #define HAVE_SYS_POLL_H 1
| #define HAVE_SYS_RANDOM_H 1
| #define HAVE_SYS_RESOURCE_H 1
| #define HAVE_SYS_SELECT_H 1
| #define HAVE_SYS_SENDFILE_H 1
| #define HAVE_SYS_SOCKET_H 1
| #define HAVE_SYS_SOUNDCARD_H 1
| #define HAVE_SYS_STAT_H 1
| #define HAVE_SYS_STATVFS_H 1
| #define HAVE_SYS_SYSCALL_H 1
| #define HAVE_SYS_SYSMACROS_H 1
| #define HAVE_SYS_TIME_H 1
| #define HAVE_SYS_TIMES_H 1
| #define HAVE_SYS_TIMERFD_H 1
| #define HAVE_SYS_TYPES_H 1
| #define HAVE_SYS_UIO_H 1
| #define HAVE_SYS_UN_H 1
| #define HAVE_SYS_UTSNAME_H 1
| #define HAVE_SYS_WAIT_H 1
| #define HAVE_SYS_XATTR_H 1
| #define HAVE_SYSEXITS_H 1
| #define HAVE_SYSLOG_H 1
| #define HAVE_TERMIOS_H 1
| #define HAVE_UTIME_H 1
| #define HAVE_UTMP_H 1
| #define HAVE_DIRENT_H 1
| #define MAJOR_IN_SYSMACROS 1
| #define HAVE_NET_IF_H 1
| #define HAVE_LINUX_NETLINK_H 1
| #define HAVE_LINUX_QRTR_H 1
| #define HAVE_LINUX_VM_SOCKETS_H 1
| #define HAVE_LINUX_CAN_H 1
| #define HAVE_LINUX_CAN_BCM_H 1
| #define HAVE_LINUX_CAN_J1939_H 1
| #define HAVE_LINUX_CAN_RAW_H 1
| #define HAVE_CLOCK_T 1
| #define HAVE_MAKEDEV 1
| #define HAVE_HTOLE64 1
| #define _LARGEFILE_SOURCE 1
| #define _FILE_OFFSET_BITS 64
| #if defined(SCO_DS)
| #undef _OFF_T
| #endif
| #define RETSIGTYPE void
| #define HAVE_SSIZE_T 1
| #define HAVE___UINT128_T 1
| #define HAVE_GCC_UINT128_T 1
| #define SIZEOF_INT 4
| #define SIZEOF_LONG 8
| #define ALIGNOF_LONG 8
| #define SIZEOF_LONG_LONG 8
| #define SIZEOF_VOID_P 8
| #define SIZEOF_SHORT 2
| #define SIZEOF_FLOAT 4
| #define SIZEOF_DOUBLE 8
| #define SIZEOF_FPOS_T 16
| #define SIZEOF_SIZE_T 8
| #define ALIGNOF_SIZE_T 8
| #define SIZEOF_PID_T 4
| #define SIZEOF_UINTPTR_T 8
| #define ALIGNOF_MAX_ALIGN_T 16
| #define HAVE_LONG_DOUBLE 1
| #define SIZEOF_LONG_DOUBLE 16
| #define SIZEOF__BOOL 1
| #define SIZEOF_OFF_T 8
| #define SIZEOF_TIME_T 8
| #define SIZEOF_PTHREAD_T 8
| #define SIZEOF_PTHREAD_KEY_T 4
| #define PTHREAD_KEY_T_IS_COMPATIBLE_WITH_INT 1
| #define PY_HAVE_PERF_TRAMPOLINE 1
| #define HAVE_LIBDL 1
| #define HAVE_FFI_PREP_CIF_VAR 1
| #define HAVE_FFI_PREP_CLOSURE_LOC 1
| #define HAVE_FFI_CLOSURE_ALLOC 1
| #define WITH_DECIMAL_CONTEXTVAR 1
| #define HAVE_LIBSQLITE3 1
| #define HAVE_LIBSQLITE3 1
| #define HAVE_LIBSQLITE3 1
| #define HAVE_LIBSQLITE3 1
| #define HAVE_LIBSQLITE3 1
| #define HAVE_LIBSQLITE3 1
| #define HAVE_LIBSQLITE3 1
| #define HAVE_LIBSQLITE3 1
| #define HAVE_LIBSQLITE3 1
| #define PY_SQLITE_HAVE_SERIALIZE 1
| /* end confdefs.h.  */
| #include <stddef.h>
| #ifdef HAVE_STDIO_H
| # include <stdio.h>
| #endif
| #ifdef HAVE_STDLIB_H
| # include <stdlib.h>
| #endif
| #ifdef HAVE_STRING_H
| # include <string.h>
| #endif
| #ifdef HAVE_INTTYPES_H
| # include <inttypes.h>
| #endif
| #ifdef HAVE_STDINT_H
| # include <stdint.h>
| #endif
| #ifdef HAVE_STRINGS_H
| # include <strings.h>
| #endif
| #ifdef HAVE_SYS_TYPES_H
| # include <sys/types.h>
| #endif
| #ifdef HAVE_SYS_STAT_H
| # include <sys/stat.h>
| #endif
| #ifdef HAVE_UNISTD_H
| # include <unistd.h>
| #endif
| #include <gdbm.h>
configure:16218: result: no
configure:16284: checking for ndbm.h
configure:16284: gcc -c   conftest.c >&5
conftest.c:189:10: fatal error: ndbm.h: No such file or directory
  189 | #include <ndbm.h>
      |          ^~~~~~~~
compilation terminated.
configure:16284: $? = 1
configure: failed program was:
| /* confdefs.h */
| #define _NETBSD_SOURCE 1
| #define __BSD_VISIBLE 1
| #define _DARWIN_C_SOURCE 1
| #define _PYTHONFRAMEWORK ""
| #define _XOPEN_SOURCE 700
| #define _XOPEN_SOURCE_EXTENDED 1
| #define _POSIX_C_SOURCE 200809L
| #define HAVE_STDIO_H 1
| #define HAVE_STDLIB_H 1
| #define HAVE_STRING_H 1
| #define HAVE_INTTYPES_H 1
| #define HAVE_STDINT_H 1
| #define HAVE_STRINGS_H 1
| #define HAVE_SYS_STAT_H 1
| #define HAVE_SYS_TYPES_H 1
| #define HAVE_UNISTD_H 1
| #define HAVE_WCHAR_H 1
| #define STDC_HEADERS 1
| #define _ALL_SOURCE 1
| #define _DARWIN_C_SOURCE 1
| #define _GNU_SOURCE 1
| #define _HPUX_ALT_XOPEN_SOCKET_API 1
| #define _NETBSD_SOURCE 1
| #define _OPENBSD_SOURCE 1
| #define _POSIX_PTHREAD_SEMANTICS 1
| #define __STDC_WANT_IEC_60559_ATTRIBS_EXT__ 1
| #define __STDC_WANT_IEC_60559_BFP_EXT__ 1
| #define __STDC_WANT_IEC_60559_DFP_EXT__ 1
| #define __STDC_WANT_IEC_60559_FUNCS_EXT__ 1
| #define __STDC_WANT_IEC_60559_TYPES_EXT__ 1
| #define __STDC_WANT_LIB_EXT2__ 1
| #define __STDC_WANT_MATH_SPEC_FUNCS__ 1
| #define _TANDEM_SOURCE 1
| #define __EXTENSIONS__ 1
| #define PY_SUPPORT_TIER 1
| #define STDC_HEADERS 1
| #define HAVE_ALLOCA_H 1
| #define HAVE_ASM_TYPES_H 1
| #define HAVE_DLFCN_H 1
| #define HAVE_ENDIAN_H 1
| #define HAVE_ERRNO_H 1
| #define HAVE_FCNTL_H 1
| #define HAVE_GRP_H 1
| #define HAVE_LANGINFO_H 1
| #define HAVE_LIBINTL_H 1
| #define HAVE_LINUX_AUXVEC_H 1
| #define HAVE_SYS_AUXV_H 1
| #define HAVE_LINUX_FS_H 1
| #define HAVE_LINUX_LIMITS_H 1
| #define HAVE_LINUX_MEMFD_H 1
| #define HAVE_LINUX_RANDOM_H 1
| #define HAVE_LINUX_SOUNDCARD_H 1
| #define HAVE_LINUX_TIPC_H 1
| #define HAVE_LINUX_WAIT_H 1
| #define HAVE_NETDB_H 1
| #define HAVE_NET_ETHERNET_H 1
| #define HAVE_NETINET_IN_H 1
| #define HAVE_NETPACKET_PACKET_H 1
| #define HAVE_POLL_H 1
| #define HAVE_PTHREAD_H 1
| #define HAVE_PTY_H 1
| #define HAVE_SCHED_H 1
| #define HAVE_SETJMP_H 1
| #define HAVE_SHADOW_H 1
| #define HAVE_SIGNAL_H 1
| #define HAVE_SPAWN_H 1
| #define HAVE_SYS_EPOLL_H 1
| #define HAVE_SYS_EVENTFD_H 1
| #define HAVE_SYS_FILE_H 1
| #define HAVE_SYS_IOCTL_H 1
| #define HAVE_SYS_MMAN_H 1
| #define HAVE_SYS_PARAM_H 1
| #define HAVE_SYS_PIDFD_H 1
| #define HAVE_SYS_POLL_H 1
| #define HAVE_SYS_RANDOM_H 1
| #define HAVE_SYS_RESOURCE_H 1
| #define HAVE_SYS_SELECT_H 1
| #define HAVE_SYS_SENDFILE_H 1
| #define HAVE_SYS_SOCKET_H 1
| #define HAVE_SYS_SOUNDCARD_H 1
| #define HAVE_SYS_STAT_H 1
| #define HAVE_SYS_STATVFS_H 1
| #define HAVE_SYS_SYSCALL_H 1
| #define HAVE_SYS_SYSMACROS_H 1
| #define HAVE_SYS_TIME_H 1
| #define HAVE_SYS_TIMES_H 1
| #define HAVE_SYS_TIMERFD_H 1
| #define HAVE_SYS_TYPES_H 1
| #define HAVE_SYS_UIO_H 1
| #define HAVE_SYS_UN_H 1
| #define HAVE_SYS_UTSNAME_H 1
| #define HAVE_SYS_WAIT_H 1
| #define HAVE_SYS_XATTR_H 1
| #define HAVE_SYSEXITS_H 1
| #define HAVE_SYSLOG_H 1
| #define HAVE_TERMIOS_H 1
| #define HAVE_UTIME_H 1
| #define HAVE_UTMP_H 1
| #define HAVE_DIRENT_H 1
| #define MAJOR_IN_SYSMACROS 1
| #define HAVE_NET_IF_H 1
| #define HAVE_LINUX_NETLINK_H 1
| #define HAVE_LINUX_QRTR_H 1
| #define HAVE_LINUX_VM_SOCKETS_H 1
| #define HAVE_LINUX_CAN_H 1
| #define HAVE_LINUX_CAN_BCM_H 1
| #define HAVE_LINUX_CAN_J1939_H 1
| #define HAVE_LINUX_CAN_RAW_H 1
| #define HAVE_CLOCK_T 1
| #define HAVE_MAKEDEV 1
| #define HAVE_HTOLE64 1
| #define _LARGEFILE_SOURCE 1
| #define _FILE_OFFSET_BITS 64
| #if defined(SCO_DS)
| #undef _OFF_T
| #endif
| #define RETSIGTYPE void
| #define HAVE_SSIZE_T 1
| #define HAVE___UINT128_T 1
| #define HAVE_GCC_UINT128_T 1
| #define SIZEOF_INT 4
| #define SIZEOF_LONG 8
| #define ALIGNOF_LONG 8
| #define SIZEOF_LONG_LONG 8
| #define SIZEOF_VOID_P 8
| #define SIZEOF_SHORT 2
| #define SIZEOF_FLOAT 4
| #define SIZEOF_DOUBLE 8
| #define SIZEOF_FPOS_T 16
| #define SIZEOF_SIZE_T 8
| #define ALIGNOF_SIZE_T 8
| #define SIZEOF_PID_T 4
| #define SIZEOF_UINTPTR_T 8
| #define ALIGNOF_MAX_ALIGN_T 16
| #define HAVE_LONG_DOUBLE 1
| #define SIZEOF_LONG_DOUBLE 16
| #define SIZEOF__BOOL 1
| #define SIZEOF_OFF_T 8
| #define SIZEOF_TIME_T 8
| #define SIZEOF_PTHREAD_T 8
| #define SIZEOF_PTHREAD_KEY_T 4
| #define PTHREAD_KEY_T_IS_COMPATIBLE_WITH_INT 1
| #define PY_HAVE_PERF_TRAMPOLINE 1
| #define HAVE_LIBDL 1
| #define HAVE_FFI_PREP_CIF_VAR 1
| #define HAVE_FFI_PREP_CLOSURE_LOC 1
| #define HAVE_FFI_CLOSURE_ALLOC 1
| #define WITH_DECIMAL_CONTEXTVAR 1
| #define HAVE_LIBSQLITE3 1
| #define HAVE_LIBSQLITE3 1
| #define HAVE_LIBSQLITE3 1
| #define HAVE_LIBSQLITE3 1
| #define HAVE_LIBSQLITE3 1
| #define HAVE_LIBSQLITE3 1
| #define HAVE_LIBSQLITE3 1
| #define HAVE_LIBSQLITE3 1
| #define HAVE_LIBSQLITE3 1
| #define PY_SQLITE_HAVE_SERIALIZE 1
| /* end confdefs.h.  */
| #include <stddef.h>
| #ifdef HAVE_STDIO_H
| # include <stdio.h>
| #endif
| #ifdef HAVE_STDLIB_H
| # include <stdlib.h>
| #endif
| #ifdef HAVE_STRING_H
| # include <string.h>
| #endif
| #ifdef HAVE_INTTYPES_H
| # include <inttypes.h>
| #endif
| #ifdef HAVE_STDINT_H
| # include <stdint.h>
| #endif
| #ifdef HAVE_STRINGS_H
| # include <strings.h>
| #endif
| #ifdef HAVE_SYS_TYPES_H
| # include <sys/types.h>
| #endif
| #ifdef HAVE_SYS_STAT_H
| # include <sys/stat.h>
| #endif
| #ifdef HAVE_UNISTD_H
| # include <unistd.h>
| #endif
| #include <ndbm.h>
configure:16284: result: no
configure:16366: checking for ndbm presence and linker args
configure:16385: result:  ()
configure:16394: checking for gdbm/ndbm.h
configure:16394: gcc -c   conftest.c >&5
conftest.c:189:10: fatal error: gdbm/ndbm.h: No such file or directory
  189 | #include <gdbm/ndbm.h>
      |          ^~~~~~~~~~~~~
compilation terminated.
configure:16394: $? = 1
configure: failed program was:
| /* confdefs.h */
| #define _NETBSD_SOURCE 1
| #define __BSD_VISIBLE 1
| #define _DARWIN_C_SOURCE 1
| #define _PYTHONFRAMEWORK ""
| #define _XOPEN_SOURCE 700
| #define _XOPEN_SOURCE_EXTENDED 1
| #define _POSIX_C_SOURCE 200809L
| #define HAVE_STDIO_H 1
| #define HAVE_STDLIB_H 1
| #define HAVE_STRING_H 1
| #define HAVE_INTTYPES_H 1
| #define HAVE_STDINT_H 1
| #define HAVE_STRINGS_H 1
| #define HAVE_SYS_STAT_H 1
| #define HAVE_SYS_TYPES_H 1
| #define HAVE_UNISTD_H 1
| #define HAVE_WCHAR_H 1
| #define STDC_HEADERS 1
| #define _ALL_SOURCE 1
| #define _DARWIN_C_SOURCE 1
| #define _GNU_SOURCE 1
| #define _HPUX_ALT_XOPEN_SOCKET_API 1
| #define _NETBSD_SOURCE 1
| #define _OPENBSD_SOURCE 1
| #define _POSIX_PTHREAD_SEMANTICS 1
| #define __STDC_WANT_IEC_60559_ATTRIBS_EXT__ 1
| #define __STDC_WANT_IEC_60559_BFP_EXT__ 1
| #define __STDC_WANT_IEC_60559_DFP_EXT__ 1
| #define __STDC_WANT_IEC_60559_FUNCS_EXT__ 1
| #define __STDC_WANT_IEC_60559_TYPES_EXT__ 1
| #define __STDC_WANT_LIB_EXT2__ 1
| #define __STDC_WANT_MATH_SPEC_FUNCS__ 1
| #define _TANDEM_SOURCE 1
| #define __EXTENSIONS__ 1
| #define PY_SUPPORT_TIER 1
| #define STDC_HEADERS 1
| #define HAVE_ALLOCA_H 1
| #define HAVE_ASM_TYPES_H 1
| #define HAVE_DLFCN_H 1
| #define HAVE_ENDIAN_H 1
| #define HAVE_ERRNO_H 1
| #define HAVE_FCNTL_H 1
| #define HAVE_GRP_H 1
| #define HAVE_LANGINFO_H 1
| #define HAVE_LIBINTL_H 1
| #define HAVE_LINUX_AUXVEC_H 1
| #define HAVE_SYS_AUXV_H 1
| #define HAVE_LINUX_FS_H 1
| #define HAVE_LINUX_LIMITS_H 1
| #define HAVE_LINUX_MEMFD_H 1
| #define HAVE_LINUX_RANDOM_H 1
| #define HAVE_LINUX_SOUNDCARD_H 1
| #define HAVE_LINUX_TIPC_H 1
| #define HAVE_LINUX_WAIT_H 1
| #define HAVE_NETDB_H 1
| #define HAVE_NET_ETHERNET_H 1
| #define HAVE_NETINET_IN_H 1
| #define HAVE_NETPACKET_PACKET_H 1
| #define HAVE_POLL_H 1
| #define HAVE_PTHREAD_H 1
| #define HAVE_PTY_H 1
| #define HAVE_SCHED_H 1
| #define HAVE_SETJMP_H 1
| #define HAVE_SHADOW_H 1
| #define HAVE_SIGNAL_H 1
| #define HAVE_SPAWN_H 1
| #define HAVE_SYS_EPOLL_H 1
| #define HAVE_SYS_EVENTFD_H 1
| #define HAVE_SYS_FILE_H 1
| #define HAVE_SYS_IOCTL_H 1
| #define HAVE_SYS_MMAN_H 1
| #define HAVE_SYS_PARAM_H 1
| #define HAVE_SYS_PIDFD_H 1
| #define HAVE_SYS_POLL_H 1
| #define HAVE_SYS_RANDOM_H 1
| #define HAVE_SYS_RESOURCE_H 1
| #define HAVE_SYS_SELECT_H 1
| #define HAVE_SYS_SENDFILE_H 1
| #define HAVE_SYS_SOCKET_H 1
| #define HAVE_SYS_SOUNDCARD_H 1
| #define HAVE_SYS_STAT_H 1
| #define HAVE_SYS_STATVFS_H 1
| #define HAVE_SYS_SYSCALL_H 1
| #define HAVE_SYS_SYSMACROS_H 1
| #define HAVE_SYS_TIME_H 1
| #define HAVE_SYS_TIMES_H 1
| #define HAVE_SYS_TIMERFD_H 1
| #define HAVE_SYS_TYPES_H 1
| #define HAVE_SYS_UIO_H 1
| #define HAVE_SYS_UN_H 1
| #define HAVE_SYS_UTSNAME_H 1
| #define HAVE_SYS_WAIT_H 1
| #define HAVE_SYS_XATTR_H 1
| #define HAVE_SYSEXITS_H 1
| #define HAVE_SYSLOG_H 1
| #define HAVE_TERMIOS_H 1
| #define HAVE_UTIME_H 1
| #define HAVE_UTMP_H 1
| #define HAVE_DIRENT_H 1
| #define MAJOR_IN_SYSMACROS 1
| #define HAVE_NET_IF_H 1
| #define HAVE_LINUX_NETLINK_H 1
| #define HAVE_LINUX_QRTR_H 1
| #define HAVE_LINUX_VM_SOCKETS_H 1
| #define HAVE_LINUX_CAN_H 1
| #define HAVE_LINUX_CAN_BCM_H 1
| #define HAVE_LINUX_CAN_J1939_H 1
| #define HAVE_LINUX_CAN_RAW_H 1
| #define HAVE_CLOCK_T 1
| #define HAVE_MAKEDEV 1
| #define HAVE_HTOLE64 1
| #define _LARGEFILE_SOURCE 1
| #define _FILE_OFFSET_BITS 64
| #if defined(SCO_DS)
| #undef _OFF_T
| #endif
| #define RETSIGTYPE void
| #define HAVE_SSIZE_T 1
| #define HAVE___UINT128_T 1
| #define HAVE_GCC_UINT128_T 1
| #define SIZEOF_INT 4
| #define SIZEOF_LONG 8
| #define ALIGNOF_LONG 8
| #define SIZEOF_LONG_LONG 8
| #define SIZEOF_VOID_P 8
| #define SIZEOF_SHORT 2
| #define SIZEOF_FLOAT 4
| #define SIZEOF_DOUBLE 8
| #define SIZEOF_FPOS_T 16
| #define SIZEOF_SIZE_T 8
| #define ALIGNOF_SIZE_T 8
| #define SIZEOF_PID_T 4
| #define SIZEOF_UINTPTR_T 8
| #define ALIGNOF_MAX_ALIGN_T 16
| #define HAVE_LONG_DOUBLE 1
| #define SIZEOF_LONG_DOUBLE 16
| #define SIZEOF__BOOL 1
| #define SIZEOF_OFF_T 8
| #define SIZEOF_TIME_T 8
| #define SIZEOF_PTHREAD_T 8
| #define SIZEOF_PTHREAD_KEY_T 4
| #define PTHREAD_KEY_T_IS_COMPATIBLE_WITH_INT 1
| #define PY_HAVE_PERF_TRAMPOLINE 1
| #define HAVE_LIBDL 1
| #define HAVE_FFI_PREP_CIF_VAR 1
| #define HAVE_FFI_PREP_CLOSURE_LOC 1
| #define HAVE_FFI_CLOSURE_ALLOC 1
| #define WITH_DECIMAL_CONTEXTVAR 1
| #define HAVE_LIBSQLITE3 1
| #define HAVE_LIBSQLITE3 1
| #define HAVE_LIBSQLITE3 1
| #define HAVE_LIBSQLITE3 1
| #define HAVE_LIBSQLITE3 1
| #define HAVE_LIBSQLITE3 1
| #define HAVE_LIBSQLITE3 1
| #define HAVE_LIBSQLITE3 1
| #define HAVE_LIBSQLITE3 1
| #define PY_SQLITE_HAVE_SERIALIZE 1
| /* end confdefs.h.  */
| #include <stddef.h>
| #ifdef HAVE_STDIO_H
| # include <stdio.h>
| #endif
| #ifdef HAVE_STDLIB_H
| # include <stdlib.h>
| #endif
| #ifdef HAVE_STRING_H
| # include <string.h>
| #endif
| #ifdef HAVE_INTTYPES_H
| # include <inttypes.h>
| #endif
| #ifdef HAVE_STDINT_H
| # include <stdint.h>
| #endif
| #ifdef HAVE_STRINGS_H
| # include <strings.h>
| #endif
| #ifdef HAVE_SYS_TYPES_H
| # include <sys/types.h>
| #endif
| #ifdef HAVE_SYS_STAT_H
| # include <sys/stat.h>
| #endif
| #ifdef HAVE_UNISTD_H
| # include <unistd.h>
| #endif
| #include <gdbm/ndbm.h>
configure:16394: result: no
configure:16421: checking for gdbm-ndbm.h
configure:16421: gcc -c   conftest.c >&5
conftest.c:189:10: fatal error: gdbm-ndbm.h: No such file or directory
  189 | #include <gdbm-ndbm.h>
      |          ^~~~~~~~~~~~~
compilation terminated.
configure:16421: $? = 1
configure: failed program was:
| /* confdefs.h */
| #define _NETBSD_SOURCE 1
| #define __BSD_VISIBLE 1
| #define _DARWIN_C_SOURCE 1
| #define _PYTHONFRAMEWORK ""
| #define _XOPEN_SOURCE 700
| #define _XOPEN_SOURCE_EXTENDED 1
| #define _POSIX_C_SOURCE 200809L
| #define HAVE_STDIO_H 1
| #define HAVE_STDLIB_H 1
| #define HAVE_STRING_H 1
| #define HAVE_INTTYPES_H 1
| #define HAVE_STDINT_H 1
| #define HAVE_STRINGS_H 1
| #define HAVE_SYS_STAT_H 1
| #define HAVE_SYS_TYPES_H 1
| #define HAVE_UNISTD_H 1
| #define HAVE_WCHAR_H 1
| #define STDC_HEADERS 1
| #define _ALL_SOURCE 1
| #define _DARWIN_C_SOURCE 1
| #define _GNU_SOURCE 1
| #define _HPUX_ALT_XOPEN_SOCKET_API 1
| #define _NETBSD_SOURCE 1
| #define _OPENBSD_SOURCE 1
| #define _POSIX_PTHREAD_SEMANTICS 1
| #define __STDC_WANT_IEC_60559_ATTRIBS_EXT__ 1
| #define __STDC_WANT_IEC_60559_BFP_EXT__ 1
| #define __STDC_WANT_IEC_60559_DFP_EXT__ 1
| #define __STDC_WANT_IEC_60559_FUNCS_EXT__ 1
| #define __STDC_WANT_IEC_60559_TYPES_EXT__ 1
| #define __STDC_WANT_LIB_EXT2__ 1
| #define __STDC_WANT_MATH_SPEC_FUNCS__ 1
| #define _TANDEM_SOURCE 1
| #define __EXTENSIONS__ 1
| #define PY_SUPPORT_TIER 1
| #define STDC_HEADERS 1
| #define HAVE_ALLOCA_H 1
| #define HAVE_ASM_TYPES_H 1
| #define HAVE_DLFCN_H 1
| #define HAVE_ENDIAN_H 1
| #define HAVE_ERRNO_H 1
| #define HAVE_FCNTL_H 1
| #define HAVE_GRP_H 1
| #define HAVE_LANGINFO_H 1
| #define HAVE_LIBINTL_H 1
| #define HAVE_LINUX_AUXVEC_H 1
| #define HAVE_SYS_AUXV_H 1
| #define HAVE_LINUX_FS_H 1
| #define HAVE_LINUX_LIMITS_H 1
| #define HAVE_LINUX_MEMFD_H 1
| #define HAVE_LINUX_RANDOM_H 1
| #define HAVE_LINUX_SOUNDCARD_H 1
| #define HAVE_LINUX_TIPC_H 1
| #define HAVE_LINUX_WAIT_H 1
| #define HAVE_NETDB_H 1
| #define HAVE_NET_ETHERNET_H 1
| #define HAVE_NETINET_IN_H 1
| #define HAVE_NETPACKET_PACKET_H 1
| #define HAVE_POLL_H 1
| #define HAVE_PTHREAD_H 1
| #define HAVE_PTY_H 1
| #define HAVE_SCHED_H 1
| #define HAVE_SETJMP_H 1
| #define HAVE_SHADOW_H 1
| #define HAVE_SIGNAL_H 1
| #define HAVE_SPAWN_H 1
| #define HAVE_SYS_EPOLL_H 1
| #define HAVE_SYS_EVENTFD_H 1
| #define HAVE_SYS_FILE_H 1
| #define HAVE_SYS_IOCTL_H 1
| #define HAVE_SYS_MMAN_H 1
| #define HAVE_SYS_PARAM_H 1
| #define HAVE_SYS_PIDFD_H 1
| #define HAVE_SYS_POLL_H 1
| #define HAVE_SYS_RANDOM_H 1
| #define HAVE_SYS_RESOURCE_H 1
| #define HAVE_SYS_SELECT_H 1
| #define HAVE_SYS_SENDFILE_H 1
| #define HAVE_SYS_SOCKET_H 1
| #define HAVE_SYS_SOUNDCARD_H 1
| #define HAVE_SYS_STAT_H 1
| #define HAVE_SYS_STATVFS_H 1
| #define HAVE_SYS_SYSCALL_H 1
| #define HAVE_SYS_SYSMACROS_H 1
| #define HAVE_SYS_TIME_H 1
| #define HAVE_SYS_TIMES_H 1
| #define HAVE_SYS_TIMERFD_H 1
| #define HAVE_SYS_TYPES_H 1
| #define HAVE_SYS_UIO_H 1
| #define HAVE_SYS_UN_H 1
| #define HAVE_SYS_UTSNAME_H 1
| #define HAVE_SYS_WAIT_H 1
| #define HAVE_SYS_XATTR_H 1
| #define HAVE_SYSEXITS_H 1
| #define HAVE_SYSLOG_H 1
| #define HAVE_TERMIOS_H 1
| #define HAVE_UTIME_H 1
| #define HAVE_UTMP_H 1
| #define HAVE_DIRENT_H 1
| #define MAJOR_IN_SYSMACROS 1
| #define HAVE_NET_IF_H 1
| #define HAVE_LINUX_NETLINK_H 1
| #define HAVE_LINUX_QRTR_H 1
| #define HAVE_LINUX_VM_SOCKETS_H 1
| #define HAVE_LINUX_CAN_H 1
| #define HAVE_LINUX_CAN_BCM_H 1
| #define HAVE_LINUX_CAN_J1939_H 1
| #define HAVE_LINUX_CAN_RAW_H 1
| #define HAVE_CLOCK_T 1
| #define HAVE_MAKEDEV 1
| #define HAVE_HTOLE64 1
| #define _LARGEFILE_SOURCE 1
| #define _FILE_OFFSET_BITS 64
| #if defined(SCO_DS)
| #undef _OFF_T
| #endif
| #define RETSIGTYPE void
| #define HAVE_SSIZE_T 1
| #define HAVE___UINT128_T 1
| #define HAVE_GCC_UINT128_T 1
| #define SIZEOF_INT 4
| #define SIZEOF_LONG 8
| #define ALIGNOF_LONG 8
| #define SIZEOF_LONG_LONG 8
| #define SIZEOF_VOID_P 8
| #define SIZEOF_SHORT 2
| #define SIZEOF_FLOAT 4
| #define SIZEOF_DOUBLE 8
| #define SIZEOF_FPOS_T 16
| #define SIZEOF_SIZE_T 8
| #define ALIGNOF_SIZE_T 8
| #define SIZEOF_PID_T 4
| #define SIZEOF_UINTPTR_T 8
| #define ALIGNOF_MAX_ALIGN_T 16
| #define HAVE_LONG_DOUBLE 1
| #define SIZEOF_LONG_DOUBLE 16
| #define SIZEOF__BOOL 1
| #define SIZEOF_OFF_T 8
| #define SIZEOF_TIME_T 8
| #define SIZEOF_PTHREAD_T 8
| #define SIZEOF_PTHREAD_KEY_T 4
| #define PTHREAD_KEY_T_IS_COMPATIBLE_WITH_INT 1
| #define PY_HAVE_PERF_TRAMPOLINE 1
| #define HAVE_LIBDL 1
| #define HAVE_FFI_PREP_CIF_VAR 1
| #define HAVE_FFI_PREP_CLOSURE_LOC 1
| #define HAVE_FFI_CLOSURE_ALLOC 1
| #define WITH_DECIMAL_CONTEXTVAR 1
| #define HAVE_LIBSQLITE3 1
| #define HAVE_LIBSQLITE3 1
| #define HAVE_LIBSQLITE3 1
| #define HAVE_LIBSQLITE3 1
| #define HAVE_LIBSQLITE3 1
| #define HAVE_LIBSQLITE3 1
| #define HAVE_LIBSQLITE3 1
| #define HAVE_LIBSQLITE3 1
| #define HAVE_LIBSQLITE3 1
| #define PY_SQLITE_HAVE_SERIALIZE 1
| /* end confdefs.h.  */
| #include <stddef.h>
| #ifdef HAVE_STDIO_H
| # include <stdio.h>
| #endif
| #ifdef HAVE_STDLIB_H
| # include <stdlib.h>
| #endif
| #ifdef HAVE_STRING_H
| # include <string.h>
| #endif
| #ifdef HAVE_INTTYPES_H
| # include <inttypes.h>
| #endif
| #ifdef HAVE_STDINT_H
| # include <stdint.h>
| #endif
| #ifdef HAVE_STRINGS_H
| # include <strings.h>
| #endif
| #ifdef HAVE_SYS_TYPES_H
| # include <sys/types.h>
| #endif
| #ifdef HAVE_SYS_STAT_H
| # include <sys/stat.h>
| #endif
| #ifdef HAVE_UNISTD_H
| # include <unistd.h>
| #endif
| #include <gdbm-ndbm.h>
configure:16421: result: no
configure:16525: checking for db.h
configure:16525: gcc -c   conftest.c >&5
conftest.c:189:10: fatal error: db.h: No such file or directory
  189 | #include <db.h>
      |          ^~~~~~
compilation terminated.
configure:16525: $? = 1
configure: failed program was:
| /* confdefs.h */
| #define _NETBSD_SOURCE 1
| #define __BSD_VISIBLE 1
| #define _DARWIN_C_SOURCE 1
| #define _PYTHONFRAMEWORK ""
| #define _XOPEN_SOURCE 700
| #define _XOPEN_SOURCE_EXTENDED 1
| #define _POSIX_C_SOURCE 200809L
| #define HAVE_STDIO_H 1
| #define HAVE_STDLIB_H 1
| #define HAVE_STRING_H 1
| #define HAVE_INTTYPES_H 1
| #define HAVE_STDINT_H 1
| #define HAVE_STRINGS_H 1
| #define HAVE_SYS_STAT_H 1
| #define HAVE_SYS_TYPES_H 1
| #define HAVE_UNISTD_H 1
| #define HAVE_WCHAR_H 1
| #define STDC_HEADERS 1
| #define _ALL_SOURCE 1
| #define _DARWIN_C_SOURCE 1
| #define _GNU_SOURCE 1
| #define _HPUX_ALT_XOPEN_SOCKET_API 1
| #define _NETBSD_SOURCE 1
| #define _OPENBSD_SOURCE 1
| #define _POSIX_PTHREAD_SEMANTICS 1
| #define __STDC_WANT_IEC_60559_ATTRIBS_EXT__ 1
| #define __STDC_WANT_IEC_60559_BFP_EXT__ 1
| #define __STDC_WANT_IEC_60559_DFP_EXT__ 1
| #define __STDC_WANT_IEC_60559_FUNCS_EXT__ 1
| #define __STDC_WANT_IEC_60559_TYPES_EXT__ 1
| #define __STDC_WANT_LIB_EXT2__ 1
| #define __STDC_WANT_MATH_SPEC_FUNCS__ 1
| #define _TANDEM_SOURCE 1
| #define __EXTENSIONS__ 1
| #define PY_SUPPORT_TIER 1
| #define STDC_HEADERS 1
| #define HAVE_ALLOCA_H 1
| #define HAVE_ASM_TYPES_H 1
| #define HAVE_DLFCN_H 1
| #define HAVE_ENDIAN_H 1
| #define HAVE_ERRNO_H 1
| #define HAVE_FCNTL_H 1
| #define HAVE_GRP_H 1
| #define HAVE_LANGINFO_H 1
| #define HAVE_LIBINTL_H 1
| #define HAVE_LINUX_AUXVEC_H 1
| #define HAVE_SYS_AUXV_H 1
| #define HAVE_LINUX_FS_H 1
| #define HAVE_LINUX_LIMITS_H 1
| #define HAVE_LINUX_MEMFD_H 1
| #define HAVE_LINUX_RANDOM_H 1
| #define HAVE_LINUX_SOUNDCARD_H 1
| #define HAVE_LINUX_TIPC_H 1
| #define HAVE_LINUX_WAIT_H 1
| #define HAVE_NETDB_H 1
| #define HAVE_NET_ETHERNET_H 1
| #define HAVE_NETINET_IN_H 1
| #define HAVE_NETPACKET_PACKET_H 1
| #define HAVE_POLL_H 1
| #define HAVE_PTHREAD_H 1
| #define HAVE_PTY_H 1
| #define HAVE_SCHED_H 1
| #define HAVE_SETJMP_H 1
| #define HAVE_SHADOW_H 1
| #define HAVE_SIGNAL_H 1
| #define HAVE_SPAWN_H 1
| #define HAVE_SYS_EPOLL_H 1
| #define HAVE_SYS_EVENTFD_H 1
| #define HAVE_SYS_FILE_H 1
| #define HAVE_SYS_IOCTL_H 1
| #define HAVE_SYS_MMAN_H 1
| #define HAVE_SYS_PARAM_H 1
| #define HAVE_SYS_PIDFD_H 1
| #define HAVE_SYS_POLL_H 1
| #define HAVE_SYS_RANDOM_H 1
| #define HAVE_SYS_RESOURCE_H 1
| #define HAVE_SYS_SELECT_H 1
| #define HAVE_SYS_SENDFILE_H 1
| #define HAVE_SYS_SOCKET_H 1
| #define HAVE_SYS_SOUNDCARD_H 1
| #define HAVE_SYS_STAT_H 1
| #define HAVE_SYS_STATVFS_H 1
| #define HAVE_SYS_SYSCALL_H 1
| #define HAVE_SYS_SYSMACROS_H 1
| #define HAVE_SYS_TIME_H 1
| #define HAVE_SYS_TIMES_H 1
| #define HAVE_SYS_TIMERFD_H 1
| #define HAVE_SYS_TYPES_H 1
| #define HAVE_SYS_UIO_H 1
| #define HAVE_SYS_UN_H 1
| #define HAVE_SYS_UTSNAME_H 1
| #define HAVE_SYS_WAIT_H 1
| #define HAVE_SYS_XATTR_H 1
| #define HAVE_SYSEXITS_H 1
| #define HAVE_SYSLOG_H 1
| #define HAVE_TERMIOS_H 1
| #define HAVE_UTIME_H 1
| #define HAVE_UTMP_H 1
| #define HAVE_DIRENT_H 1
| #define MAJOR_IN_SYSMACROS 1
| #define HAVE_NET_IF_H 1
| #define HAVE_LINUX_NETLINK_H 1
| #define HAVE_LINUX_QRTR_H 1
| #define HAVE_LINUX_VM_SOCKETS_H 1
| #define HAVE_LINUX_CAN_H 1
| #define HAVE_LINUX_CAN_BCM_H 1
| #define HAVE_LINUX_CAN_J1939_H 1
| #define HAVE_LINUX_CAN_RAW_H 1
| #define HAVE_CLOCK_T 1
| #define HAVE_MAKEDEV 1
| #define HAVE_HTOLE64 1
| #define _LARGEFILE_SOURCE 1
| #define _FILE_OFFSET_BITS 64
| #if defined(SCO_DS)
| #undef _OFF_T
| #endif
| #define RETSIGTYPE void
| #define HAVE_SSIZE_T 1
| #define HAVE___UINT128_T 1
| #define HAVE_GCC_UINT128_T 1
| #define SIZEOF_INT 4
| #define SIZEOF_LONG 8
| #define ALIGNOF_LONG 8
| #define SIZEOF_LONG_LONG 8
| #define SIZEOF_VOID_P 8
| #define SIZEOF_SHORT 2
| #define SIZEOF_FLOAT 4
| #define SIZEOF_DOUBLE 8
| #define SIZEOF_FPOS_T 16
| #define SIZEOF_SIZE_T 8
| #define ALIGNOF_SIZE_T 8
| #define SIZEOF_PID_T 4
| #define SIZEOF_UINTPTR_T 8
| #define ALIGNOF_MAX_ALIGN_T 16
| #define HAVE_LONG_DOUBLE 1
| #define SIZEOF_LONG_DOUBLE 16
| #define SIZEOF__BOOL 1
| #define SIZEOF_OFF_T 8
| #define SIZEOF_TIME_T 8
| #define SIZEOF_PTHREAD_T 8
| #define SIZEOF_PTHREAD_KEY_T 4
| #define PTHREAD_KEY_T_IS_COMPATIBLE_WITH_INT 1
| #define PY_HAVE_PERF_TRAMPOLINE 1
| #define HAVE_LIBDL 1
| #define HAVE_FFI_PREP_CIF_VAR 1
| #define HAVE_FFI_PREP_CLOSURE_LOC 1
| #define HAVE_FFI_CLOSURE_ALLOC 1
| #define WITH_DECIMAL_CONTEXTVAR 1
| #define HAVE_LIBSQLITE3 1
| #define HAVE_LIBSQLITE3 1
| #define HAVE_LIBSQLITE3 1
| #define HAVE_LIBSQLITE3 1
| #define HAVE_LIBSQLITE3 1
| #define HAVE_LIBSQLITE3 1
| #define HAVE_LIBSQLITE3 1
| #define HAVE_LIBSQLITE3 1
| #define HAVE_LIBSQLITE3 1
| #define PY_SQLITE_HAVE_SERIALIZE 1
| /* end confdefs.h.  */
| #include <stddef.h>
| #ifdef HAVE_STDIO_H
| # include <stdio.h>
| #endif
| #ifdef HAVE_STDLIB_H
| # include <stdlib.h>
| #endif
| #ifdef HAVE_STRING_H
| # include <string.h>
| #endif
| #ifdef HAVE_INTTYPES_H
| # include <inttypes.h>
| #endif
| #ifdef HAVE_STDINT_H
| # include <stdint.h>
| #endif
| #ifdef HAVE_STRINGS_H
| # include <strings.h>
| #endif
| #ifdef HAVE_SYS_TYPES_H
| # include <sys/types.h>
| #endif
| #ifdef HAVE_SYS_STAT_H
| # include <sys/stat.h>
| #endif
| #ifdef HAVE_UNISTD_H
| # include <unistd.h>
| #endif
| #include <db.h>
configure:16525: result: no
configure:16595: checking for --with-dbmliborder
configure:16630: result: gdbm:ndbm:bdb
configure:16633: checking for _dbm module CFLAGS and LIBS
configure:16667: result:  
configure:17068: checking if PTHREAD_SCOPE_SYSTEM is supported
configure:17095: gcc -o conftest    conftest.c -ldl  >&5
configure:17095: $? = 0
configure:17095: ./conftest
configure:17095: $? = 0
configure:17107: result: yes
configure:17117: checking for pthread_sigmask
configure:17117: gcc -o conftest    conftest.c -ldl  >&5
configure:17117: $? = 0
configure:17117: result: yes
configure:17131: checking for pthread_getcpuclockid
configure:17131: gcc -o conftest    conftest.c -ldl  >&5
configure:17131: $? = 0
configure:17131: result: yes
configure:17151: checking if --enable-ipv6 is specified
configure:17184: gcc -c   conftest.c >&5
configure:17184: $? = 0
configure:17204: result: yes
configure:17208: checking if RFC2553 API is available
configure:17225: gcc -c   conftest.c >&5
configure:17225: $? = 0
configure:17228: result: yes
configure:17260: checking for IPV6_INRIA_VERSION defined in netinet/in.h
configure:17284: gcc -c   conftest.c >&5
conftest.c: In function 'main':
conftest.c:175:3: error: unknown type name 'choke'
  175 |   choke me
      |   ^~~~~
configure:17284: $? = 1
configure: failed program was:
| /* confdefs.h */
| #define _NETBSD_SOURCE 1
| #define __BSD_VISIBLE 1
| #define _DARWIN_C_SOURCE 1
| #define _PYTHONFRAMEWORK ""
| #define _XOPEN_SOURCE 700
| #define _XOPEN_SOURCE_EXTENDED 1
| #define _POSIX_C_SOURCE 200809L
| #define HAVE_STDIO_H 1
| #define HAVE_STDLIB_H 1
| #define HAVE_STRING_H 1
| #define HAVE_INTTYPES_H 1
| #define HAVE_STDINT_H 1
| #define HAVE_STRINGS_H 1
| #define HAVE_SYS_STAT_H 1
| #define HAVE_SYS_TYPES_H 1
| #define HAVE_UNISTD_H 1
| #define HAVE_WCHAR_H 1
| #define STDC_HEADERS 1
| #define _ALL_SOURCE 1
| #define _DARWIN_C_SOURCE 1
| #define _GNU_SOURCE 1
| #define _HPUX_ALT_XOPEN_SOCKET_API 1
| #define _NETBSD_SOURCE 1
| #define _OPENBSD_SOURCE 1
| #define _POSIX_PTHREAD_SEMANTICS 1
| #define __STDC_WANT_IEC_60559_ATTRIBS_EXT__ 1
| #define __STDC_WANT_IEC_60559_BFP_EXT__ 1
| #define __STDC_WANT_IEC_60559_DFP_EXT__ 1
| #define __STDC_WANT_IEC_60559_FUNCS_EXT__ 1
| #define __STDC_WANT_IEC_60559_TYPES_EXT__ 1
| #define __STDC_WANT_LIB_EXT2__ 1
| #define __STDC_WANT_MATH_SPEC_FUNCS__ 1
| #define _TANDEM_SOURCE 1
| #define __EXTENSIONS__ 1
| #define PY_SUPPORT_TIER 1
| #define STDC_HEADERS 1
| #define HAVE_ALLOCA_H 1
| #define HAVE_ASM_TYPES_H 1
| #define HAVE_DLFCN_H 1
| #define HAVE_ENDIAN_H 1
| #define HAVE_ERRNO_H 1
| #define HAVE_FCNTL_H 1
| #define HAVE_GRP_H 1
| #define HAVE_LANGINFO_H 1
| #define HAVE_LIBINTL_H 1
| #define HAVE_LINUX_AUXVEC_H 1
| #define HAVE_SYS_AUXV_H 1
| #define HAVE_LINUX_FS_H 1
| #define HAVE_LINUX_LIMITS_H 1
| #define HAVE_LINUX_MEMFD_H 1
| #define HAVE_LINUX_RANDOM_H 1
| #define HAVE_LINUX_SOUNDCARD_H 1
| #define HAVE_LINUX_TIPC_H 1
| #define HAVE_LINUX_WAIT_H 1
| #define HAVE_NETDB_H 1
| #define HAVE_NET_ETHERNET_H 1
| #define HAVE_NETINET_IN_H 1
| #define HAVE_NETPACKET_PACKET_H 1
| #define HAVE_POLL_H 1
| #define HAVE_PTHREAD_H 1
| #define HAVE_PTY_H 1
| #define HAVE_SCHED_H 1
| #define HAVE_SETJMP_H 1
| #define HAVE_SHADOW_H 1
| #define HAVE_SIGNAL_H 1
| #define HAVE_SPAWN_H 1
| #define HAVE_SYS_EPOLL_H 1
| #define HAVE_SYS_EVENTFD_H 1
| #define HAVE_SYS_FILE_H 1
| #define HAVE_SYS_IOCTL_H 1
| #define HAVE_SYS_MMAN_H 1
| #define HAVE_SYS_PARAM_H 1
| #define HAVE_SYS_PIDFD_H 1
| #define HAVE_SYS_POLL_H 1
| #define HAVE_SYS_RANDOM_H 1
| #define HAVE_SYS_RESOURCE_H 1
| #define HAVE_SYS_SELECT_H 1
| #define HAVE_SYS_SENDFILE_H 1
| #define HAVE_SYS_SOCKET_H 1
| #define HAVE_SYS_SOUNDCARD_H 1
| #define HAVE_SYS_STAT_H 1
| #define HAVE_SYS_STATVFS_H 1
| #define HAVE_SYS_SYSCALL_H 1
| #define HAVE_SYS_SYSMACROS_H 1
| #define HAVE_SYS_TIME_H 1
| #define HAVE_SYS_TIMES_H 1
| #define HAVE_SYS_TIMERFD_H 1
| #define HAVE_SYS_TYPES_H 1
| #define HAVE_SYS_UIO_H 1
| #define HAVE_SYS_UN_H 1
| #define HAVE_SYS_UTSNAME_H 1
| #define HAVE_SYS_WAIT_H 1
| #define HAVE_SYS_XATTR_H 1
| #define HAVE_SYSEXITS_H 1
| #define HAVE_SYSLOG_H 1
| #define HAVE_TERMIOS_H 1
| #define HAVE_UTIME_H 1
| #define HAVE_UTMP_H 1
| #define HAVE_DIRENT_H 1
| #define MAJOR_IN_SYSMACROS 1
| #define HAVE_NET_IF_H 1
| #define HAVE_LINUX_NETLINK_H 1
| #define HAVE_LINUX_QRTR_H 1
| #define HAVE_LINUX_VM_SOCKETS_H 1
| #define HAVE_LINUX_CAN_H 1
| #define HAVE_LINUX_CAN_BCM_H 1
| #define HAVE_LINUX_CAN_J1939_H 1
| #define HAVE_LINUX_CAN_RAW_H 1
| #define HAVE_CLOCK_T 1
| #define HAVE_MAKEDEV 1
| #define HAVE_HTOLE64 1
| #define _LARGEFILE_SOURCE 1
| #define _FILE_OFFSET_BITS 64
| #if defined(SCO_DS)
| #undef _OFF_T
| #endif
| #define RETSIGTYPE void
| #define HAVE_SSIZE_T 1
| #define HAVE___UINT128_T 1
| #define HAVE_GCC_UINT128_T 1
| #define SIZEOF_INT 4
| #define SIZEOF_LONG 8
| #define ALIGNOF_LONG 8
| #define SIZEOF_LONG_LONG 8
| #define SIZEOF_VOID_P 8
| #define SIZEOF_SHORT 2
| #define SIZEOF_FLOAT 4
| #define SIZEOF_DOUBLE 8
| #define SIZEOF_FPOS_T 16
| #define SIZEOF_SIZE_T 8
| #define ALIGNOF_SIZE_T 8
| #define SIZEOF_PID_T 4
| #define SIZEOF_UINTPTR_T 8
| #define ALIGNOF_MAX_ALIGN_T 16
| #define HAVE_LONG_DOUBLE 1
| #define SIZEOF_LONG_DOUBLE 16
| #define SIZEOF__BOOL 1
| #define SIZEOF_OFF_T 8
| #define SIZEOF_TIME_T 8
| #define SIZEOF_PTHREAD_T 8
| #define SIZEOF_PTHREAD_KEY_T 4
| #define PTHREAD_KEY_T_IS_COMPATIBLE_WITH_INT 1
| #define PY_HAVE_PERF_TRAMPOLINE 1
| #define HAVE_LIBDL 1
| #define HAVE_FFI_PREP_CIF_VAR 1
| #define HAVE_FFI_PREP_CLOSURE_LOC 1
| #define HAVE_FFI_CLOSURE_ALLOC 1
| #define WITH_DECIMAL_CONTEXTVAR 1
| #define HAVE_LIBSQLITE3 1
| #define HAVE_LIBSQLITE3 1
| #define HAVE_LIBSQLITE3 1
| #define HAVE_LIBSQLITE3 1
| #define HAVE_LIBSQLITE3 1
| #define HAVE_LIBSQLITE3 1
| #define HAVE_LIBSQLITE3 1
| #define HAVE_LIBSQLITE3 1
| #define HAVE_LIBSQLITE3 1
| #define PY_SQLITE_HAVE_SERIALIZE 1
| #define _REENTRANT 1
| #define PTHREAD_SYSTEM_SCHED_SUPPORTED 1
| #define HAVE_PTHREAD_SIGMASK 1
| #define HAVE_PTHREAD_GETCPUCLOCKID 1
| #define ENABLE_IPV6 1
| /* end confdefs.h.  */
| #include <netinet/in.h>
| int
| main (void)
| {
| 
|   #ifdef IPV6_INRIA_VERSION
|   int ok;
|   (void)ok;
|   #else
|   choke me
|   #endif
| 
|   ;
|   return 0;
| }
configure:17292: result: no
configure:17301: checking for __KAME__ defined in netinet/in.h
configure:17325: gcc -c   conftest.c >&5
conftest.c: In function 'main':
conftest.c:175:3: error: unknown type name 'choke'
  175 |   choke me
      |   ^~~~~
configure:17325: $? = 1
configure: failed program was:
| /* confdefs.h */
| #define _NETBSD_SOURCE 1
| #define __BSD_VISIBLE 1
| #define _DARWIN_C_SOURCE 1
| #define _PYTHONFRAMEWORK ""
| #define _XOPEN_SOURCE 700
| #define _XOPEN_SOURCE_EXTENDED 1
| #define _POSIX_C_SOURCE 200809L
| #define HAVE_STDIO_H 1
| #define HAVE_STDLIB_H 1
| #define HAVE_STRING_H 1
| #define HAVE_INTTYPES_H 1
| #define HAVE_STDINT_H 1
| #define HAVE_STRINGS_H 1
| #define HAVE_SYS_STAT_H 1
| #define HAVE_SYS_TYPES_H 1
| #define HAVE_UNISTD_H 1
| #define HAVE_WCHAR_H 1
| #define STDC_HEADERS 1
| #define _ALL_SOURCE 1
| #define _DARWIN_C_SOURCE 1
| #define _GNU_SOURCE 1
| #define _HPUX_ALT_XOPEN_SOCKET_API 1
| #define _NETBSD_SOURCE 1
| #define _OPENBSD_SOURCE 1
| #define _POSIX_PTHREAD_SEMANTICS 1
| #define __STDC_WANT_IEC_60559_ATTRIBS_EXT__ 1
| #define __STDC_WANT_IEC_60559_BFP_EXT__ 1
| #define __STDC_WANT_IEC_60559_DFP_EXT__ 1
| #define __STDC_WANT_IEC_60559_FUNCS_EXT__ 1
| #define __STDC_WANT_IEC_60559_TYPES_EXT__ 1
| #define __STDC_WANT_LIB_EXT2__ 1
| #define __STDC_WANT_MATH_SPEC_FUNCS__ 1
| #define _TANDEM_SOURCE 1
| #define __EXTENSIONS__ 1
| #define PY_SUPPORT_TIER 1
| #define STDC_HEADERS 1
| #define HAVE_ALLOCA_H 1
| #define HAVE_ASM_TYPES_H 1
| #define HAVE_DLFCN_H 1
| #define HAVE_ENDIAN_H 1
| #define HAVE_ERRNO_H 1
| #define HAVE_FCNTL_H 1
| #define HAVE_GRP_H 1
| #define HAVE_LANGINFO_H 1
| #define HAVE_LIBINTL_H 1
| #define HAVE_LINUX_AUXVEC_H 1
| #define HAVE_SYS_AUXV_H 1
| #define HAVE_LINUX_FS_H 1
| #define HAVE_LINUX_LIMITS_H 1
| #define HAVE_LINUX_MEMFD_H 1
| #define HAVE_LINUX_RANDOM_H 1
| #define HAVE_LINUX_SOUNDCARD_H 1
| #define HAVE_LINUX_TIPC_H 1
| #define HAVE_LINUX_WAIT_H 1
| #define HAVE_NETDB_H 1
| #define HAVE_NET_ETHERNET_H 1
| #define HAVE_NETINET_IN_H 1
| #define HAVE_NETPACKET_PACKET_H 1
| #define HAVE_POLL_H 1
| #define HAVE_PTHREAD_H 1
| #define HAVE_PTY_H 1
| #define HAVE_SCHED_H 1
| #define HAVE_SETJMP_H 1
| #define HAVE_SHADOW_H 1
| #define HAVE_SIGNAL_H 1
| #define HAVE_SPAWN_H 1
| #define HAVE_SYS_EPOLL_H 1
| #define HAVE_SYS_EVENTFD_H 1
| #define HAVE_SYS_FILE_H 1
| #define HAVE_SYS_IOCTL_H 1
| #define HAVE_SYS_MMAN_H 1
| #define HAVE_SYS_PARAM_H 1
| #define HAVE_SYS_PIDFD_H 1
| #define HAVE_SYS_POLL_H 1
| #define HAVE_SYS_RANDOM_H 1
| #define HAVE_SYS_RESOURCE_H 1
| #define HAVE_SYS_SELECT_H 1
| #define HAVE_SYS_SENDFILE_H 1
| #define HAVE_SYS_SOCKET_H 1
| #define HAVE_SYS_SOUNDCARD_H 1
| #define HAVE_SYS_STAT_H 1
| #define HAVE_SYS_STATVFS_H 1
| #define HAVE_SYS_SYSCALL_H 1
| #define HAVE_SYS_SYSMACROS_H 1
| #define HAVE_SYS_TIME_H 1
| #define HAVE_SYS_TIMES_H 1
| #define HAVE_SYS_TIMERFD_H 1
| #define HAVE_SYS_TYPES_H 1
| #define HAVE_SYS_UIO_H 1
| #define HAVE_SYS_UN_H 1
| #define HAVE_SYS_UTSNAME_H 1
| #define HAVE_SYS_WAIT_H 1
| #define HAVE_SYS_XATTR_H 1
| #define HAVE_SYSEXITS_H 1
| #define HAVE_SYSLOG_H 1
| #define HAVE_TERMIOS_H 1
| #define HAVE_UTIME_H 1
| #define HAVE_UTMP_H 1
| #define HAVE_DIRENT_H 1
| #define MAJOR_IN_SYSMACROS 1
| #define HAVE_NET_IF_H 1
| #define HAVE_LINUX_NETLINK_H 1
| #define HAVE_LINUX_QRTR_H 1
| #define HAVE_LINUX_VM_SOCKETS_H 1
| #define HAVE_LINUX_CAN_H 1
| #define HAVE_LINUX_CAN_BCM_H 1
| #define HAVE_LINUX_CAN_J1939_H 1
| #define HAVE_LINUX_CAN_RAW_H 1
| #define HAVE_CLOCK_T 1
| #define HAVE_MAKEDEV 1
| #define HAVE_HTOLE64 1
| #define _LARGEFILE_SOURCE 1
| #define _FILE_OFFSET_BITS 64
| #if defined(SCO_DS)
| #undef _OFF_T
| #endif
| #define RETSIGTYPE void
| #define HAVE_SSIZE_T 1
| #define HAVE___UINT128_T 1
| #define HAVE_GCC_UINT128_T 1
| #define SIZEOF_INT 4
| #define SIZEOF_LONG 8
| #define ALIGNOF_LONG 8
| #define SIZEOF_LONG_LONG 8
| #define SIZEOF_VOID_P 8
| #define SIZEOF_SHORT 2
| #define SIZEOF_FLOAT 4
| #define SIZEOF_DOUBLE 8
| #define SIZEOF_FPOS_T 16
| #define SIZEOF_SIZE_T 8
| #define ALIGNOF_SIZE_T 8
| #define SIZEOF_PID_T 4
| #define SIZEOF_UINTPTR_T 8
| #define ALIGNOF_MAX_ALIGN_T 16
| #define HAVE_LONG_DOUBLE 1
| #define SIZEOF_LONG_DOUBLE 16
| #define SIZEOF__BOOL 1
| #define SIZEOF_OFF_T 8
| #define SIZEOF_TIME_T 8
| #define SIZEOF_PTHREAD_T 8
| #define SIZEOF_PTHREAD_KEY_T 4
| #define PTHREAD_KEY_T_IS_COMPATIBLE_WITH_INT 1
| #define PY_HAVE_PERF_TRAMPOLINE 1
| #define HAVE_LIBDL 1
| #define HAVE_FFI_PREP_CIF_VAR 1
| #define HAVE_FFI_PREP_CLOSURE_LOC 1
| #define HAVE_FFI_CLOSURE_ALLOC 1
| #define WITH_DECIMAL_CONTEXTVAR 1
| #define HAVE_LIBSQLITE3 1
| #define HAVE_LIBSQLITE3 1
| #define HAVE_LIBSQLITE3 1
| #define HAVE_LIBSQLITE3 1
| #define HAVE_LIBSQLITE3 1
| #define HAVE_LIBSQLITE3 1
| #define HAVE_LIBSQLITE3 1
| #define HAVE_LIBSQLITE3 1
| #define HAVE_LIBSQLITE3 1
| #define PY_SQLITE_HAVE_SERIALIZE 1
| #define _REENTRANT 1
| #define PTHREAD_SYSTEM_SCHED_SUPPORTED 1
| #define HAVE_PTHREAD_SIGMASK 1
| #define HAVE_PTHREAD_GETCPUCLOCKID 1
| #define ENABLE_IPV6 1
| /* end confdefs.h.  */
| #include <netinet/in.h>
| int
| main (void)
| {
| 
|   #ifdef __KAME__
|   int ok;
|   (void)ok;
|   #else
|   choke me
|   #endif
| 
|   ;
|   return 0;
| }
configure:17333: result: no
configure:17345: checking for __GLIBC__ defined in features.h
configure:17369: gcc -c   conftest.c >&5
configure:17369: $? = 0
configure:17377: result: yes
configure:17536: checking ipv6 stack type
configure:17538: result: linux-glibc
configure:17565: checking CAN_RAW_FD_FRAMES
configure:17584: gcc -c   conftest.c >&5
configure:17584: $? = 0
configure:17593: result: yes
configure:17604: checking for CAN_RAW_JOIN_FILTERS
configure:17623: gcc -c   conftest.c >&5
configure:17623: $? = 0
configure:17632: result: yes
configure:17644: checking for --with-doc-strings
configure:17663: result: yes
configure:17667: checking for stdatomic.h
configure:17690: gcc -o conftest    conftest.c -ldl  >&5
configure:17690: $? = 0
configure:17700: result: yes
configure:17713: checking for builtin __atomic_load_n and __atomic_store_n functions
configure:17733: gcc -o conftest    conftest.c -ldl  >&5
configure:17733: $? = 0
configure:17743: result: yes
configure:17756: checking for --with-mimalloc
configure:17784: result: yes
configure:17791: checking for --with-pymalloc
configure:17819: result: yes
configure:17824: checking for --with-freelists
configure:17844: result: yes
configure:17848: checking for --with-c-locale-coercion
configure:17868: result: yes
configure:17872: checking for --with-valgrind
configure:17884: result: no
configure:17902: checking for --with-dtrace
configure:17913: result: no
configure:18042: checking for dlopen
configure:18042: gcc -o conftest    conftest.c -ldl  >&5
configure:18042: $? = 0
configure:18042: result: yes
configure:18053: checking DYNLOADFILE
configure:18069: result: dynload_shlib.o
configure:18081: checking MACHDEP_OBJS
configure:18090: result: none
configure:18123: checking for accept4
configure:18123: gcc -o conftest    conftest.c -ldl  >&5
configure:18123: $? = 0
configure:18123: result: yes
configure:18129: checking for alarm
configure:18129: gcc -o conftest    conftest.c -ldl  >&5
configure:18129: $? = 0
configure:18129: result: yes
configure:18135: checking for bind_textdomain_codeset
configure:18135: gcc -o conftest    conftest.c -ldl  >&5
configure:18135: $? = 0
configure:18135: result: yes
configure:18141: checking for chmod
configure:18141: gcc -o conftest    conftest.c -ldl  >&5
configure:18141: $? = 0
configure:18141: result: yes
configure:18147: checking for chown
configure:18147: gcc -o conftest    conftest.c -ldl  >&5
configure:18147: $? = 0
configure:18147: result: yes
configure:18153: checking for clock
configure:18153: gcc -o conftest    conftest.c -ldl  >&5
configure:18153: $? = 0
configure:18153: result: yes
configure:18159: checking for closefrom
configure:18159: gcc -o conftest    conftest.c -ldl  >&5
configure:18159: $? = 0
configure:18159: result: yes
configure:18165: checking for close_range
configure:18165: gcc -o conftest    conftest.c -ldl  >&5
configure:18165: $? = 0
configure:18165: result: yes
configure:18171: checking for confstr
configure:18171: gcc -o conftest    conftest.c -ldl  >&5
configure:18171: $? = 0
configure:18171: result: yes
configure:18177: checking for copy_file_range
configure:18177: gcc -o conftest    conftest.c -ldl  >&5
configure:18177: $? = 0
configure:18177: result: yes
configure:18183: checking for ctermid
configure:18183: gcc -o conftest    conftest.c -ldl  >&5
configure:18183: $? = 0
configure:18183: result: yes
configure:18189: checking for dup
configure:18189: gcc -o conftest    conftest.c -ldl  >&5
configure:18189: $? = 0
configure:18189: result: yes
configure:18195: checking for dup3
configure:18195: gcc -o conftest    conftest.c -ldl  >&5
configure:18195: $? = 0
configure:18195: result: yes
configure:18201: checking for execv
configure:18201: gcc -o conftest    conftest.c -ldl  >&5
conftest.c:206:6: warning: conflicting types for built-in function 'execv'; expected 'int(const char *, char * const*)' [-Wbuiltin-declaration-mismatch]
  206 | char execv ();
      |      ^~~~~
configure:18201: $? = 0
configure:18201: result: yes
configure:18207: checking for explicit_bzero
configure:18207: gcc -o conftest    conftest.c -ldl  >&5
configure:18207: $? = 0
configure:18207: result: yes
configure:18213: checking for explicit_memset
configure:18213: gcc -o conftest    conftest.c -ldl  >&5
/usr/bin/ld: /tmp/ccmkKBTF.o: in function `main':
conftest.c:(.text+0xa): undefined reference to `explicit_memset'
collect2: error: ld returned 1 exit status
configure:18213: $? = 1
configure: failed program was:
| /* confdefs.h */
| #define _NETBSD_SOURCE 1
| #define __BSD_VISIBLE 1
| #define _DARWIN_C_SOURCE 1
| #define _PYTHONFRAMEWORK ""
| #define _XOPEN_SOURCE 700
| #define _XOPEN_SOURCE_EXTENDED 1
| #define _POSIX_C_SOURCE 200809L
| #define HAVE_STDIO_H 1
| #define HAVE_STDLIB_H 1
| #define HAVE_STRING_H 1
| #define HAVE_INTTYPES_H 1
| #define HAVE_STDINT_H 1
| #define HAVE_STRINGS_H 1
| #define HAVE_SYS_STAT_H 1
| #define HAVE_SYS_TYPES_H 1
| #define HAVE_UNISTD_H 1
| #define HAVE_WCHAR_H 1
| #define STDC_HEADERS 1
| #define _ALL_SOURCE 1
| #define _DARWIN_C_SOURCE 1
| #define _GNU_SOURCE 1
| #define _HPUX_ALT_XOPEN_SOCKET_API 1
| #define _NETBSD_SOURCE 1
| #define _OPENBSD_SOURCE 1
| #define _POSIX_PTHREAD_SEMANTICS 1
| #define __STDC_WANT_IEC_60559_ATTRIBS_EXT__ 1
| #define __STDC_WANT_IEC_60559_BFP_EXT__ 1
| #define __STDC_WANT_IEC_60559_DFP_EXT__ 1
| #define __STDC_WANT_IEC_60559_FUNCS_EXT__ 1
| #define __STDC_WANT_IEC_60559_TYPES_EXT__ 1
| #define __STDC_WANT_LIB_EXT2__ 1
| #define __STDC_WANT_MATH_SPEC_FUNCS__ 1
| #define _TANDEM_SOURCE 1
| #define __EXTENSIONS__ 1
| #define PY_SUPPORT_TIER 1
| #define STDC_HEADERS 1
| #define HAVE_ALLOCA_H 1
| #define HAVE_ASM_TYPES_H 1
| #define HAVE_DLFCN_H 1
| #define HAVE_ENDIAN_H 1
| #define HAVE_ERRNO_H 1
| #define HAVE_FCNTL_H 1
| #define HAVE_GRP_H 1
| #define HAVE_LANGINFO_H 1
| #define HAVE_LIBINTL_H 1
| #define HAVE_LINUX_AUXVEC_H 1
| #define HAVE_SYS_AUXV_H 1
| #define HAVE_LINUX_FS_H 1
| #define HAVE_LINUX_LIMITS_H 1
| #define HAVE_LINUX_MEMFD_H 1
| #define HAVE_LINUX_RANDOM_H 1
| #define HAVE_LINUX_SOUNDCARD_H 1
| #define HAVE_LINUX_TIPC_H 1
| #define HAVE_LINUX_WAIT_H 1
| #define HAVE_NETDB_H 1
| #define HAVE_NET_ETHERNET_H 1
| #define HAVE_NETINET_IN_H 1
| #define HAVE_NETPACKET_PACKET_H 1
| #define HAVE_POLL_H 1
| #define HAVE_PTHREAD_H 1
| #define HAVE_PTY_H 1
| #define HAVE_SCHED_H 1
| #define HAVE_SETJMP_H 1
| #define HAVE_SHADOW_H 1
| #define HAVE_SIGNAL_H 1
| #define HAVE_SPAWN_H 1
| #define HAVE_SYS_EPOLL_H 1
| #define HAVE_SYS_EVENTFD_H 1
| #define HAVE_SYS_FILE_H 1
| #define HAVE_SYS_IOCTL_H 1
| #define HAVE_SYS_MMAN_H 1
| #define HAVE_SYS_PARAM_H 1
| #define HAVE_SYS_PIDFD_H 1
| #define HAVE_SYS_POLL_H 1
| #define HAVE_SYS_RANDOM_H 1
| #define HAVE_SYS_RESOURCE_H 1
| #define HAVE_SYS_SELECT_H 1
| #define HAVE_SYS_SENDFILE_H 1
| #define HAVE_SYS_SOCKET_H 1
| #define HAVE_SYS_SOUNDCARD_H 1
| #define HAVE_SYS_STAT_H 1
| #define HAVE_SYS_STATVFS_H 1
| #define HAVE_SYS_SYSCALL_H 1
| #define HAVE_SYS_SYSMACROS_H 1
| #define HAVE_SYS_TIME_H 1
| #define HAVE_SYS_TIMES_H 1
| #define HAVE_SYS_TIMERFD_H 1
| #define HAVE_SYS_TYPES_H 1
| #define HAVE_SYS_UIO_H 1
| #define HAVE_SYS_UN_H 1
| #define HAVE_SYS_UTSNAME_H 1
| #define HAVE_SYS_WAIT_H 1
| #define HAVE_SYS_XATTR_H 1
| #define HAVE_SYSEXITS_H 1
| #define HAVE_SYSLOG_H 1
| #define HAVE_TERMIOS_H 1
| #define HAVE_UTIME_H 1
| #define HAVE_UTMP_H 1
| #define HAVE_DIRENT_H 1
| #define MAJOR_IN_SYSMACROS 1
| #define HAVE_NET_IF_H 1
| #define HAVE_LINUX_NETLINK_H 1
| #define HAVE_LINUX_QRTR_H 1
| #define HAVE_LINUX_VM_SOCKETS_H 1
| #define HAVE_LINUX_CAN_H 1
| #define HAVE_LINUX_CAN_BCM_H 1
| #define HAVE_LINUX_CAN_J1939_H 1
| #define HAVE_LINUX_CAN_RAW_H 1
| #define HAVE_CLOCK_T 1
| #define HAVE_MAKEDEV 1
| #define HAVE_HTOLE64 1
| #define _LARGEFILE_SOURCE 1
| #define _FILE_OFFSET_BITS 64
| #if defined(SCO_DS)
| #undef _OFF_T
| #endif
| #define RETSIGTYPE void
| #define HAVE_SSIZE_T 1
| #define HAVE___UINT128_T 1
| #define HAVE_GCC_UINT128_T 1
| #define SIZEOF_INT 4
| #define SIZEOF_LONG 8
| #define ALIGNOF_LONG 8
| #define SIZEOF_LONG_LONG 8
| #define SIZEOF_VOID_P 8
| #define SIZEOF_SHORT 2
| #define SIZEOF_FLOAT 4
| #define SIZEOF_DOUBLE 8
| #define SIZEOF_FPOS_T 16
| #define SIZEOF_SIZE_T 8
| #define ALIGNOF_SIZE_T 8
| #define SIZEOF_PID_T 4
| #define SIZEOF_UINTPTR_T 8
| #define ALIGNOF_MAX_ALIGN_T 16
| #define HAVE_LONG_DOUBLE 1
| #define SIZEOF_LONG_DOUBLE 16
| #define SIZEOF__BOOL 1
| #define SIZEOF_OFF_T 8
| #define SIZEOF_TIME_T 8
| #define SIZEOF_PTHREAD_T 8
| #define SIZEOF_PTHREAD_KEY_T 4
| #define PTHREAD_KEY_T_IS_COMPATIBLE_WITH_INT 1
| #define PY_HAVE_PERF_TRAMPOLINE 1
| #define HAVE_LIBDL 1
| #define HAVE_FFI_PREP_CIF_VAR 1
| #define HAVE_FFI_PREP_CLOSURE_LOC 1
| #define HAVE_FFI_CLOSURE_ALLOC 1
| #define WITH_DECIMAL_CONTEXTVAR 1
| #define HAVE_LIBSQLITE3 1
| #define HAVE_LIBSQLITE3 1
| #define HAVE_LIBSQLITE3 1
| #define HAVE_LIBSQLITE3 1
| #define HAVE_LIBSQLITE3 1
| #define HAVE_LIBSQLITE3 1
| #define HAVE_LIBSQLITE3 1
| #define HAVE_LIBSQLITE3 1
| #define HAVE_LIBSQLITE3 1
| #define PY_SQLITE_HAVE_SERIALIZE 1
| #define _REENTRANT 1
| #define PTHREAD_SYSTEM_SCHED_SUPPORTED 1
| #define HAVE_PTHREAD_SIGMASK 1
| #define HAVE_PTHREAD_GETCPUCLOCKID 1
| #define ENABLE_IPV6 1
| #define HAVE_LINUX_CAN_RAW_FD_FRAMES 1
| #define HAVE_LINUX_CAN_RAW_JOIN_FILTERS 1
| #define WITH_DOC_STRINGS 1
| #define HAVE_STD_ATOMIC 1
| #define HAVE_BUILTIN_ATOMIC 1
| #define WITH_MIMALLOC 1
| #define WITH_PYMALLOC 1
| #define WITH_FREELISTS 1
| #define PY_COERCE_C_LOCALE 1
| #define HAVE_DLOPEN 1
| #define HAVE_DYNAMIC_LOADING 1
| #define HAVE_ACCEPT4 1
| #define HAVE_ALARM 1
| #define HAVE_BIND_TEXTDOMAIN_CODESET 1
| #define HAVE_CHMOD 1
| #define HAVE_CHOWN 1
| #define HAVE_CLOCK 1
| #define HAVE_CLOSEFROM 1
| #define HAVE_CLOSE_RANGE 1
| #define HAVE_CONFSTR 1
| #define HAVE_COPY_FILE_RANGE 1
| #define HAVE_CTERMID 1
| #define HAVE_DUP 1
| #define HAVE_DUP3 1
| #define HAVE_EXECV 1
| #define HAVE_EXPLICIT_BZERO 1
| /* end confdefs.h.  */
| /* Define explicit_memset to an innocuous variant, in case <limits.h> declares explicit_memset.
|    For example, HP-UX 11i <limits.h> declares gettimeofday.  */
| #define explicit_memset innocuous_explicit_memset
| 
| /* System header to define __stub macros and hopefully few prototypes,
|    which can conflict with char explicit_memset (); below.  */
| 
| #include <limits.h>
| #undef explicit_memset
| 
| /* Override any GCC internal prototype to avoid an error.
|    Use char because int might match the return type of a GCC
|    builtin and then its argument prototype would still apply.  */
| #ifdef __cplusplus
| extern "C"
| #endif
| char explicit_memset ();
| /* The GNU C library defines this for functions which it implements
|     to always fail with ENOSYS.  Some functions are actually named
|     something starting with __ and the normal name is an alias.  */
| #if defined __stub_explicit_memset || defined __stub___explicit_memset
| choke me
| #endif
| 
| int
| main (void)
| {
| return explicit_memset ();
|   ;
|   return 0;
| }
configure:18213: result: no
configure:18219: checking for faccessat
configure:18219: gcc -o conftest    conftest.c -ldl  >&5
configure:18219: $? = 0
configure:18219: result: yes
configure:18225: checking for fchmod
configure:18225: gcc -o conftest    conftest.c -ldl  >&5
configure:18225: $? = 0
configure:18225: result: yes
configure:18231: checking for fchmodat
configure:18231: gcc -o conftest    conftest.c -ldl  >&5
configure:18231: $? = 0
configure:18231: result: yes
configure:18237: checking for fchown
configure:18237: gcc -o conftest    conftest.c -ldl  >&5
configure:18237: $? = 0
configure:18237: result: yes
configure:18243: checking for fchownat
configure:18243: gcc -o conftest    conftest.c -ldl  >&5
configure:18243: $? = 0
configure:18243: result: yes
configure:18249: checking for fdopendir
configure:18249: gcc -o conftest    conftest.c -ldl  >&5
configure:18249: $? = 0
configure:18249: result: yes
configure:18255: checking for fdwalk
configure:18255: gcc -o conftest    conftest.c -ldl  >&5
/usr/bin/ld: /tmp/cceRbjGX.o: in function `main':
conftest.c:(.text+0xa): undefined reference to `fdwalk'
collect2: error: ld returned 1 exit status
configure:18255: $? = 1
configure: failed program was:
| /* confdefs.h */
| #define _NETBSD_SOURCE 1
| #define __BSD_VISIBLE 1
| #define _DARWIN_C_SOURCE 1
| #define _PYTHONFRAMEWORK ""
| #define _XOPEN_SOURCE 700
| #define _XOPEN_SOURCE_EXTENDED 1
| #define _POSIX_C_SOURCE 200809L
| #define HAVE_STDIO_H 1
| #define HAVE_STDLIB_H 1
| #define HAVE_STRING_H 1
| #define HAVE_INTTYPES_H 1
| #define HAVE_STDINT_H 1
| #define HAVE_STRINGS_H 1
| #define HAVE_SYS_STAT_H 1
| #define HAVE_SYS_TYPES_H 1
| #define HAVE_UNISTD_H 1
| #define HAVE_WCHAR_H 1
| #define STDC_HEADERS 1
| #define _ALL_SOURCE 1
| #define _DARWIN_C_SOURCE 1
| #define _GNU_SOURCE 1
| #define _HPUX_ALT_XOPEN_SOCKET_API 1
| #define _NETBSD_SOURCE 1
| #define _OPENBSD_SOURCE 1
| #define _POSIX_PTHREAD_SEMANTICS 1
| #define __STDC_WANT_IEC_60559_ATTRIBS_EXT__ 1
| #define __STDC_WANT_IEC_60559_BFP_EXT__ 1
| #define __STDC_WANT_IEC_60559_DFP_EXT__ 1
| #define __STDC_WANT_IEC_60559_FUNCS_EXT__ 1
| #define __STDC_WANT_IEC_60559_TYPES_EXT__ 1
| #define __STDC_WANT_LIB_EXT2__ 1
| #define __STDC_WANT_MATH_SPEC_FUNCS__ 1
| #define _TANDEM_SOURCE 1
| #define __EXTENSIONS__ 1
| #define PY_SUPPORT_TIER 1
| #define STDC_HEADERS 1
| #define HAVE_ALLOCA_H 1
| #define HAVE_ASM_TYPES_H 1
| #define HAVE_DLFCN_H 1
| #define HAVE_ENDIAN_H 1
| #define HAVE_ERRNO_H 1
| #define HAVE_FCNTL_H 1
| #define HAVE_GRP_H 1
| #define HAVE_LANGINFO_H 1
| #define HAVE_LIBINTL_H 1
| #define HAVE_LINUX_AUXVEC_H 1
| #define HAVE_SYS_AUXV_H 1
| #define HAVE_LINUX_FS_H 1
| #define HAVE_LINUX_LIMITS_H 1
| #define HAVE_LINUX_MEMFD_H 1
| #define HAVE_LINUX_RANDOM_H 1
| #define HAVE_LINUX_SOUNDCARD_H 1
| #define HAVE_LINUX_TIPC_H 1
| #define HAVE_LINUX_WAIT_H 1
| #define HAVE_NETDB_H 1
| #define HAVE_NET_ETHERNET_H 1
| #define HAVE_NETINET_IN_H 1
| #define HAVE_NETPACKET_PACKET_H 1
| #define HAVE_POLL_H 1
| #define HAVE_PTHREAD_H 1
| #define HAVE_PTY_H 1
| #define HAVE_SCHED_H 1
| #define HAVE_SETJMP_H 1
| #define HAVE_SHADOW_H 1
| #define HAVE_SIGNAL_H 1
| #define HAVE_SPAWN_H 1
| #define HAVE_SYS_EPOLL_H 1
| #define HAVE_SYS_EVENTFD_H 1
| #define HAVE_SYS_FILE_H 1
| #define HAVE_SYS_IOCTL_H 1
| #define HAVE_SYS_MMAN_H 1
| #define HAVE_SYS_PARAM_H 1
| #define HAVE_SYS_PIDFD_H 1
| #define HAVE_SYS_POLL_H 1
| #define HAVE_SYS_RANDOM_H 1
| #define HAVE_SYS_RESOURCE_H 1
| #define HAVE_SYS_SELECT_H 1
| #define HAVE_SYS_SENDFILE_H 1
| #define HAVE_SYS_SOCKET_H 1
| #define HAVE_SYS_SOUNDCARD_H 1
| #define HAVE_SYS_STAT_H 1
| #define HAVE_SYS_STATVFS_H 1
| #define HAVE_SYS_SYSCALL_H 1
| #define HAVE_SYS_SYSMACROS_H 1
| #define HAVE_SYS_TIME_H 1
| #define HAVE_SYS_TIMES_H 1
| #define HAVE_SYS_TIMERFD_H 1
| #define HAVE_SYS_TYPES_H 1
| #define HAVE_SYS_UIO_H 1
| #define HAVE_SYS_UN_H 1
| #define HAVE_SYS_UTSNAME_H 1
| #define HAVE_SYS_WAIT_H 1
| #define HAVE_SYS_XATTR_H 1
| #define HAVE_SYSEXITS_H 1
| #define HAVE_SYSLOG_H 1
| #define HAVE_TERMIOS_H 1
| #define HAVE_UTIME_H 1
| #define HAVE_UTMP_H 1
| #define HAVE_DIRENT_H 1
| #define MAJOR_IN_SYSMACROS 1
| #define HAVE_NET_IF_H 1
| #define HAVE_LINUX_NETLINK_H 1
| #define HAVE_LINUX_QRTR_H 1
| #define HAVE_LINUX_VM_SOCKETS_H 1
| #define HAVE_LINUX_CAN_H 1
| #define HAVE_LINUX_CAN_BCM_H 1
| #define HAVE_LINUX_CAN_J1939_H 1
| #define HAVE_LINUX_CAN_RAW_H 1
| #define HAVE_CLOCK_T 1
| #define HAVE_MAKEDEV 1
| #define HAVE_HTOLE64 1
| #define _LARGEFILE_SOURCE 1
| #define _FILE_OFFSET_BITS 64
| #if defined(SCO_DS)
| #undef _OFF_T
| #endif
| #define RETSIGTYPE void
| #define HAVE_SSIZE_T 1
| #define HAVE___UINT128_T 1
| #define HAVE_GCC_UINT128_T 1
| #define SIZEOF_INT 4
| #define SIZEOF_LONG 8
| #define ALIGNOF_LONG 8
| #define SIZEOF_LONG_LONG 8
| #define SIZEOF_VOID_P 8
| #define SIZEOF_SHORT 2
| #define SIZEOF_FLOAT 4
| #define SIZEOF_DOUBLE 8
| #define SIZEOF_FPOS_T 16
| #define SIZEOF_SIZE_T 8
| #define ALIGNOF_SIZE_T 8
| #define SIZEOF_PID_T 4
| #define SIZEOF_UINTPTR_T 8
| #define ALIGNOF_MAX_ALIGN_T 16
| #define HAVE_LONG_DOUBLE 1
| #define SIZEOF_LONG_DOUBLE 16
| #define SIZEOF__BOOL 1
| #define SIZEOF_OFF_T 8
| #define SIZEOF_TIME_T 8
| #define SIZEOF_PTHREAD_T 8
| #define SIZEOF_PTHREAD_KEY_T 4
| #define PTHREAD_KEY_T_IS_COMPATIBLE_WITH_INT 1
| #define PY_HAVE_PERF_TRAMPOLINE 1
| #define HAVE_LIBDL 1
| #define HAVE_FFI_PREP_CIF_VAR 1
| #define HAVE_FFI_PREP_CLOSURE_LOC 1
| #define HAVE_FFI_CLOSURE_ALLOC 1
| #define WITH_DECIMAL_CONTEXTVAR 1
| #define HAVE_LIBSQLITE3 1
| #define HAVE_LIBSQLITE3 1
| #define HAVE_LIBSQLITE3 1
| #define HAVE_LIBSQLITE3 1
| #define HAVE_LIBSQLITE3 1
| #define HAVE_LIBSQLITE3 1
| #define HAVE_LIBSQLITE3 1
| #define HAVE_LIBSQLITE3 1
| #define HAVE_LIBSQLITE3 1
| #define PY_SQLITE_HAVE_SERIALIZE 1
| #define _REENTRANT 1
| #define PTHREAD_SYSTEM_SCHED_SUPPORTED 1
| #define HAVE_PTHREAD_SIGMASK 1
| #define HAVE_PTHREAD_GETCPUCLOCKID 1
| #define ENABLE_IPV6 1
| #define HAVE_LINUX_CAN_RAW_FD_FRAMES 1
| #define HAVE_LINUX_CAN_RAW_JOIN_FILTERS 1
| #define WITH_DOC_STRINGS 1
| #define HAVE_STD_ATOMIC 1
| #define HAVE_BUILTIN_ATOMIC 1
| #define WITH_MIMALLOC 1
| #define WITH_PYMALLOC 1
| #define WITH_FREELISTS 1
| #define PY_COERCE_C_LOCALE 1
| #define HAVE_DLOPEN 1
| #define HAVE_DYNAMIC_LOADING 1
| #define HAVE_ACCEPT4 1
| #define HAVE_ALARM 1
| #define HAVE_BIND_TEXTDOMAIN_CODESET 1
| #define HAVE_CHMOD 1
| #define HAVE_CHOWN 1
| #define HAVE_CLOCK 1
| #define HAVE_CLOSEFROM 1
| #define HAVE_CLOSE_RANGE 1
| #define HAVE_CONFSTR 1
| #define HAVE_COPY_FILE_RANGE 1
| #define HAVE_CTERMID 1
| #define HAVE_DUP 1
| #define HAVE_DUP3 1
| #define HAVE_EXECV 1
| #define HAVE_EXPLICIT_BZERO 1
| #define HAVE_FACCESSAT 1
| #define HAVE_FCHMOD 1
| #define HAVE_FCHMODAT 1
| #define HAVE_FCHOWN 1
| #define HAVE_FCHOWNAT 1
| #define HAVE_FDOPENDIR 1
| /* end confdefs.h.  */
| /* Define fdwalk to an innocuous variant, in case <limits.h> declares fdwalk.
|    For example, HP-UX 11i <limits.h> declares gettimeofday.  */
| #define fdwalk innocuous_fdwalk
| 
| /* System header to define __stub macros and hopefully few prototypes,
|    which can conflict with char fdwalk (); below.  */
| 
| #include <limits.h>
| #undef fdwalk
| 
| /* Override any GCC internal prototype to avoid an error.
|    Use char because int might match the return type of a GCC
|    builtin and then its argument prototype would still apply.  */
| #ifdef __cplusplus
| extern "C"
| #endif
| char fdwalk ();
| /* The GNU C library defines this for functions which it implements
|     to always fail with ENOSYS.  Some functions are actually named
|     something starting with __ and the normal name is an alias.  */
| #if defined __stub_fdwalk || defined __stub___fdwalk
| choke me
| #endif
| 
| int
| main (void)
| {
| return fdwalk ();
|   ;
|   return 0;
| }
configure:18255: result: no
configure:18261: checking for fexecve
configure:18261: gcc -o conftest    conftest.c -ldl  >&5
configure:18261: $? = 0
configure:18261: result: yes
configure:18267: checking for fork
configure:18267: gcc -o conftest    conftest.c -ldl  >&5
conftest.c:215:6: warning: conflicting types for built-in function 'fork'; expected 'int(void)' [-Wbuiltin-declaration-mismatch]
  215 | char fork ();
      |      ^~~~
configure:18267: $? = 0
configure:18267: result: yes
configure:18273: checking for fork1
configure:18273: gcc -o conftest    conftest.c -ldl  >&5
/usr/bin/ld: /tmp/cctcHA8p.o: in function `main':
conftest.c:(.text+0xa): undefined reference to `fork1'
collect2: error: ld returned 1 exit status
configure:18273: $? = 1
configure: failed program was:
| /* confdefs.h */
| #define _NETBSD_SOURCE 1
| #define __BSD_VISIBLE 1
| #define _DARWIN_C_SOURCE 1
| #define _PYTHONFRAMEWORK ""
| #define _XOPEN_SOURCE 700
| #define _XOPEN_SOURCE_EXTENDED 1
| #define _POSIX_C_SOURCE 200809L
| #define HAVE_STDIO_H 1
| #define HAVE_STDLIB_H 1
| #define HAVE_STRING_H 1
| #define HAVE_INTTYPES_H 1
| #define HAVE_STDINT_H 1
| #define HAVE_STRINGS_H 1
| #define HAVE_SYS_STAT_H 1
| #define HAVE_SYS_TYPES_H 1
| #define HAVE_UNISTD_H 1
| #define HAVE_WCHAR_H 1
| #define STDC_HEADERS 1
| #define _ALL_SOURCE 1
| #define _DARWIN_C_SOURCE 1
| #define _GNU_SOURCE 1
| #define _HPUX_ALT_XOPEN_SOCKET_API 1
| #define _NETBSD_SOURCE 1
| #define _OPENBSD_SOURCE 1
| #define _POSIX_PTHREAD_SEMANTICS 1
| #define __STDC_WANT_IEC_60559_ATTRIBS_EXT__ 1
| #define __STDC_WANT_IEC_60559_BFP_EXT__ 1
| #define __STDC_WANT_IEC_60559_DFP_EXT__ 1
| #define __STDC_WANT_IEC_60559_FUNCS_EXT__ 1
| #define __STDC_WANT_IEC_60559_TYPES_EXT__ 1
| #define __STDC_WANT_LIB_EXT2__ 1
| #define __STDC_WANT_MATH_SPEC_FUNCS__ 1
| #define _TANDEM_SOURCE 1
| #define __EXTENSIONS__ 1
| #define PY_SUPPORT_TIER 1
| #define STDC_HEADERS 1
| #define HAVE_ALLOCA_H 1
| #define HAVE_ASM_TYPES_H 1
| #define HAVE_DLFCN_H 1
| #define HAVE_ENDIAN_H 1
| #define HAVE_ERRNO_H 1
| #define HAVE_FCNTL_H 1
| #define HAVE_GRP_H 1
| #define HAVE_LANGINFO_H 1
| #define HAVE_LIBINTL_H 1
| #define HAVE_LINUX_AUXVEC_H 1
| #define HAVE_SYS_AUXV_H 1
| #define HAVE_LINUX_FS_H 1
| #define HAVE_LINUX_LIMITS_H 1
| #define HAVE_LINUX_MEMFD_H 1
| #define HAVE_LINUX_RANDOM_H 1
| #define HAVE_LINUX_SOUNDCARD_H 1
| #define HAVE_LINUX_TIPC_H 1
| #define HAVE_LINUX_WAIT_H 1
| #define HAVE_NETDB_H 1
| #define HAVE_NET_ETHERNET_H 1
| #define HAVE_NETINET_IN_H 1
| #define HAVE_NETPACKET_PACKET_H 1
| #define HAVE_POLL_H 1
| #define HAVE_PTHREAD_H 1
| #define HAVE_PTY_H 1
| #define HAVE_SCHED_H 1
| #define HAVE_SETJMP_H 1
| #define HAVE_SHADOW_H 1
| #define HAVE_SIGNAL_H 1
| #define HAVE_SPAWN_H 1
| #define HAVE_SYS_EPOLL_H 1
| #define HAVE_SYS_EVENTFD_H 1
| #define HAVE_SYS_FILE_H 1
| #define HAVE_SYS_IOCTL_H 1
| #define HAVE_SYS_MMAN_H 1
| #define HAVE_SYS_PARAM_H 1
| #define HAVE_SYS_PIDFD_H 1
| #define HAVE_SYS_POLL_H 1
| #define HAVE_SYS_RANDOM_H 1
| #define HAVE_SYS_RESOURCE_H 1
| #define HAVE_SYS_SELECT_H 1
| #define HAVE_SYS_SENDFILE_H 1
| #define HAVE_SYS_SOCKET_H 1
| #define HAVE_SYS_SOUNDCARD_H 1
| #define HAVE_SYS_STAT_H 1
| #define HAVE_SYS_STATVFS_H 1
| #define HAVE_SYS_SYSCALL_H 1
| #define HAVE_SYS_SYSMACROS_H 1
| #define HAVE_SYS_TIME_H 1
| #define HAVE_SYS_TIMES_H 1
| #define HAVE_SYS_TIMERFD_H 1
| #define HAVE_SYS_TYPES_H 1
| #define HAVE_SYS_UIO_H 1
| #define HAVE_SYS_UN_H 1
| #define HAVE_SYS_UTSNAME_H 1
| #define HAVE_SYS_WAIT_H 1
| #define HAVE_SYS_XATTR_H 1
| #define HAVE_SYSEXITS_H 1
| #define HAVE_SYSLOG_H 1
| #define HAVE_TERMIOS_H 1
| #define HAVE_UTIME_H 1
| #define HAVE_UTMP_H 1
| #define HAVE_DIRENT_H 1
| #define MAJOR_IN_SYSMACROS 1
| #define HAVE_NET_IF_H 1
| #define HAVE_LINUX_NETLINK_H 1
| #define HAVE_LINUX_QRTR_H 1
| #define HAVE_LINUX_VM_SOCKETS_H 1
| #define HAVE_LINUX_CAN_H 1
| #define HAVE_LINUX_CAN_BCM_H 1
| #define HAVE_LINUX_CAN_J1939_H 1
| #define HAVE_LINUX_CAN_RAW_H 1
| #define HAVE_CLOCK_T 1
| #define HAVE_MAKEDEV 1
| #define HAVE_HTOLE64 1
| #define _LARGEFILE_SOURCE 1
| #define _FILE_OFFSET_BITS 64
| #if defined(SCO_DS)
| #undef _OFF_T
| #endif
| #define RETSIGTYPE void
| #define HAVE_SSIZE_T 1
| #define HAVE___UINT128_T 1
| #define HAVE_GCC_UINT128_T 1
| #define SIZEOF_INT 4
| #define SIZEOF_LONG 8
| #define ALIGNOF_LONG 8
| #define SIZEOF_LONG_LONG 8
| #define SIZEOF_VOID_P 8
| #define SIZEOF_SHORT 2
| #define SIZEOF_FLOAT 4
| #define SIZEOF_DOUBLE 8
| #define SIZEOF_FPOS_T 16
| #define SIZEOF_SIZE_T 8
| #define ALIGNOF_SIZE_T 8
| #define SIZEOF_PID_T 4
| #define SIZEOF_UINTPTR_T 8
| #define ALIGNOF_MAX_ALIGN_T 16
| #define HAVE_LONG_DOUBLE 1
| #define SIZEOF_LONG_DOUBLE 16
| #define SIZEOF__BOOL 1
| #define SIZEOF_OFF_T 8
| #define SIZEOF_TIME_T 8
| #define SIZEOF_PTHREAD_T 8
| #define SIZEOF_PTHREAD_KEY_T 4
| #define PTHREAD_KEY_T_IS_COMPATIBLE_WITH_INT 1
| #define PY_HAVE_PERF_TRAMPOLINE 1
| #define HAVE_LIBDL 1
| #define HAVE_FFI_PREP_CIF_VAR 1
| #define HAVE_FFI_PREP_CLOSURE_LOC 1
| #define HAVE_FFI_CLOSURE_ALLOC 1
| #define WITH_DECIMAL_CONTEXTVAR 1
| #define HAVE_LIBSQLITE3 1
| #define HAVE_LIBSQLITE3 1
| #define HAVE_LIBSQLITE3 1
| #define HAVE_LIBSQLITE3 1
| #define HAVE_LIBSQLITE3 1
| #define HAVE_LIBSQLITE3 1
| #define HAVE_LIBSQLITE3 1
| #define HAVE_LIBSQLITE3 1
| #define HAVE_LIBSQLITE3 1
| #define PY_SQLITE_HAVE_SERIALIZE 1
| #define _REENTRANT 1
| #define PTHREAD_SYSTEM_SCHED_SUPPORTED 1
| #define HAVE_PTHREAD_SIGMASK 1
| #define HAVE_PTHREAD_GETCPUCLOCKID 1
| #define ENABLE_IPV6 1
| #define HAVE_LINUX_CAN_RAW_FD_FRAMES 1
| #define HAVE_LINUX_CAN_RAW_JOIN_FILTERS 1
| #define WITH_DOC_STRINGS 1
| #define HAVE_STD_ATOMIC 1
| #define HAVE_BUILTIN_ATOMIC 1
| #define WITH_MIMALLOC 1
| #define WITH_PYMALLOC 1
| #define WITH_FREELISTS 1
| #define PY_COERCE_C_LOCALE 1
| #define HAVE_DLOPEN 1
| #define HAVE_DYNAMIC_LOADING 1
| #define HAVE_ACCEPT4 1
| #define HAVE_ALARM 1
| #define HAVE_BIND_TEXTDOMAIN_CODESET 1
| #define HAVE_CHMOD 1
| #define HAVE_CHOWN 1
| #define HAVE_CLOCK 1
| #define HAVE_CLOSEFROM 1
| #define HAVE_CLOSE_RANGE 1
| #define HAVE_CONFSTR 1
| #define HAVE_COPY_FILE_RANGE 1
| #define HAVE_CTERMID 1
| #define HAVE_DUP 1
| #define HAVE_DUP3 1
| #define HAVE_EXECV 1
| #define HAVE_EXPLICIT_BZERO 1
| #define HAVE_FACCESSAT 1
| #define HAVE_FCHMOD 1
| #define HAVE_FCHMODAT 1
| #define HAVE_FCHOWN 1
| #define HAVE_FCHOWNAT 1
| #define HAVE_FDOPENDIR 1
| #define HAVE_FEXECVE 1
| #define HAVE_FORK 1
| /* end confdefs.h.  */
| /* Define fork1 to an innocuous variant, in case <limits.h> declares fork1.
|    For example, HP-UX 11i <limits.h> declares gettimeofday.  */
| #define fork1 innocuous_fork1
| 
| /* System header to define __stub macros and hopefully few prototypes,
|    which can conflict with char fork1 (); below.  */
| 
| #include <limits.h>
| #undef fork1
| 
| /* Override any GCC internal prototype to avoid an error.
|    Use char because int might match the return type of a GCC
|    builtin and then its argument prototype would still apply.  */
| #ifdef __cplusplus
| extern "C"
| #endif
| char fork1 ();
| /* The GNU C library defines this for functions which it implements
|     to always fail with ENOSYS.  Some functions are actually named
|     something starting with __ and the normal name is an alias.  */
| #if defined __stub_fork1 || defined __stub___fork1
| choke me
| #endif
| 
| int
| main (void)
| {
| return fork1 ();
|   ;
|   return 0;
| }
configure:18273: result: no
configure:18279: checking for fpathconf
configure:18279: gcc -o conftest    conftest.c -ldl  >&5
configure:18279: $? = 0
configure:18279: result: yes
configure:18285: checking for fstatat
configure:18285: gcc -o conftest    conftest.c -ldl  >&5
configure:18285: $? = 0
configure:18285: result: yes
configure:18291: checking for ftime
configure:18291: gcc -o conftest    conftest.c -ldl  >&5
configure:18291: $? = 0
configure:18291: result: yes
configure:18297: checking for ftruncate
configure:18297: gcc -o conftest    conftest.c -ldl  >&5
configure:18297: $? = 0
configure:18297: result: yes
configure:18303: checking for futimens
configure:18303: gcc -o conftest    conftest.c -ldl  >&5
configure:18303: $? = 0
configure:18303: result: yes
configure:18309: checking for futimes
configure:18309: gcc -o conftest    conftest.c -ldl  >&5
configure:18309: $? = 0
configure:18309: result: yes
configure:18315: checking for futimesat
configure:18315: gcc -o conftest    conftest.c -ldl  >&5
configure:18315: $? = 0
configure:18315: result: yes
configure:18321: checking for gai_strerror
configure:18321: gcc -o conftest    conftest.c -ldl  >&5
configure:18321: $? = 0
configure:18321: result: yes
configure:18327: checking for getegid
configure:18327: gcc -o conftest    conftest.c -ldl  >&5
configure:18327: $? = 0
configure:18327: result: yes
configure:18333: checking for geteuid
configure:18333: gcc -o conftest    conftest.c -ldl  >&5
configure:18333: $? = 0
configure:18333: result: yes
configure:18339: checking for getgid
configure:18339: gcc -o conftest    conftest.c -ldl  >&5
configure:18339: $? = 0
configure:18339: result: yes
configure:18345: checking for getgrent
configure:18345: gcc -o conftest    conftest.c -ldl  >&5
configure:18345: $? = 0
configure:18345: result: yes
configure:18351: checking for getgrgid
configure:18351: gcc -o conftest    conftest.c -ldl  >&5
configure:18351: $? = 0
configure:18351: result: yes
configure:18357: checking for getgrgid_r
configure:18357: gcc -o conftest    conftest.c -ldl  >&5
configure:18357: $? = 0
configure:18357: result: yes
configure:18363: checking for getgrnam_r
configure:18363: gcc -o conftest    conftest.c -ldl  >&5
configure:18363: $? = 0
configure:18363: result: yes
configure:18369: checking for getgrouplist
configure:18369: gcc -o conftest    conftest.c -ldl  >&5
configure:18369: $? = 0
configure:18369: result: yes
configure:18375: checking for gethostname
configure:18375: gcc -o conftest    conftest.c -ldl  >&5
configure:18375: $? = 0
configure:18375: result: yes
configure:18381: checking for getitimer
configure:18381: gcc -o conftest    conftest.c -ldl  >&5
configure:18381: $? = 0
configure:18381: result: yes
configure:18387: checking for getloadavg
configure:18387: gcc -o conftest    conftest.c -ldl  >&5
configure:18387: $? = 0
configure:18387: result: yes
configure:18393: checking for getlogin
configure:18393: gcc -o conftest    conftest.c -ldl  >&5
configure:18393: $? = 0
configure:18393: result: yes
configure:18399: checking for getlogin_r
configure:18399: gcc -o conftest    conftest.c -ldl  >&5
configure:18399: $? = 0
configure:18399: result: yes
configure:18405: checking for getpeername
configure:18405: gcc -o conftest    conftest.c -ldl  >&5
configure:18405: $? = 0
configure:18405: result: yes
configure:18411: checking for getpgid
configure:18411: gcc -o conftest    conftest.c -ldl  >&5
configure:18411: $? = 0
configure:18411: result: yes
configure:18417: checking for getpid
configure:18417: gcc -o conftest    conftest.c -ldl  >&5
configure:18417: $? = 0
configure:18417: result: yes
configure:18423: checking for getppid
configure:18423: gcc -o conftest    conftest.c -ldl  >&5
configure:18423: $? = 0
configure:18423: result: yes
configure:18429: checking for getpriority
configure:18429: gcc -o conftest    conftest.c -ldl  >&5
configure:18429: $? = 0
configure:18429: result: yes
configure:18435: checking for _getpty
configure:18435: gcc -o conftest    conftest.c -ldl  >&5
/usr/bin/ld: /tmp/ccbn20Zr.o: in function `main':
conftest.c:(.text+0xa): undefined reference to `_getpty'
collect2: error: ld returned 1 exit status
configure:18435: $? = 1
configure: failed program was:
| /* confdefs.h */
| #define _NETBSD_SOURCE 1
| #define __BSD_VISIBLE 1
| #define _DARWIN_C_SOURCE 1
| #define _PYTHONFRAMEWORK ""
| #define _XOPEN_SOURCE 700
| #define _XOPEN_SOURCE_EXTENDED 1
| #define _POSIX_C_SOURCE 200809L
| #define HAVE_STDIO_H 1
| #define HAVE_STDLIB_H 1
| #define HAVE_STRING_H 1
| #define HAVE_INTTYPES_H 1
| #define HAVE_STDINT_H 1
| #define HAVE_STRINGS_H 1
| #define HAVE_SYS_STAT_H 1
| #define HAVE_SYS_TYPES_H 1
| #define HAVE_UNISTD_H 1
| #define HAVE_WCHAR_H 1
| #define STDC_HEADERS 1
| #define _ALL_SOURCE 1
| #define _DARWIN_C_SOURCE 1
| #define _GNU_SOURCE 1
| #define _HPUX_ALT_XOPEN_SOCKET_API 1
| #define _NETBSD_SOURCE 1
| #define _OPENBSD_SOURCE 1
| #define _POSIX_PTHREAD_SEMANTICS 1
| #define __STDC_WANT_IEC_60559_ATTRIBS_EXT__ 1
| #define __STDC_WANT_IEC_60559_BFP_EXT__ 1
| #define __STDC_WANT_IEC_60559_DFP_EXT__ 1
| #define __STDC_WANT_IEC_60559_FUNCS_EXT__ 1
| #define __STDC_WANT_IEC_60559_TYPES_EXT__ 1
| #define __STDC_WANT_LIB_EXT2__ 1
| #define __STDC_WANT_MATH_SPEC_FUNCS__ 1
| #define _TANDEM_SOURCE 1
| #define __EXTENSIONS__ 1
| #define PY_SUPPORT_TIER 1
| #define STDC_HEADERS 1
| #define HAVE_ALLOCA_H 1
| #define HAVE_ASM_TYPES_H 1
| #define HAVE_DLFCN_H 1
| #define HAVE_ENDIAN_H 1
| #define HAVE_ERRNO_H 1
| #define HAVE_FCNTL_H 1
| #define HAVE_GRP_H 1
| #define HAVE_LANGINFO_H 1
| #define HAVE_LIBINTL_H 1
| #define HAVE_LINUX_AUXVEC_H 1
| #define HAVE_SYS_AUXV_H 1
| #define HAVE_LINUX_FS_H 1
| #define HAVE_LINUX_LIMITS_H 1
| #define HAVE_LINUX_MEMFD_H 1
| #define HAVE_LINUX_RANDOM_H 1
| #define HAVE_LINUX_SOUNDCARD_H 1
| #define HAVE_LINUX_TIPC_H 1
| #define HAVE_LINUX_WAIT_H 1
| #define HAVE_NETDB_H 1
| #define HAVE_NET_ETHERNET_H 1
| #define HAVE_NETINET_IN_H 1
| #define HAVE_NETPACKET_PACKET_H 1
| #define HAVE_POLL_H 1
| #define HAVE_PTHREAD_H 1
| #define HAVE_PTY_H 1
| #define HAVE_SCHED_H 1
| #define HAVE_SETJMP_H 1
| #define HAVE_SHADOW_H 1
| #define HAVE_SIGNAL_H 1
| #define HAVE_SPAWN_H 1
| #define HAVE_SYS_EPOLL_H 1
| #define HAVE_SYS_EVENTFD_H 1
| #define HAVE_SYS_FILE_H 1
| #define HAVE_SYS_IOCTL_H 1
| #define HAVE_SYS_MMAN_H 1
| #define HAVE_SYS_PARAM_H 1
| #define HAVE_SYS_PIDFD_H 1
| #define HAVE_SYS_POLL_H 1
| #define HAVE_SYS_RANDOM_H 1
| #define HAVE_SYS_RESOURCE_H 1
| #define HAVE_SYS_SELECT_H 1
| #define HAVE_SYS_SENDFILE_H 1
| #define HAVE_SYS_SOCKET_H 1
| #define HAVE_SYS_SOUNDCARD_H 1
| #define HAVE_SYS_STAT_H 1
| #define HAVE_SYS_STATVFS_H 1
| #define HAVE_SYS_SYSCALL_H 1
| #define HAVE_SYS_SYSMACROS_H 1
| #define HAVE_SYS_TIME_H 1
| #define HAVE_SYS_TIMES_H 1
| #define HAVE_SYS_TIMERFD_H 1
| #define HAVE_SYS_TYPES_H 1
| #define HAVE_SYS_UIO_H 1
| #define HAVE_SYS_UN_H 1
| #define HAVE_SYS_UTSNAME_H 1
| #define HAVE_SYS_WAIT_H 1
| #define HAVE_SYS_XATTR_H 1
| #define HAVE_SYSEXITS_H 1
| #define HAVE_SYSLOG_H 1
| #define HAVE_TERMIOS_H 1
| #define HAVE_UTIME_H 1
| #define HAVE_UTMP_H 1
| #define HAVE_DIRENT_H 1
| #define MAJOR_IN_SYSMACROS 1
| #define HAVE_NET_IF_H 1
| #define HAVE_LINUX_NETLINK_H 1
| #define HAVE_LINUX_QRTR_H 1
| #define HAVE_LINUX_VM_SOCKETS_H 1
| #define HAVE_LINUX_CAN_H 1
| #define HAVE_LINUX_CAN_BCM_H 1
| #define HAVE_LINUX_CAN_J1939_H 1
| #define HAVE_LINUX_CAN_RAW_H 1
| #define HAVE_CLOCK_T 1
| #define HAVE_MAKEDEV 1
| #define HAVE_HTOLE64 1
| #define _LARGEFILE_SOURCE 1
| #define _FILE_OFFSET_BITS 64
| #if defined(SCO_DS)
| #undef _OFF_T
| #endif
| #define RETSIGTYPE void
| #define HAVE_SSIZE_T 1
| #define HAVE___UINT128_T 1
| #define HAVE_GCC_UINT128_T 1
| #define SIZEOF_INT 4
| #define SIZEOF_LONG 8
| #define ALIGNOF_LONG 8
| #define SIZEOF_LONG_LONG 8
| #define SIZEOF_VOID_P 8
| #define SIZEOF_SHORT 2
| #define SIZEOF_FLOAT 4
| #define SIZEOF_DOUBLE 8
| #define SIZEOF_FPOS_T 16
| #define SIZEOF_SIZE_T 8
| #define ALIGNOF_SIZE_T 8
| #define SIZEOF_PID_T 4
| #define SIZEOF_UINTPTR_T 8
| #define ALIGNOF_MAX_ALIGN_T 16
| #define HAVE_LONG_DOUBLE 1
| #define SIZEOF_LONG_DOUBLE 16
| #define SIZEOF__BOOL 1
| #define SIZEOF_OFF_T 8
| #define SIZEOF_TIME_T 8
| #define SIZEOF_PTHREAD_T 8
| #define SIZEOF_PTHREAD_KEY_T 4
| #define PTHREAD_KEY_T_IS_COMPATIBLE_WITH_INT 1
| #define PY_HAVE_PERF_TRAMPOLINE 1
| #define HAVE_LIBDL 1
| #define HAVE_FFI_PREP_CIF_VAR 1
| #define HAVE_FFI_PREP_CLOSURE_LOC 1
| #define HAVE_FFI_CLOSURE_ALLOC 1
| #define WITH_DECIMAL_CONTEXTVAR 1
| #define HAVE_LIBSQLITE3 1
| #define HAVE_LIBSQLITE3 1
| #define HAVE_LIBSQLITE3 1
| #define HAVE_LIBSQLITE3 1
| #define HAVE_LIBSQLITE3 1
| #define HAVE_LIBSQLITE3 1
| #define HAVE_LIBSQLITE3 1
| #define HAVE_LIBSQLITE3 1
| #define HAVE_LIBSQLITE3 1
| #define PY_SQLITE_HAVE_SERIALIZE 1
| #define _REENTRANT 1
| #define PTHREAD_SYSTEM_SCHED_SUPPORTED 1
| #define HAVE_PTHREAD_SIGMASK 1
| #define HAVE_PTHREAD_GETCPUCLOCKID 1
| #define ENABLE_IPV6 1
| #define HAVE_LINUX_CAN_RAW_FD_FRAMES 1
| #define HAVE_LINUX_CAN_RAW_JOIN_FILTERS 1
| #define WITH_DOC_STRINGS 1
| #define HAVE_STD_ATOMIC 1
| #define HAVE_BUILTIN_ATOMIC 1
| #define WITH_MIMALLOC 1
| #define WITH_PYMALLOC 1
| #define WITH_FREELISTS 1
| #define PY_COERCE_C_LOCALE 1
| #define HAVE_DLOPEN 1
| #define HAVE_DYNAMIC_LOADING 1
| #define HAVE_ACCEPT4 1
| #define HAVE_ALARM 1
| #define HAVE_BIND_TEXTDOMAIN_CODESET 1
| #define HAVE_CHMOD 1
| #define HAVE_CHOWN 1
| #define HAVE_CLOCK 1
| #define HAVE_CLOSEFROM 1
| #define HAVE_CLOSE_RANGE 1
| #define HAVE_CONFSTR 1
| #define HAVE_COPY_FILE_RANGE 1
| #define HAVE_CTERMID 1
| #define HAVE_DUP 1
| #define HAVE_DUP3 1
| #define HAVE_EXECV 1
| #define HAVE_EXPLICIT_BZERO 1
| #define HAVE_FACCESSAT 1
| #define HAVE_FCHMOD 1
| #define HAVE_FCHMODAT 1
| #define HAVE_FCHOWN 1
| #define HAVE_FCHOWNAT 1
| #define HAVE_FDOPENDIR 1
| #define HAVE_FEXECVE 1
| #define HAVE_FORK 1
| #define HAVE_FPATHCONF 1
| #define HAVE_FSTATAT 1
| #define HAVE_FTIME 1
| #define HAVE_FTRUNCATE 1
| #define HAVE_FUTIMENS 1
| #define HAVE_FUTIMES 1
| #define HAVE_FUTIMESAT 1
| #define HAVE_GAI_STRERROR 1
| #define HAVE_GETEGID 1
| #define HAVE_GETEUID 1
| #define HAVE_GETGID 1
| #define HAVE_GETGRENT 1
| #define HAVE_GETGRGID 1
| #define HAVE_GETGRGID_R 1
| #define HAVE_GETGRNAM_R 1
| #define HAVE_GETGROUPLIST 1
| #define HAVE_GETHOSTNAME 1
| #define HAVE_GETITIMER 1
| #define HAVE_GETLOADAVG 1
| #define HAVE_GETLOGIN 1
| #define HAVE_GETLOGIN_R 1
| #define HAVE_GETPEERNAME 1
| #define HAVE_GETPGID 1
| #define HAVE_GETPID 1
| #define HAVE_GETPPID 1
| #define HAVE_GETPRIORITY 1
| /* end confdefs.h.  */
| /* Define _getpty to an innocuous variant, in case <limits.h> declares _getpty.
|    For example, HP-UX 11i <limits.h> declares gettimeofday.  */
| #define _getpty innocuous__getpty
| 
| /* System header to define __stub macros and hopefully few prototypes,
|    which can conflict with char _getpty (); below.  */
| 
| #include <limits.h>
| #undef _getpty
| 
| /* Override any GCC internal prototype to avoid an error.
|    Use char because int might match the return type of a GCC
|    builtin and then its argument prototype would still apply.  */
| #ifdef __cplusplus
| extern "C"
| #endif
| char _getpty ();
| /* The GNU C library defines this for functions which it implements
|     to always fail with ENOSYS.  Some functions are actually named
|     something starting with __ and the normal name is an alias.  */
| #if defined __stub__getpty || defined __stub____getpty
| choke me
| #endif
| 
| int
| main (void)
| {
| return _getpty ();
|   ;
|   return 0;
| }
configure:18435: result: no
configure:18441: checking for getpwent
configure:18441: gcc -o conftest    conftest.c -ldl  >&5
configure:18441: $? = 0
configure:18441: result: yes
configure:18447: checking for getpwnam_r
configure:18447: gcc -o conftest    conftest.c -ldl  >&5
configure:18447: $? = 0
configure:18447: result: yes
configure:18453: checking for getpwuid
configure:18453: gcc -o conftest    conftest.c -ldl  >&5
configure:18453: $? = 0
configure:18453: result: yes
configure:18459: checking for getpwuid_r
configure:18459: gcc -o conftest    conftest.c -ldl  >&5
configure:18459: $? = 0
configure:18459: result: yes
configure:18465: checking for getresgid
configure:18465: gcc -o conftest    conftest.c -ldl  >&5
configure:18465: $? = 0
configure:18465: result: yes
configure:18471: checking for getresuid
configure:18471: gcc -o conftest    conftest.c -ldl  >&5
configure:18471: $? = 0
configure:18471: result: yes
configure:18477: checking for getrusage
configure:18477: gcc -o conftest    conftest.c -ldl  >&5
configure:18477: $? = 0
configure:18477: result: yes
configure:18483: checking for getsid
configure:18483: gcc -o conftest    conftest.c -ldl  >&5
configure:18483: $? = 0
configure:18483: result: yes
configure:18489: checking for getspent
configure:18489: gcc -o conftest    conftest.c -ldl  >&5
configure:18489: $? = 0
configure:18489: result: yes
configure:18495: checking for getspnam
configure:18495: gcc -o conftest    conftest.c -ldl  >&5
configure:18495: $? = 0
configure:18495: result: yes
configure:18501: checking for getuid
configure:18501: gcc -o conftest    conftest.c -ldl  >&5
configure:18501: $? = 0
configure:18501: result: yes
configure:18507: checking for getwd
configure:18507: gcc -o conftest    conftest.c -ldl  >&5
/usr/bin/ld: /tmp/ccYT0mpk.o: in function `main':
conftest.c:(.text+0xa): warning: the `getwd' function is dangerous and should not be used.
configure:18507: $? = 0
configure:18507: result: yes
configure:18513: checking for grantpt
configure:18513: gcc -o conftest    conftest.c -ldl  >&5
configure:18513: $? = 0
configure:18513: result: yes
configure:18519: checking for if_nameindex
configure:18519: gcc -o conftest    conftest.c -ldl  >&5
configure:18519: $? = 0
configure:18519: result: yes
configure:18525: checking for initgroups
configure:18525: gcc -o conftest    conftest.c -ldl  >&5
configure:18525: $? = 0
configure:18525: result: yes
configure:18531: checking for kill
configure:18531: gcc -o conftest    conftest.c -ldl  >&5
configure:18531: $? = 0
configure:18531: result: yes
configure:18537: checking for killpg
configure:18537: gcc -o conftest    conftest.c -ldl  >&5
configure:18537: $? = 0
configure:18537: result: yes
configure:18543: checking for lchown
configure:18543: gcc -o conftest    conftest.c -ldl  >&5
configure:18543: $? = 0
configure:18543: result: yes
configure:18549: checking for linkat
configure:18549: gcc -o conftest    conftest.c -ldl  >&5
configure:18549: $? = 0
configure:18549: result: yes
configure:18555: checking for lockf
configure:18555: gcc -o conftest    conftest.c -ldl  >&5
configure:18555: $? = 0
configure:18555: result: yes
configure:18561: checking for lstat
configure:18561: gcc -o conftest    conftest.c -ldl  >&5
configure:18561: $? = 0
configure:18561: result: yes
configure:18567: checking for lutimes
configure:18567: gcc -o conftest    conftest.c -ldl  >&5
configure:18567: $? = 0
configure:18567: result: yes
configure:18573: checking for madvise
configure:18573: gcc -o conftest    conftest.c -ldl  >&5
configure:18573: $? = 0
configure:18573: result: yes
configure:18579: checking for mbrtowc
configure:18579: gcc -o conftest    conftest.c -ldl  >&5
configure:18579: $? = 0
configure:18579: result: yes
configure:18585: checking for memrchr
configure:18585: gcc -o conftest    conftest.c -ldl  >&5
configure:18585: $? = 0
configure:18585: result: yes
configure:18591: checking for mkdirat
configure:18591: gcc -o conftest    conftest.c -ldl  >&5
configure:18591: $? = 0
configure:18591: result: yes
configure:18597: checking for mkfifo
configure:18597: gcc -o conftest    conftest.c -ldl  >&5
configure:18597: $? = 0
configure:18597: result: yes
configure:18603: checking for mkfifoat
configure:18603: gcc -o conftest    conftest.c -ldl  >&5
configure:18603: $? = 0
configure:18603: result: yes
configure:18609: checking for mknod
configure:18609: gcc -o conftest    conftest.c -ldl  >&5
configure:18609: $? = 0
configure:18609: result: yes
configure:18615: checking for mknodat
configure:18615: gcc -o conftest    conftest.c -ldl  >&5
configure:18615: $? = 0
configure:18615: result: yes
configure:18621: checking for mktime
configure:18621: gcc -o conftest    conftest.c -ldl  >&5
configure:18621: $? = 0
configure:18621: result: yes
configure:18627: checking for mmap
configure:18627: gcc -o conftest    conftest.c -ldl  >&5
configure:18627: $? = 0
configure:18627: result: yes
configure:18633: checking for mremap
configure:18633: gcc -o conftest    conftest.c -ldl  >&5
configure:18633: $? = 0
configure:18633: result: yes
configure:18639: checking for nice
configure:18639: gcc -o conftest    conftest.c -ldl  >&5
configure:18639: $? = 0
configure:18639: result: yes
configure:18645: checking for openat
configure:18645: gcc -o conftest    conftest.c -ldl  >&5
configure:18645: $? = 0
configure:18645: result: yes
configure:18651: checking for opendir
configure:18651: gcc -o conftest    conftest.c -ldl  >&5
configure:18651: $? = 0
configure:18651: result: yes
configure:18657: checking for pathconf
configure:18657: gcc -o conftest    conftest.c -ldl  >&5
configure:18657: $? = 0
configure:18657: result: yes
configure:18663: checking for pause
configure:18663: gcc -o conftest    conftest.c -ldl  >&5
configure:18663: $? = 0
configure:18663: result: yes
configure:18669: checking for pipe
configure:18669: gcc -o conftest    conftest.c -ldl  >&5
configure:18669: $? = 0
configure:18669: result: yes
configure:18675: checking for pipe2
configure:18675: gcc -o conftest    conftest.c -ldl  >&5
configure:18675: $? = 0
configure:18675: result: yes
configure:18681: checking for plock
configure:18681: gcc -o conftest    conftest.c -ldl  >&5
/usr/bin/ld: /tmp/cc665ZmK.o: in function `main':
conftest.c:(.text+0xa): undefined reference to `plock'
collect2: error: ld returned 1 exit status
configure:18681: $? = 1
configure: failed program was:
| /* confdefs.h */
| #define _NETBSD_SOURCE 1
| #define __BSD_VISIBLE 1
| #define _DARWIN_C_SOURCE 1
| #define _PYTHONFRAMEWORK ""
| #define _XOPEN_SOURCE 700
| #define _XOPEN_SOURCE_EXTENDED 1
| #define _POSIX_C_SOURCE 200809L
| #define HAVE_STDIO_H 1
| #define HAVE_STDLIB_H 1
| #define HAVE_STRING_H 1
| #define HAVE_INTTYPES_H 1
| #define HAVE_STDINT_H 1
| #define HAVE_STRINGS_H 1
| #define HAVE_SYS_STAT_H 1
| #define HAVE_SYS_TYPES_H 1
| #define HAVE_UNISTD_H 1
| #define HAVE_WCHAR_H 1
| #define STDC_HEADERS 1
| #define _ALL_SOURCE 1
| #define _DARWIN_C_SOURCE 1
| #define _GNU_SOURCE 1
| #define _HPUX_ALT_XOPEN_SOCKET_API 1
| #define _NETBSD_SOURCE 1
| #define _OPENBSD_SOURCE 1
| #define _POSIX_PTHREAD_SEMANTICS 1
| #define __STDC_WANT_IEC_60559_ATTRIBS_EXT__ 1
| #define __STDC_WANT_IEC_60559_BFP_EXT__ 1
| #define __STDC_WANT_IEC_60559_DFP_EXT__ 1
| #define __STDC_WANT_IEC_60559_FUNCS_EXT__ 1
| #define __STDC_WANT_IEC_60559_TYPES_EXT__ 1
| #define __STDC_WANT_LIB_EXT2__ 1
| #define __STDC_WANT_MATH_SPEC_FUNCS__ 1
| #define _TANDEM_SOURCE 1
| #define __EXTENSIONS__ 1
| #define PY_SUPPORT_TIER 1
| #define STDC_HEADERS 1
| #define HAVE_ALLOCA_H 1
| #define HAVE_ASM_TYPES_H 1
| #define HAVE_DLFCN_H 1
| #define HAVE_ENDIAN_H 1
| #define HAVE_ERRNO_H 1
| #define HAVE_FCNTL_H 1
| #define HAVE_GRP_H 1
| #define HAVE_LANGINFO_H 1
| #define HAVE_LIBINTL_H 1
| #define HAVE_LINUX_AUXVEC_H 1
| #define HAVE_SYS_AUXV_H 1
| #define HAVE_LINUX_FS_H 1
| #define HAVE_LINUX_LIMITS_H 1
| #define HAVE_LINUX_MEMFD_H 1
| #define HAVE_LINUX_RANDOM_H 1
| #define HAVE_LINUX_SOUNDCARD_H 1
| #define HAVE_LINUX_TIPC_H 1
| #define HAVE_LINUX_WAIT_H 1
| #define HAVE_NETDB_H 1
| #define HAVE_NET_ETHERNET_H 1
| #define HAVE_NETINET_IN_H 1
| #define HAVE_NETPACKET_PACKET_H 1
| #define HAVE_POLL_H 1
| #define HAVE_PTHREAD_H 1
| #define HAVE_PTY_H 1
| #define HAVE_SCHED_H 1
| #define HAVE_SETJMP_H 1
| #define HAVE_SHADOW_H 1
| #define HAVE_SIGNAL_H 1
| #define HAVE_SPAWN_H 1
| #define HAVE_SYS_EPOLL_H 1
| #define HAVE_SYS_EVENTFD_H 1
| #define HAVE_SYS_FILE_H 1
| #define HAVE_SYS_IOCTL_H 1
| #define HAVE_SYS_MMAN_H 1
| #define HAVE_SYS_PARAM_H 1
| #define HAVE_SYS_PIDFD_H 1
| #define HAVE_SYS_POLL_H 1
| #define HAVE_SYS_RANDOM_H 1
| #define HAVE_SYS_RESOURCE_H 1
| #define HAVE_SYS_SELECT_H 1
| #define HAVE_SYS_SENDFILE_H 1
| #define HAVE_SYS_SOCKET_H 1
| #define HAVE_SYS_SOUNDCARD_H 1
| #define HAVE_SYS_STAT_H 1
| #define HAVE_SYS_STATVFS_H 1
| #define HAVE_SYS_SYSCALL_H 1
| #define HAVE_SYS_SYSMACROS_H 1
| #define HAVE_SYS_TIME_H 1
| #define HAVE_SYS_TIMES_H 1
| #define HAVE_SYS_TIMERFD_H 1
| #define HAVE_SYS_TYPES_H 1
| #define HAVE_SYS_UIO_H 1
| #define HAVE_SYS_UN_H 1
| #define HAVE_SYS_UTSNAME_H 1
| #define HAVE_SYS_WAIT_H 1
| #define HAVE_SYS_XATTR_H 1
| #define HAVE_SYSEXITS_H 1
| #define HAVE_SYSLOG_H 1
| #define HAVE_TERMIOS_H 1
| #define HAVE_UTIME_H 1
| #define HAVE_UTMP_H 1
| #define HAVE_DIRENT_H 1
| #define MAJOR_IN_SYSMACROS 1
| #define HAVE_NET_IF_H 1
| #define HAVE_LINUX_NETLINK_H 1
| #define HAVE_LINUX_QRTR_H 1
| #define HAVE_LINUX_VM_SOCKETS_H 1
| #define HAVE_LINUX_CAN_H 1
| #define HAVE_LINUX_CAN_BCM_H 1
| #define HAVE_LINUX_CAN_J1939_H 1
| #define HAVE_LINUX_CAN_RAW_H 1
| #define HAVE_CLOCK_T 1
| #define HAVE_MAKEDEV 1
| #define HAVE_HTOLE64 1
| #define _LARGEFILE_SOURCE 1
| #define _FILE_OFFSET_BITS 64
| #if defined(SCO_DS)
| #undef _OFF_T
| #endif
| #define RETSIGTYPE void
| #define HAVE_SSIZE_T 1
| #define HAVE___UINT128_T 1
| #define HAVE_GCC_UINT128_T 1
| #define SIZEOF_INT 4
| #define SIZEOF_LONG 8
| #define ALIGNOF_LONG 8
| #define SIZEOF_LONG_LONG 8
| #define SIZEOF_VOID_P 8
| #define SIZEOF_SHORT 2
| #define SIZEOF_FLOAT 4
| #define SIZEOF_DOUBLE 8
| #define SIZEOF_FPOS_T 16
| #define SIZEOF_SIZE_T 8
| #define ALIGNOF_SIZE_T 8
| #define SIZEOF_PID_T 4
| #define SIZEOF_UINTPTR_T 8
| #define ALIGNOF_MAX_ALIGN_T 16
| #define HAVE_LONG_DOUBLE 1
| #define SIZEOF_LONG_DOUBLE 16
| #define SIZEOF__BOOL 1
| #define SIZEOF_OFF_T 8
| #define SIZEOF_TIME_T 8
| #define SIZEOF_PTHREAD_T 8
| #define SIZEOF_PTHREAD_KEY_T 4
| #define PTHREAD_KEY_T_IS_COMPATIBLE_WITH_INT 1
| #define PY_HAVE_PERF_TRAMPOLINE 1
| #define HAVE_LIBDL 1
| #define HAVE_FFI_PREP_CIF_VAR 1
| #define HAVE_FFI_PREP_CLOSURE_LOC 1
| #define HAVE_FFI_CLOSURE_ALLOC 1
| #define WITH_DECIMAL_CONTEXTVAR 1
| #define HAVE_LIBSQLITE3 1
| #define HAVE_LIBSQLITE3 1
| #define HAVE_LIBSQLITE3 1
| #define HAVE_LIBSQLITE3 1
| #define HAVE_LIBSQLITE3 1
| #define HAVE_LIBSQLITE3 1
| #define HAVE_LIBSQLITE3 1
| #define HAVE_LIBSQLITE3 1
| #define HAVE_LIBSQLITE3 1
| #define PY_SQLITE_HAVE_SERIALIZE 1
| #define _REENTRANT 1
| #define PTHREAD_SYSTEM_SCHED_SUPPORTED 1
| #define HAVE_PTHREAD_SIGMASK 1
| #define HAVE_PTHREAD_GETCPUCLOCKID 1
| #define ENABLE_IPV6 1
| #define HAVE_LINUX_CAN_RAW_FD_FRAMES 1
| #define HAVE_LINUX_CAN_RAW_JOIN_FILTERS 1
| #define WITH_DOC_STRINGS 1
| #define HAVE_STD_ATOMIC 1
| #define HAVE_BUILTIN_ATOMIC 1
| #define WITH_MIMALLOC 1
| #define WITH_PYMALLOC 1
| #define WITH_FREELISTS 1
| #define PY_COERCE_C_LOCALE 1
| #define HAVE_DLOPEN 1
| #define HAVE_DYNAMIC_LOADING 1
| #define HAVE_ACCEPT4 1
| #define HAVE_ALARM 1
| #define HAVE_BIND_TEXTDOMAIN_CODESET 1
| #define HAVE_CHMOD 1
| #define HAVE_CHOWN 1
| #define HAVE_CLOCK 1
| #define HAVE_CLOSEFROM 1
| #define HAVE_CLOSE_RANGE 1
| #define HAVE_CONFSTR 1
| #define HAVE_COPY_FILE_RANGE 1
| #define HAVE_CTERMID 1
| #define HAVE_DUP 1
| #define HAVE_DUP3 1
| #define HAVE_EXECV 1
| #define HAVE_EXPLICIT_BZERO 1
| #define HAVE_FACCESSAT 1
| #define HAVE_FCHMOD 1
| #define HAVE_FCHMODAT 1
| #define HAVE_FCHOWN 1
| #define HAVE_FCHOWNAT 1
| #define HAVE_FDOPENDIR 1
| #define HAVE_FEXECVE 1
| #define HAVE_FORK 1
| #define HAVE_FPATHCONF 1
| #define HAVE_FSTATAT 1
| #define HAVE_FTIME 1
| #define HAVE_FTRUNCATE 1
| #define HAVE_FUTIMENS 1
| #define HAVE_FUTIMES 1
| #define HAVE_FUTIMESAT 1
| #define HAVE_GAI_STRERROR 1
| #define HAVE_GETEGID 1
| #define HAVE_GETEUID 1
| #define HAVE_GETGID 1
| #define HAVE_GETGRENT 1
| #define HAVE_GETGRGID 1
| #define HAVE_GETGRGID_R 1
| #define HAVE_GETGRNAM_R 1
| #define HAVE_GETGROUPLIST 1
| #define HAVE_GETHOSTNAME 1
| #define HAVE_GETITIMER 1
| #define HAVE_GETLOADAVG 1
| #define HAVE_GETLOGIN 1
| #define HAVE_GETLOGIN_R 1
| #define HAVE_GETPEERNAME 1
| #define HAVE_GETPGID 1
| #define HAVE_GETPID 1
| #define HAVE_GETPPID 1
| #define HAVE_GETPRIORITY 1
| #define HAVE_GETPWENT 1
| #define HAVE_GETPWNAM_R 1
| #define HAVE_GETPWUID 1
| #define HAVE_GETPWUID_R 1
| #define HAVE_GETRESGID 1
| #define HAVE_GETRESUID 1
| #define HAVE_GETRUSAGE 1
| #define HAVE_GETSID 1
| #define HAVE_GETSPENT 1
| #define HAVE_GETSPNAM 1
| #define HAVE_GETUID 1
| #define HAVE_GETWD 1
| #define HAVE_GRANTPT 1
| #define HAVE_IF_NAMEINDEX 1
| #define HAVE_INITGROUPS 1
| #define HAVE_KILL 1
| #define HAVE_KILLPG 1
| #define HAVE_LCHOWN 1
| #define HAVE_LINKAT 1
| #define HAVE_LOCKF 1
| #define HAVE_LSTAT 1
| #define HAVE_LUTIMES 1
| #define HAVE_MADVISE 1
| #define HAVE_MBRTOWC 1
| #define HAVE_MEMRCHR 1
| #define HAVE_MKDIRAT 1
| #define HAVE_MKFIFO 1
| #define HAVE_MKFIFOAT 1
| #define HAVE_MKNOD 1
| #define HAVE_MKNODAT 1
| #define HAVE_MKTIME 1
| #define HAVE_MMAP 1
| #define HAVE_MREMAP 1
| #define HAVE_NICE 1
| #define HAVE_OPENAT 1
| #define HAVE_OPENDIR 1
| #define HAVE_PATHCONF 1
| #define HAVE_PAUSE 1
| #define HAVE_PIPE 1
| #define HAVE_PIPE2 1
| /* end confdefs.h.  */
| /* Define plock to an innocuous variant, in case <limits.h> declares plock.
|    For example, HP-UX 11i <limits.h> declares gettimeofday.  */
| #define plock innocuous_plock
| 
| /* System header to define __stub macros and hopefully few prototypes,
|    which can conflict with char plock (); below.  */
| 
| #include <limits.h>
| #undef plock
| 
| /* Override any GCC internal prototype to avoid an error.
|    Use char because int might match the return type of a GCC
|    builtin and then its argument prototype would still apply.  */
| #ifdef __cplusplus
| extern "C"
| #endif
| char plock ();
| /* The GNU C library defines this for functions which it implements
|     to always fail with ENOSYS.  Some functions are actually named
|     something starting with __ and the normal name is an alias.  */
| #if defined __stub_plock || defined __stub___plock
| choke me
| #endif
| 
| int
| main (void)
| {
| return plock ();
|   ;
|   return 0;
| }
configure:18681: result: no
configure:18687: checking for poll
configure:18687: gcc -o conftest    conftest.c -ldl  >&5
configure:18687: $? = 0
configure:18687: result: yes
configure:18693: checking for posix_fadvise
configure:18693: gcc -o conftest    conftest.c -ldl  >&5
configure:18693: $? = 0
configure:18693: result: yes
configure:18699: checking for posix_fallocate
configure:18699: gcc -o conftest    conftest.c -ldl  >&5
configure:18699: $? = 0
configure:18699: result: yes
configure:18705: checking for posix_openpt
configure:18705: gcc -o conftest    conftest.c -ldl  >&5
configure:18705: $? = 0
configure:18705: result: yes
configure:18711: checking for posix_spawn
configure:18711: gcc -o conftest    conftest.c -ldl  >&5
configure:18711: $? = 0
configure:18711: result: yes
configure:18717: checking for posix_spawnp
configure:18717: gcc -o conftest    conftest.c -ldl  >&5
configure:18717: $? = 0
configure:18717: result: yes
configure:18723: checking for posix_spawn_file_actions_addclosefrom_np
configure:18723: gcc -o conftest    conftest.c -ldl  >&5
configure:18723: $? = 0
configure:18723: result: yes
configure:18729: checking for pread
configure:18729: gcc -o conftest    conftest.c -ldl  >&5
configure:18729: $? = 0
configure:18729: result: yes
configure:18735: checking for preadv
configure:18735: gcc -o conftest    conftest.c -ldl  >&5
configure:18735: $? = 0
configure:18735: result: yes
configure:18741: checking for preadv2
configure:18741: gcc -o conftest    conftest.c -ldl  >&5
configure:18741: $? = 0
configure:18741: result: yes
configure:18747: checking for process_vm_readv
configure:18747: gcc -o conftest    conftest.c -ldl  >&5
configure:18747: $? = 0
configure:18747: result: yes
configure:18753: checking for pthread_cond_timedwait_relative_np
configure:18753: gcc -o conftest    conftest.c -ldl  >&5
/usr/bin/ld: /tmp/ccEeRHad.o: in function `main':
conftest.c:(.text+0xa): undefined reference to `pthread_cond_timedwait_relative_np'
collect2: error: ld returned 1 exit status
configure:18753: $? = 1
configure: failed program was:
| /* confdefs.h */
| #define _NETBSD_SOURCE 1
| #define __BSD_VISIBLE 1
| #define _DARWIN_C_SOURCE 1
| #define _PYTHONFRAMEWORK ""
| #define _XOPEN_SOURCE 700
| #define _XOPEN_SOURCE_EXTENDED 1
| #define _POSIX_C_SOURCE 200809L
| #define HAVE_STDIO_H 1
| #define HAVE_STDLIB_H 1
| #define HAVE_STRING_H 1
| #define HAVE_INTTYPES_H 1
| #define HAVE_STDINT_H 1
| #define HAVE_STRINGS_H 1
| #define HAVE_SYS_STAT_H 1
| #define HAVE_SYS_TYPES_H 1
| #define HAVE_UNISTD_H 1
| #define HAVE_WCHAR_H 1
| #define STDC_HEADERS 1
| #define _ALL_SOURCE 1
| #define _DARWIN_C_SOURCE 1
| #define _GNU_SOURCE 1
| #define _HPUX_ALT_XOPEN_SOCKET_API 1
| #define _NETBSD_SOURCE 1
| #define _OPENBSD_SOURCE 1
| #define _POSIX_PTHREAD_SEMANTICS 1
| #define __STDC_WANT_IEC_60559_ATTRIBS_EXT__ 1
| #define __STDC_WANT_IEC_60559_BFP_EXT__ 1
| #define __STDC_WANT_IEC_60559_DFP_EXT__ 1
| #define __STDC_WANT_IEC_60559_FUNCS_EXT__ 1
| #define __STDC_WANT_IEC_60559_TYPES_EXT__ 1
| #define __STDC_WANT_LIB_EXT2__ 1
| #define __STDC_WANT_MATH_SPEC_FUNCS__ 1
| #define _TANDEM_SOURCE 1
| #define __EXTENSIONS__ 1
| #define PY_SUPPORT_TIER 1
| #define STDC_HEADERS 1
| #define HAVE_ALLOCA_H 1
| #define HAVE_ASM_TYPES_H 1
| #define HAVE_DLFCN_H 1
| #define HAVE_ENDIAN_H 1
| #define HAVE_ERRNO_H 1
| #define HAVE_FCNTL_H 1
| #define HAVE_GRP_H 1
| #define HAVE_LANGINFO_H 1
| #define HAVE_LIBINTL_H 1
| #define HAVE_LINUX_AUXVEC_H 1
| #define HAVE_SYS_AUXV_H 1
| #define HAVE_LINUX_FS_H 1
| #define HAVE_LINUX_LIMITS_H 1
| #define HAVE_LINUX_MEMFD_H 1
| #define HAVE_LINUX_RANDOM_H 1
| #define HAVE_LINUX_SOUNDCARD_H 1
| #define HAVE_LINUX_TIPC_H 1
| #define HAVE_LINUX_WAIT_H 1
| #define HAVE_NETDB_H 1
| #define HAVE_NET_ETHERNET_H 1
| #define HAVE_NETINET_IN_H 1
| #define HAVE_NETPACKET_PACKET_H 1
| #define HAVE_POLL_H 1
| #define HAVE_PTHREAD_H 1
| #define HAVE_PTY_H 1
| #define HAVE_SCHED_H 1
| #define HAVE_SETJMP_H 1
| #define HAVE_SHADOW_H 1
| #define HAVE_SIGNAL_H 1
| #define HAVE_SPAWN_H 1
| #define HAVE_SYS_EPOLL_H 1
| #define HAVE_SYS_EVENTFD_H 1
| #define HAVE_SYS_FILE_H 1
| #define HAVE_SYS_IOCTL_H 1
| #define HAVE_SYS_MMAN_H 1
| #define HAVE_SYS_PARAM_H 1
| #define HAVE_SYS_PIDFD_H 1
| #define HAVE_SYS_POLL_H 1
| #define HAVE_SYS_RANDOM_H 1
| #define HAVE_SYS_RESOURCE_H 1
| #define HAVE_SYS_SELECT_H 1
| #define HAVE_SYS_SENDFILE_H 1
| #define HAVE_SYS_SOCKET_H 1
| #define HAVE_SYS_SOUNDCARD_H 1
| #define HAVE_SYS_STAT_H 1
| #define HAVE_SYS_STATVFS_H 1
| #define HAVE_SYS_SYSCALL_H 1
| #define HAVE_SYS_SYSMACROS_H 1
| #define HAVE_SYS_TIME_H 1
| #define HAVE_SYS_TIMES_H 1
| #define HAVE_SYS_TIMERFD_H 1
| #define HAVE_SYS_TYPES_H 1
| #define HAVE_SYS_UIO_H 1
| #define HAVE_SYS_UN_H 1
| #define HAVE_SYS_UTSNAME_H 1
| #define HAVE_SYS_WAIT_H 1
| #define HAVE_SYS_XATTR_H 1
| #define HAVE_SYSEXITS_H 1
| #define HAVE_SYSLOG_H 1
| #define HAVE_TERMIOS_H 1
| #define HAVE_UTIME_H 1
| #define HAVE_UTMP_H 1
| #define HAVE_DIRENT_H 1
| #define MAJOR_IN_SYSMACROS 1
| #define HAVE_NET_IF_H 1
| #define HAVE_LINUX_NETLINK_H 1
| #define HAVE_LINUX_QRTR_H 1
| #define HAVE_LINUX_VM_SOCKETS_H 1
| #define HAVE_LINUX_CAN_H 1
| #define HAVE_LINUX_CAN_BCM_H 1
| #define HAVE_LINUX_CAN_J1939_H 1
| #define HAVE_LINUX_CAN_RAW_H 1
| #define HAVE_CLOCK_T 1
| #define HAVE_MAKEDEV 1
| #define HAVE_HTOLE64 1
| #define _LARGEFILE_SOURCE 1
| #define _FILE_OFFSET_BITS 64
| #if defined(SCO_DS)
| #undef _OFF_T
| #endif
| #define RETSIGTYPE void
| #define HAVE_SSIZE_T 1
| #define HAVE___UINT128_T 1
| #define HAVE_GCC_UINT128_T 1
| #define SIZEOF_INT 4
| #define SIZEOF_LONG 8
| #define ALIGNOF_LONG 8
| #define SIZEOF_LONG_LONG 8
| #define SIZEOF_VOID_P 8
| #define SIZEOF_SHORT 2
| #define SIZEOF_FLOAT 4
| #define SIZEOF_DOUBLE 8
| #define SIZEOF_FPOS_T 16
| #define SIZEOF_SIZE_T 8
| #define ALIGNOF_SIZE_T 8
| #define SIZEOF_PID_T 4
| #define SIZEOF_UINTPTR_T 8
| #define ALIGNOF_MAX_ALIGN_T 16
| #define HAVE_LONG_DOUBLE 1
| #define SIZEOF_LONG_DOUBLE 16
| #define SIZEOF__BOOL 1
| #define SIZEOF_OFF_T 8
| #define SIZEOF_TIME_T 8
| #define SIZEOF_PTHREAD_T 8
| #define SIZEOF_PTHREAD_KEY_T 4
| #define PTHREAD_KEY_T_IS_COMPATIBLE_WITH_INT 1
| #define PY_HAVE_PERF_TRAMPOLINE 1
| #define HAVE_LIBDL 1
| #define HAVE_FFI_PREP_CIF_VAR 1
| #define HAVE_FFI_PREP_CLOSURE_LOC 1
| #define HAVE_FFI_CLOSURE_ALLOC 1
| #define WITH_DECIMAL_CONTEXTVAR 1
| #define HAVE_LIBSQLITE3 1
| #define HAVE_LIBSQLITE3 1
| #define HAVE_LIBSQLITE3 1
| #define HAVE_LIBSQLITE3 1
| #define HAVE_LIBSQLITE3 1
| #define HAVE_LIBSQLITE3 1
| #define HAVE_LIBSQLITE3 1
| #define HAVE_LIBSQLITE3 1
| #define HAVE_LIBSQLITE3 1
| #define PY_SQLITE_HAVE_SERIALIZE 1
| #define _REENTRANT 1
| #define PTHREAD_SYSTEM_SCHED_SUPPORTED 1
| #define HAVE_PTHREAD_SIGMASK 1
| #define HAVE_PTHREAD_GETCPUCLOCKID 1
| #define ENABLE_IPV6 1
| #define HAVE_LINUX_CAN_RAW_FD_FRAMES 1
| #define HAVE_LINUX_CAN_RAW_JOIN_FILTERS 1
| #define WITH_DOC_STRINGS 1
| #define HAVE_STD_ATOMIC 1
| #define HAVE_BUILTIN_ATOMIC 1
| #define WITH_MIMALLOC 1
| #define WITH_PYMALLOC 1
| #define WITH_FREELISTS 1
| #define PY_COERCE_C_LOCALE 1
| #define HAVE_DLOPEN 1
| #define HAVE_DYNAMIC_LOADING 1
| #define HAVE_ACCEPT4 1
| #define HAVE_ALARM 1
| #define HAVE_BIND_TEXTDOMAIN_CODESET 1
| #define HAVE_CHMOD 1
| #define HAVE_CHOWN 1
| #define HAVE_CLOCK 1
| #define HAVE_CLOSEFROM 1
| #define HAVE_CLOSE_RANGE 1
| #define HAVE_CONFSTR 1
| #define HAVE_COPY_FILE_RANGE 1
| #define HAVE_CTERMID 1
| #define HAVE_DUP 1
| #define HAVE_DUP3 1
| #define HAVE_EXECV 1
| #define HAVE_EXPLICIT_BZERO 1
| #define HAVE_FACCESSAT 1
| #define HAVE_FCHMOD 1
| #define HAVE_FCHMODAT 1
| #define HAVE_FCHOWN 1
| #define HAVE_FCHOWNAT 1
| #define HAVE_FDOPENDIR 1
| #define HAVE_FEXECVE 1
| #define HAVE_FORK 1
| #define HAVE_FPATHCONF 1
| #define HAVE_FSTATAT 1
| #define HAVE_FTIME 1
| #define HAVE_FTRUNCATE 1
| #define HAVE_FUTIMENS 1
| #define HAVE_FUTIMES 1
| #define HAVE_FUTIMESAT 1
| #define HAVE_GAI_STRERROR 1
| #define HAVE_GETEGID 1
| #define HAVE_GETEUID 1
| #define HAVE_GETGID 1
| #define HAVE_GETGRENT 1
| #define HAVE_GETGRGID 1
| #define HAVE_GETGRGID_R 1
| #define HAVE_GETGRNAM_R 1
| #define HAVE_GETGROUPLIST 1
| #define HAVE_GETHOSTNAME 1
| #define HAVE_GETITIMER 1
| #define HAVE_GETLOADAVG 1
| #define HAVE_GETLOGIN 1
| #define HAVE_GETLOGIN_R 1
| #define HAVE_GETPEERNAME 1
| #define HAVE_GETPGID 1
| #define HAVE_GETPID 1
| #define HAVE_GETPPID 1
| #define HAVE_GETPRIORITY 1
| #define HAVE_GETPWENT 1
| #define HAVE_GETPWNAM_R 1
| #define HAVE_GETPWUID 1
| #define HAVE_GETPWUID_R 1
| #define HAVE_GETRESGID 1
| #define HAVE_GETRESUID 1
| #define HAVE_GETRUSAGE 1
| #define HAVE_GETSID 1
| #define HAVE_GETSPENT 1
| #define HAVE_GETSPNAM 1
| #define HAVE_GETUID 1
| #define HAVE_GETWD 1
| #define HAVE_GRANTPT 1
| #define HAVE_IF_NAMEINDEX 1
| #define HAVE_INITGROUPS 1
| #define HAVE_KILL 1
| #define HAVE_KILLPG 1
| #define HAVE_LCHOWN 1
| #define HAVE_LINKAT 1
| #define HAVE_LOCKF 1
| #define HAVE_LSTAT 1
| #define HAVE_LUTIMES 1
| #define HAVE_MADVISE 1
| #define HAVE_MBRTOWC 1
| #define HAVE_MEMRCHR 1
| #define HAVE_MKDIRAT 1
| #define HAVE_MKFIFO 1
| #define HAVE_MKFIFOAT 1
| #define HAVE_MKNOD 1
| #define HAVE_MKNODAT 1
| #define HAVE_MKTIME 1
| #define HAVE_MMAP 1
| #define HAVE_MREMAP 1
| #define HAVE_NICE 1
| #define HAVE_OPENAT 1
| #define HAVE_OPENDIR 1
| #define HAVE_PATHCONF 1
| #define HAVE_PAUSE 1
| #define HAVE_PIPE 1
| #define HAVE_PIPE2 1
| #define HAVE_POLL 1
| #define HAVE_POSIX_FADVISE 1
| #define HAVE_POSIX_FALLOCATE 1
| #define HAVE_POSIX_OPENPT 1
| #define HAVE_POSIX_SPAWN 1
| #define HAVE_POSIX_SPAWNP 1
| #define HAVE_POSIX_SPAWN_FILE_ACTIONS_ADDCLOSEFROM_NP 1
| #define HAVE_PREAD 1
| #define HAVE_PREADV 1
| #define HAVE_PREADV2 1
| #define HAVE_PROCESS_VM_READV 1
| /* end confdefs.h.  */
| /* Define pthread_cond_timedwait_relative_np to an innocuous variant, in case <limits.h> declares pthread_cond_timedwait_relative_np.
|    For example, HP-UX 11i <limits.h> declares gettimeofday.  */
| #define pthread_cond_timedwait_relative_np innocuous_pthread_cond_timedwait_relative_np
| 
| /* System header to define __stub macros and hopefully few prototypes,
|    which can conflict with char pthread_cond_timedwait_relative_np (); below.  */
| 
| #include <limits.h>
| #undef pthread_cond_timedwait_relative_np
| 
| /* Override any GCC internal prototype to avoid an error.
|    Use char because int might match the return type of a GCC
|    builtin and then its argument prototype would still apply.  */
| #ifdef __cplusplus
| extern "C"
| #endif
| char pthread_cond_timedwait_relative_np ();
| /* The GNU C library defines this for functions which it implements
|     to always fail with ENOSYS.  Some functions are actually named
|     something starting with __ and the normal name is an alias.  */
| #if defined __stub_pthread_cond_timedwait_relative_np || defined __stub___pthread_cond_timedwait_relative_np
| choke me
| #endif
| 
| int
| main (void)
| {
| return pthread_cond_timedwait_relative_np ();
|   ;
|   return 0;
| }
configure:18753: result: no
configure:18759: checking for pthread_condattr_setclock
configure:18759: gcc -o conftest    conftest.c -ldl  >&5
configure:18759: $? = 0
configure:18759: result: yes
configure:18765: checking for pthread_init
configure:18765: gcc -o conftest    conftest.c -ldl  >&5
/usr/bin/ld: /tmp/ccGjd9tV.o: in function `main':
conftest.c:(.text+0xa): undefined reference to `pthread_init'
collect2: error: ld returned 1 exit status
configure:18765: $? = 1
configure: failed program was:
| /* confdefs.h */
| #define _NETBSD_SOURCE 1
| #define __BSD_VISIBLE 1
| #define _DARWIN_C_SOURCE 1
| #define _PYTHONFRAMEWORK ""
| #define _XOPEN_SOURCE 700
| #define _XOPEN_SOURCE_EXTENDED 1
| #define _POSIX_C_SOURCE 200809L
| #define HAVE_STDIO_H 1
| #define HAVE_STDLIB_H 1
| #define HAVE_STRING_H 1
| #define HAVE_INTTYPES_H 1
| #define HAVE_STDINT_H 1
| #define HAVE_STRINGS_H 1
| #define HAVE_SYS_STAT_H 1
| #define HAVE_SYS_TYPES_H 1
| #define HAVE_UNISTD_H 1
| #define HAVE_WCHAR_H 1
| #define STDC_HEADERS 1
| #define _ALL_SOURCE 1
| #define _DARWIN_C_SOURCE 1
| #define _GNU_SOURCE 1
| #define _HPUX_ALT_XOPEN_SOCKET_API 1
| #define _NETBSD_SOURCE 1
| #define _OPENBSD_SOURCE 1
| #define _POSIX_PTHREAD_SEMANTICS 1
| #define __STDC_WANT_IEC_60559_ATTRIBS_EXT__ 1
| #define __STDC_WANT_IEC_60559_BFP_EXT__ 1
| #define __STDC_WANT_IEC_60559_DFP_EXT__ 1
| #define __STDC_WANT_IEC_60559_FUNCS_EXT__ 1
| #define __STDC_WANT_IEC_60559_TYPES_EXT__ 1
| #define __STDC_WANT_LIB_EXT2__ 1
| #define __STDC_WANT_MATH_SPEC_FUNCS__ 1
| #define _TANDEM_SOURCE 1
| #define __EXTENSIONS__ 1
| #define PY_SUPPORT_TIER 1
| #define STDC_HEADERS 1
| #define HAVE_ALLOCA_H 1
| #define HAVE_ASM_TYPES_H 1
| #define HAVE_DLFCN_H 1
| #define HAVE_ENDIAN_H 1
| #define HAVE_ERRNO_H 1
| #define HAVE_FCNTL_H 1
| #define HAVE_GRP_H 1
| #define HAVE_LANGINFO_H 1
| #define HAVE_LIBINTL_H 1
| #define HAVE_LINUX_AUXVEC_H 1
| #define HAVE_SYS_AUXV_H 1
| #define HAVE_LINUX_FS_H 1
| #define HAVE_LINUX_LIMITS_H 1
| #define HAVE_LINUX_MEMFD_H 1
| #define HAVE_LINUX_RANDOM_H 1
| #define HAVE_LINUX_SOUNDCARD_H 1
| #define HAVE_LINUX_TIPC_H 1
| #define HAVE_LINUX_WAIT_H 1
| #define HAVE_NETDB_H 1
| #define HAVE_NET_ETHERNET_H 1
| #define HAVE_NETINET_IN_H 1
| #define HAVE_NETPACKET_PACKET_H 1
| #define HAVE_POLL_H 1
| #define HAVE_PTHREAD_H 1
| #define HAVE_PTY_H 1
| #define HAVE_SCHED_H 1
| #define HAVE_SETJMP_H 1
| #define HAVE_SHADOW_H 1
| #define HAVE_SIGNAL_H 1
| #define HAVE_SPAWN_H 1
| #define HAVE_SYS_EPOLL_H 1
| #define HAVE_SYS_EVENTFD_H 1
| #define HAVE_SYS_FILE_H 1
| #define HAVE_SYS_IOCTL_H 1
| #define HAVE_SYS_MMAN_H 1
| #define HAVE_SYS_PARAM_H 1
| #define HAVE_SYS_PIDFD_H 1
| #define HAVE_SYS_POLL_H 1
| #define HAVE_SYS_RANDOM_H 1
| #define HAVE_SYS_RESOURCE_H 1
| #define HAVE_SYS_SELECT_H 1
| #define HAVE_SYS_SENDFILE_H 1
| #define HAVE_SYS_SOCKET_H 1
| #define HAVE_SYS_SOUNDCARD_H 1
| #define HAVE_SYS_STAT_H 1
| #define HAVE_SYS_STATVFS_H 1
| #define HAVE_SYS_SYSCALL_H 1
| #define HAVE_SYS_SYSMACROS_H 1
| #define HAVE_SYS_TIME_H 1
| #define HAVE_SYS_TIMES_H 1
| #define HAVE_SYS_TIMERFD_H 1
| #define HAVE_SYS_TYPES_H 1
| #define HAVE_SYS_UIO_H 1
| #define HAVE_SYS_UN_H 1
| #define HAVE_SYS_UTSNAME_H 1
| #define HAVE_SYS_WAIT_H 1
| #define HAVE_SYS_XATTR_H 1
| #define HAVE_SYSEXITS_H 1
| #define HAVE_SYSLOG_H 1
| #define HAVE_TERMIOS_H 1
| #define HAVE_UTIME_H 1
| #define HAVE_UTMP_H 1
| #define HAVE_DIRENT_H 1
| #define MAJOR_IN_SYSMACROS 1
| #define HAVE_NET_IF_H 1
| #define HAVE_LINUX_NETLINK_H 1
| #define HAVE_LINUX_QRTR_H 1
| #define HAVE_LINUX_VM_SOCKETS_H 1
| #define HAVE_LINUX_CAN_H 1
| #define HAVE_LINUX_CAN_BCM_H 1
| #define HAVE_LINUX_CAN_J1939_H 1
| #define HAVE_LINUX_CAN_RAW_H 1
| #define HAVE_CLOCK_T 1
| #define HAVE_MAKEDEV 1
| #define HAVE_HTOLE64 1
| #define _LARGEFILE_SOURCE 1
| #define _FILE_OFFSET_BITS 64
| #if defined(SCO_DS)
| #undef _OFF_T
| #endif
| #define RETSIGTYPE void
| #define HAVE_SSIZE_T 1
| #define HAVE___UINT128_T 1
| #define HAVE_GCC_UINT128_T 1
| #define SIZEOF_INT 4
| #define SIZEOF_LONG 8
| #define ALIGNOF_LONG 8
| #define SIZEOF_LONG_LONG 8
| #define SIZEOF_VOID_P 8
| #define SIZEOF_SHORT 2
| #define SIZEOF_FLOAT 4
| #define SIZEOF_DOUBLE 8
| #define SIZEOF_FPOS_T 16
| #define SIZEOF_SIZE_T 8
| #define ALIGNOF_SIZE_T 8
| #define SIZEOF_PID_T 4
| #define SIZEOF_UINTPTR_T 8
| #define ALIGNOF_MAX_ALIGN_T 16
| #define HAVE_LONG_DOUBLE 1
| #define SIZEOF_LONG_DOUBLE 16
| #define SIZEOF__BOOL 1
| #define SIZEOF_OFF_T 8
| #define SIZEOF_TIME_T 8
| #define SIZEOF_PTHREAD_T 8
| #define SIZEOF_PTHREAD_KEY_T 4
| #define PTHREAD_KEY_T_IS_COMPATIBLE_WITH_INT 1
| #define PY_HAVE_PERF_TRAMPOLINE 1
| #define HAVE_LIBDL 1
| #define HAVE_FFI_PREP_CIF_VAR 1
| #define HAVE_FFI_PREP_CLOSURE_LOC 1
| #define HAVE_FFI_CLOSURE_ALLOC 1
| #define WITH_DECIMAL_CONTEXTVAR 1
| #define HAVE_LIBSQLITE3 1
| #define HAVE_LIBSQLITE3 1
| #define HAVE_LIBSQLITE3 1
| #define HAVE_LIBSQLITE3 1
| #define HAVE_LIBSQLITE3 1
| #define HAVE_LIBSQLITE3 1
| #define HAVE_LIBSQLITE3 1
| #define HAVE_LIBSQLITE3 1
| #define HAVE_LIBSQLITE3 1
| #define PY_SQLITE_HAVE_SERIALIZE 1
| #define _REENTRANT 1
| #define PTHREAD_SYSTEM_SCHED_SUPPORTED 1
| #define HAVE_PTHREAD_SIGMASK 1
| #define HAVE_PTHREAD_GETCPUCLOCKID 1
| #define ENABLE_IPV6 1
| #define HAVE_LINUX_CAN_RAW_FD_FRAMES 1
| #define HAVE_LINUX_CAN_RAW_JOIN_FILTERS 1
| #define WITH_DOC_STRINGS 1
| #define HAVE_STD_ATOMIC 1
| #define HAVE_BUILTIN_ATOMIC 1
| #define WITH_MIMALLOC 1
| #define WITH_PYMALLOC 1
| #define WITH_FREELISTS 1
| #define PY_COERCE_C_LOCALE 1
| #define HAVE_DLOPEN 1
| #define HAVE_DYNAMIC_LOADING 1
| #define HAVE_ACCEPT4 1
| #define HAVE_ALARM 1
| #define HAVE_BIND_TEXTDOMAIN_CODESET 1
| #define HAVE_CHMOD 1
| #define HAVE_CHOWN 1
| #define HAVE_CLOCK 1
| #define HAVE_CLOSEFROM 1
| #define HAVE_CLOSE_RANGE 1
| #define HAVE_CONFSTR 1
| #define HAVE_COPY_FILE_RANGE 1
| #define HAVE_CTERMID 1
| #define HAVE_DUP 1
| #define HAVE_DUP3 1
| #define HAVE_EXECV 1
| #define HAVE_EXPLICIT_BZERO 1
| #define HAVE_FACCESSAT 1
| #define HAVE_FCHMOD 1
| #define HAVE_FCHMODAT 1
| #define HAVE_FCHOWN 1
| #define HAVE_FCHOWNAT 1
| #define HAVE_FDOPENDIR 1
| #define HAVE_FEXECVE 1
| #define HAVE_FORK 1
| #define HAVE_FPATHCONF 1
| #define HAVE_FSTATAT 1
| #define HAVE_FTIME 1
| #define HAVE_FTRUNCATE 1
| #define HAVE_FUTIMENS 1
| #define HAVE_FUTIMES 1
| #define HAVE_FUTIMESAT 1
| #define HAVE_GAI_STRERROR 1
| #define HAVE_GETEGID 1
| #define HAVE_GETEUID 1
| #define HAVE_GETGID 1
| #define HAVE_GETGRENT 1
| #define HAVE_GETGRGID 1
| #define HAVE_GETGRGID_R 1
| #define HAVE_GETGRNAM_R 1
| #define HAVE_GETGROUPLIST 1
| #define HAVE_GETHOSTNAME 1
| #define HAVE_GETITIMER 1
| #define HAVE_GETLOADAVG 1
| #define HAVE_GETLOGIN 1
| #define HAVE_GETLOGIN_R 1
| #define HAVE_GETPEERNAME 1
| #define HAVE_GETPGID 1
| #define HAVE_GETPID 1
| #define HAVE_GETPPID 1
| #define HAVE_GETPRIORITY 1
| #define HAVE_GETPWENT 1
| #define HAVE_GETPWNAM_R 1
| #define HAVE_GETPWUID 1
| #define HAVE_GETPWUID_R 1
| #define HAVE_GETRESGID 1
| #define HAVE_GETRESUID 1
| #define HAVE_GETRUSAGE 1
| #define HAVE_GETSID 1
| #define HAVE_GETSPENT 1
| #define HAVE_GETSPNAM 1
| #define HAVE_GETUID 1
| #define HAVE_GETWD 1
| #define HAVE_GRANTPT 1
| #define HAVE_IF_NAMEINDEX 1
| #define HAVE_INITGROUPS 1
| #define HAVE_KILL 1
| #define HAVE_KILLPG 1
| #define HAVE_LCHOWN 1
| #define HAVE_LINKAT 1
| #define HAVE_LOCKF 1
| #define HAVE_LSTAT 1
| #define HAVE_LUTIMES 1
| #define HAVE_MADVISE 1
| #define HAVE_MBRTOWC 1
| #define HAVE_MEMRCHR 1
| #define HAVE_MKDIRAT 1
| #define HAVE_MKFIFO 1
| #define HAVE_MKFIFOAT 1
| #define HAVE_MKNOD 1
| #define HAVE_MKNODAT 1
| #define HAVE_MKTIME 1
| #define HAVE_MMAP 1
| #define HAVE_MREMAP 1
| #define HAVE_NICE 1
| #define HAVE_OPENAT 1
| #define HAVE_OPENDIR 1
| #define HAVE_PATHCONF 1
| #define HAVE_PAUSE 1
| #define HAVE_PIPE 1
| #define HAVE_PIPE2 1
| #define HAVE_POLL 1
| #define HAVE_POSIX_FADVISE 1
| #define HAVE_POSIX_FALLOCATE 1
| #define HAVE_POSIX_OPENPT 1
| #define HAVE_POSIX_SPAWN 1
| #define HAVE_POSIX_SPAWNP 1
| #define HAVE_POSIX_SPAWN_FILE_ACTIONS_ADDCLOSEFROM_NP 1
| #define HAVE_PREAD 1
| #define HAVE_PREADV 1
| #define HAVE_PREADV2 1
| #define HAVE_PROCESS_VM_READV 1
| #define HAVE_PTHREAD_CONDATTR_SETCLOCK 1
| /* end confdefs.h.  */
| /* Define pthread_init to an innocuous variant, in case <limits.h> declares pthread_init.
|    For example, HP-UX 11i <limits.h> declares gettimeofday.  */
| #define pthread_init innocuous_pthread_init
| 
| /* System header to define __stub macros and hopefully few prototypes,
|    which can conflict with char pthread_init (); below.  */
| 
| #include <limits.h>
| #undef pthread_init
| 
| /* Override any GCC internal prototype to avoid an error.
|    Use char because int might match the return type of a GCC
|    builtin and then its argument prototype would still apply.  */
| #ifdef __cplusplus
| extern "C"
| #endif
| char pthread_init ();
| /* The GNU C library defines this for functions which it implements
|     to always fail with ENOSYS.  Some functions are actually named
|     something starting with __ and the normal name is an alias.  */
| #if defined __stub_pthread_init || defined __stub___pthread_init
| choke me
| #endif
| 
| int
| main (void)
| {
| return pthread_init ();
|   ;
|   return 0;
| }
configure:18765: result: no
configure:18771: checking for pthread_kill
configure:18771: gcc -o conftest    conftest.c -ldl  >&5
configure:18771: $? = 0
configure:18771: result: yes
configure:18777: checking for ptsname
configure:18777: gcc -o conftest    conftest.c -ldl  >&5
configure:18777: $? = 0
configure:18777: result: yes
configure:18783: checking for ptsname_r
configure:18783: gcc -o conftest    conftest.c -ldl  >&5
configure:18783: $? = 0
configure:18783: result: yes
configure:18789: checking for pwrite
configure:18789: gcc -o conftest    conftest.c -ldl  >&5
configure:18789: $? = 0
configure:18789: result: yes
configure:18795: checking for pwritev
configure:18795: gcc -o conftest    conftest.c -ldl  >&5
configure:18795: $? = 0
configure:18795: result: yes
configure:18801: checking for pwritev2
configure:18801: gcc -o conftest    conftest.c -ldl  >&5
configure:18801: $? = 0
configure:18801: result: yes
configure:18807: checking for readlink
configure:18807: gcc -o conftest    conftest.c -ldl  >&5
configure:18807: $? = 0
configure:18807: result: yes
configure:18813: checking for readlinkat
configure:18813: gcc -o conftest    conftest.c -ldl  >&5
configure:18813: $? = 0
configure:18813: result: yes
configure:18819: checking for readv
configure:18819: gcc -o conftest    conftest.c -ldl  >&5
configure:18819: $? = 0
configure:18819: result: yes
configure:18825: checking for realpath
configure:18825: gcc -o conftest    conftest.c -ldl  >&5
configure:18825: $? = 0
configure:18825: result: yes
configure:18831: checking for renameat
configure:18831: gcc -o conftest    conftest.c -ldl  >&5
configure:18831: $? = 0
configure:18831: result: yes
configure:18837: checking for rtpSpawn
configure:18837: gcc -o conftest    conftest.c -ldl  >&5
/usr/bin/ld: /tmp/ccYeZYeF.o: in function `main':
conftest.c:(.text+0xa): undefined reference to `rtpSpawn'
collect2: error: ld returned 1 exit status
configure:18837: $? = 1
configure: failed program was:
| /* confdefs.h */
| #define _NETBSD_SOURCE 1
| #define __BSD_VISIBLE 1
| #define _DARWIN_C_SOURCE 1
| #define _PYTHONFRAMEWORK ""
| #define _XOPEN_SOURCE 700
| #define _XOPEN_SOURCE_EXTENDED 1
| #define _POSIX_C_SOURCE 200809L
| #define HAVE_STDIO_H 1
| #define HAVE_STDLIB_H 1
| #define HAVE_STRING_H 1
| #define HAVE_INTTYPES_H 1
| #define HAVE_STDINT_H 1
| #define HAVE_STRINGS_H 1
| #define HAVE_SYS_STAT_H 1
| #define HAVE_SYS_TYPES_H 1
| #define HAVE_UNISTD_H 1
| #define HAVE_WCHAR_H 1
| #define STDC_HEADERS 1
| #define _ALL_SOURCE 1
| #define _DARWIN_C_SOURCE 1
| #define _GNU_SOURCE 1
| #define _HPUX_ALT_XOPEN_SOCKET_API 1
| #define _NETBSD_SOURCE 1
| #define _OPENBSD_SOURCE 1
| #define _POSIX_PTHREAD_SEMANTICS 1
| #define __STDC_WANT_IEC_60559_ATTRIBS_EXT__ 1
| #define __STDC_WANT_IEC_60559_BFP_EXT__ 1
| #define __STDC_WANT_IEC_60559_DFP_EXT__ 1
| #define __STDC_WANT_IEC_60559_FUNCS_EXT__ 1
| #define __STDC_WANT_IEC_60559_TYPES_EXT__ 1
| #define __STDC_WANT_LIB_EXT2__ 1
| #define __STDC_WANT_MATH_SPEC_FUNCS__ 1
| #define _TANDEM_SOURCE 1
| #define __EXTENSIONS__ 1
| #define PY_SUPPORT_TIER 1
| #define STDC_HEADERS 1
| #define HAVE_ALLOCA_H 1
| #define HAVE_ASM_TYPES_H 1
| #define HAVE_DLFCN_H 1
| #define HAVE_ENDIAN_H 1
| #define HAVE_ERRNO_H 1
| #define HAVE_FCNTL_H 1
| #define HAVE_GRP_H 1
| #define HAVE_LANGINFO_H 1
| #define HAVE_LIBINTL_H 1
| #define HAVE_LINUX_AUXVEC_H 1
| #define HAVE_SYS_AUXV_H 1
| #define HAVE_LINUX_FS_H 1
| #define HAVE_LINUX_LIMITS_H 1
| #define HAVE_LINUX_MEMFD_H 1
| #define HAVE_LINUX_RANDOM_H 1
| #define HAVE_LINUX_SOUNDCARD_H 1
| #define HAVE_LINUX_TIPC_H 1
| #define HAVE_LINUX_WAIT_H 1
| #define HAVE_NETDB_H 1
| #define HAVE_NET_ETHERNET_H 1
| #define HAVE_NETINET_IN_H 1
| #define HAVE_NETPACKET_PACKET_H 1
| #define HAVE_POLL_H 1
| #define HAVE_PTHREAD_H 1
| #define HAVE_PTY_H 1
| #define HAVE_SCHED_H 1
| #define HAVE_SETJMP_H 1
| #define HAVE_SHADOW_H 1
| #define HAVE_SIGNAL_H 1
| #define HAVE_SPAWN_H 1
| #define HAVE_SYS_EPOLL_H 1
| #define HAVE_SYS_EVENTFD_H 1
| #define HAVE_SYS_FILE_H 1
| #define HAVE_SYS_IOCTL_H 1
| #define HAVE_SYS_MMAN_H 1
| #define HAVE_SYS_PARAM_H 1
| #define HAVE_SYS_PIDFD_H 1
| #define HAVE_SYS_POLL_H 1
| #define HAVE_SYS_RANDOM_H 1
| #define HAVE_SYS_RESOURCE_H 1
| #define HAVE_SYS_SELECT_H 1
| #define HAVE_SYS_SENDFILE_H 1
| #define HAVE_SYS_SOCKET_H 1
| #define HAVE_SYS_SOUNDCARD_H 1
| #define HAVE_SYS_STAT_H 1
| #define HAVE_SYS_STATVFS_H 1
| #define HAVE_SYS_SYSCALL_H 1
| #define HAVE_SYS_SYSMACROS_H 1
| #define HAVE_SYS_TIME_H 1
| #define HAVE_SYS_TIMES_H 1
| #define HAVE_SYS_TIMERFD_H 1
| #define HAVE_SYS_TYPES_H 1
| #define HAVE_SYS_UIO_H 1
| #define HAVE_SYS_UN_H 1
| #define HAVE_SYS_UTSNAME_H 1
| #define HAVE_SYS_WAIT_H 1
| #define HAVE_SYS_XATTR_H 1
| #define HAVE_SYSEXITS_H 1
| #define HAVE_SYSLOG_H 1
| #define HAVE_TERMIOS_H 1
| #define HAVE_UTIME_H 1
| #define HAVE_UTMP_H 1
| #define HAVE_DIRENT_H 1
| #define MAJOR_IN_SYSMACROS 1
| #define HAVE_NET_IF_H 1
| #define HAVE_LINUX_NETLINK_H 1
| #define HAVE_LINUX_QRTR_H 1
| #define HAVE_LINUX_VM_SOCKETS_H 1
| #define HAVE_LINUX_CAN_H 1
| #define HAVE_LINUX_CAN_BCM_H 1
| #define HAVE_LINUX_CAN_J1939_H 1
| #define HAVE_LINUX_CAN_RAW_H 1
| #define HAVE_CLOCK_T 1
| #define HAVE_MAKEDEV 1
| #define HAVE_HTOLE64 1
| #define _LARGEFILE_SOURCE 1
| #define _FILE_OFFSET_BITS 64
| #if defined(SCO_DS)
| #undef _OFF_T
| #endif
| #define RETSIGTYPE void
| #define HAVE_SSIZE_T 1
| #define HAVE___UINT128_T 1
| #define HAVE_GCC_UINT128_T 1
| #define SIZEOF_INT 4
| #define SIZEOF_LONG 8
| #define ALIGNOF_LONG 8
| #define SIZEOF_LONG_LONG 8
| #define SIZEOF_VOID_P 8
| #define SIZEOF_SHORT 2
| #define SIZEOF_FLOAT 4
| #define SIZEOF_DOUBLE 8
| #define SIZEOF_FPOS_T 16
| #define SIZEOF_SIZE_T 8
| #define ALIGNOF_SIZE_T 8
| #define SIZEOF_PID_T 4
| #define SIZEOF_UINTPTR_T 8
| #define ALIGNOF_MAX_ALIGN_T 16
| #define HAVE_LONG_DOUBLE 1
| #define SIZEOF_LONG_DOUBLE 16
| #define SIZEOF__BOOL 1
| #define SIZEOF_OFF_T 8
| #define SIZEOF_TIME_T 8
| #define SIZEOF_PTHREAD_T 8
| #define SIZEOF_PTHREAD_KEY_T 4
| #define PTHREAD_KEY_T_IS_COMPATIBLE_WITH_INT 1
| #define PY_HAVE_PERF_TRAMPOLINE 1
| #define HAVE_LIBDL 1
| #define HAVE_FFI_PREP_CIF_VAR 1
| #define HAVE_FFI_PREP_CLOSURE_LOC 1
| #define HAVE_FFI_CLOSURE_ALLOC 1
| #define WITH_DECIMAL_CONTEXTVAR 1
| #define HAVE_LIBSQLITE3 1
| #define HAVE_LIBSQLITE3 1
| #define HAVE_LIBSQLITE3 1
| #define HAVE_LIBSQLITE3 1
| #define HAVE_LIBSQLITE3 1
| #define HAVE_LIBSQLITE3 1
| #define HAVE_LIBSQLITE3 1
| #define HAVE_LIBSQLITE3 1
| #define HAVE_LIBSQLITE3 1
| #define PY_SQLITE_HAVE_SERIALIZE 1
| #define _REENTRANT 1
| #define PTHREAD_SYSTEM_SCHED_SUPPORTED 1
| #define HAVE_PTHREAD_SIGMASK 1
| #define HAVE_PTHREAD_GETCPUCLOCKID 1
| #define ENABLE_IPV6 1
| #define HAVE_LINUX_CAN_RAW_FD_FRAMES 1
| #define HAVE_LINUX_CAN_RAW_JOIN_FILTERS 1
| #define WITH_DOC_STRINGS 1
| #define HAVE_STD_ATOMIC 1
| #define HAVE_BUILTIN_ATOMIC 1
| #define WITH_MIMALLOC 1
| #define WITH_PYMALLOC 1
| #define WITH_FREELISTS 1
| #define PY_COERCE_C_LOCALE 1
| #define HAVE_DLOPEN 1
| #define HAVE_DYNAMIC_LOADING 1
| #define HAVE_ACCEPT4 1
| #define HAVE_ALARM 1
| #define HAVE_BIND_TEXTDOMAIN_CODESET 1
| #define HAVE_CHMOD 1
| #define HAVE_CHOWN 1
| #define HAVE_CLOCK 1
| #define HAVE_CLOSEFROM 1
| #define HAVE_CLOSE_RANGE 1
| #define HAVE_CONFSTR 1
| #define HAVE_COPY_FILE_RANGE 1
| #define HAVE_CTERMID 1
| #define HAVE_DUP 1
| #define HAVE_DUP3 1
| #define HAVE_EXECV 1
| #define HAVE_EXPLICIT_BZERO 1
| #define HAVE_FACCESSAT 1
| #define HAVE_FCHMOD 1
| #define HAVE_FCHMODAT 1
| #define HAVE_FCHOWN 1
| #define HAVE_FCHOWNAT 1
| #define HAVE_FDOPENDIR 1
| #define HAVE_FEXECVE 1
| #define HAVE_FORK 1
| #define HAVE_FPATHCONF 1
| #define HAVE_FSTATAT 1
| #define HAVE_FTIME 1
| #define HAVE_FTRUNCATE 1
| #define HAVE_FUTIMENS 1
| #define HAVE_FUTIMES 1
| #define HAVE_FUTIMESAT 1
| #define HAVE_GAI_STRERROR 1
| #define HAVE_GETEGID 1
| #define HAVE_GETEUID 1
| #define HAVE_GETGID 1
| #define HAVE_GETGRENT 1
| #define HAVE_GETGRGID 1
| #define HAVE_GETGRGID_R 1
| #define HAVE_GETGRNAM_R 1
| #define HAVE_GETGROUPLIST 1
| #define HAVE_GETHOSTNAME 1
| #define HAVE_GETITIMER 1
| #define HAVE_GETLOADAVG 1
| #define HAVE_GETLOGIN 1
| #define HAVE_GETLOGIN_R 1
| #define HAVE_GETPEERNAME 1
| #define HAVE_GETPGID 1
| #define HAVE_GETPID 1
| #define HAVE_GETPPID 1
| #define HAVE_GETPRIORITY 1
| #define HAVE_GETPWENT 1
| #define HAVE_GETPWNAM_R 1
| #define HAVE_GETPWUID 1
| #define HAVE_GETPWUID_R 1
| #define HAVE_GETRESGID 1
| #define HAVE_GETRESUID 1
| #define HAVE_GETRUSAGE 1
| #define HAVE_GETSID 1
| #define HAVE_GETSPENT 1
| #define HAVE_GETSPNAM 1
| #define HAVE_GETUID 1
| #define HAVE_GETWD 1
| #define HAVE_GRANTPT 1
| #define HAVE_IF_NAMEINDEX 1
| #define HAVE_INITGROUPS 1
| #define HAVE_KILL 1
| #define HAVE_KILLPG 1
| #define HAVE_LCHOWN 1
| #define HAVE_LINKAT 1
| #define HAVE_LOCKF 1
| #define HAVE_LSTAT 1
| #define HAVE_LUTIMES 1
| #define HAVE_MADVISE 1
| #define HAVE_MBRTOWC 1
| #define HAVE_MEMRCHR 1
| #define HAVE_MKDIRAT 1
| #define HAVE_MKFIFO 1
| #define HAVE_MKFIFOAT 1
| #define HAVE_MKNOD 1
| #define HAVE_MKNODAT 1
| #define HAVE_MKTIME 1
| #define HAVE_MMAP 1
| #define HAVE_MREMAP 1
| #define HAVE_NICE 1
| #define HAVE_OPENAT 1
| #define HAVE_OPENDIR 1
| #define HAVE_PATHCONF 1
| #define HAVE_PAUSE 1
| #define HAVE_PIPE 1
| #define HAVE_PIPE2 1
| #define HAVE_POLL 1
| #define HAVE_POSIX_FADVISE 1
| #define HAVE_POSIX_FALLOCATE 1
| #define HAVE_POSIX_OPENPT 1
| #define HAVE_POSIX_SPAWN 1
| #define HAVE_POSIX_SPAWNP 1
| #define HAVE_POSIX_SPAWN_FILE_ACTIONS_ADDCLOSEFROM_NP 1
| #define HAVE_PREAD 1
| #define HAVE_PREADV 1
| #define HAVE_PREADV2 1
| #define HAVE_PROCESS_VM_READV 1
| #define HAVE_PTHREAD_CONDATTR_SETCLOCK 1
| #define HAVE_PTHREAD_KILL 1
| #define HAVE_PTSNAME 1
| #define HAVE_PTSNAME_R 1
| #define HAVE_PWRITE 1
| #define HAVE_PWRITEV 1
| #define HAVE_PWRITEV2 1
| #define HAVE_READLINK 1
| #define HAVE_READLINKAT 1
| #define HAVE_READV 1
| #define HAVE_REALPATH 1
| #define HAVE_RENAMEAT 1
| /* end confdefs.h.  */
| /* Define rtpSpawn to an innocuous variant, in case <limits.h> declares rtpSpawn.
|    For example, HP-UX 11i <limits.h> declares gettimeofday.  */
| #define rtpSpawn innocuous_rtpSpawn
| 
| /* System header to define __stub macros and hopefully few prototypes,
|    which can conflict with char rtpSpawn (); below.  */
| 
| #include <limits.h>
| #undef rtpSpawn
| 
| /* Override any GCC internal prototype to avoid an error.
|    Use char because int might match the return type of a GCC
|    builtin and then its argument prototype would still apply.  */
| #ifdef __cplusplus
| extern "C"
| #endif
| char rtpSpawn ();
| /* The GNU C library defines this for functions which it implements
|     to always fail with ENOSYS.  Some functions are actually named
|     something starting with __ and the normal name is an alias.  */
| #if defined __stub_rtpSpawn || defined __stub___rtpSpawn
| choke me
| #endif
| 
| int
| main (void)
| {
| return rtpSpawn ();
|   ;
|   return 0;
| }
configure:18837: result: no
configure:18843: checking for sched_get_priority_max
configure:18843: gcc -o conftest    conftest.c -ldl  >&5
configure:18843: $? = 0
configure:18843: result: yes
configure:18849: checking for sched_rr_get_interval
configure:18849: gcc -o conftest    conftest.c -ldl  >&5
configure:18849: $? = 0
configure:18849: result: yes
configure:18855: checking for sched_setaffinity
configure:18855: gcc -o conftest    conftest.c -ldl  >&5
configure:18855: $? = 0
configure:18855: result: yes
configure:18861: checking for sched_setparam
configure:18861: gcc -o conftest    conftest.c -ldl  >&5
configure:18861: $? = 0
configure:18861: result: yes
configure:18867: checking for sched_setscheduler
configure:18867: gcc -o conftest    conftest.c -ldl  >&5
configure:18867: $? = 0
configure:18867: result: yes
configure:18873: checking for sem_clockwait
configure:18873: gcc -o conftest    conftest.c -ldl  >&5
configure:18873: $? = 0
configure:18873: result: yes
configure:18879: checking for sem_getvalue
configure:18879: gcc -o conftest    conftest.c -ldl  >&5
configure:18879: $? = 0
configure:18879: result: yes
configure:18885: checking for sem_open
configure:18885: gcc -o conftest    conftest.c -ldl  >&5
configure:18885: $? = 0
configure:18885: result: yes
configure:18891: checking for sem_timedwait
configure:18891: gcc -o conftest    conftest.c -ldl  >&5
configure:18891: $? = 0
configure:18891: result: yes
configure:18897: checking for sem_unlink
configure:18897: gcc -o conftest    conftest.c -ldl  >&5
configure:18897: $? = 0
configure:18897: result: yes
configure:18903: checking for sendfile
configure:18903: gcc -o conftest    conftest.c -ldl  >&5
configure:18903: $? = 0
configure:18903: result: yes
configure:18909: checking for setegid
configure:18909: gcc -o conftest    conftest.c -ldl  >&5
configure:18909: $? = 0
configure:18909: result: yes
configure:18915: checking for seteuid
configure:18915: gcc -o conftest    conftest.c -ldl  >&5
configure:18915: $? = 0
configure:18915: result: yes
configure:18921: checking for setgid
configure:18921: gcc -o conftest    conftest.c -ldl  >&5
configure:18921: $? = 0
configure:18921: result: yes
configure:18927: checking for sethostname
configure:18927: gcc -o conftest    conftest.c -ldl  >&5
configure:18927: $? = 0
configure:18927: result: yes
configure:18933: checking for setitimer
configure:18933: gcc -o conftest    conftest.c -ldl  >&5
configure:18933: $? = 0
configure:18933: result: yes
configure:18939: checking for setlocale
configure:18939: gcc -o conftest    conftest.c -ldl  >&5
configure:18939: $? = 0
configure:18939: result: yes
configure:18945: checking for setpgid
configure:18945: gcc -o conftest    conftest.c -ldl  >&5
configure:18945: $? = 0
configure:18945: result: yes
configure:18951: checking for setpgrp
configure:18951: gcc -o conftest    conftest.c -ldl  >&5
configure:18951: $? = 0
configure:18951: result: yes
configure:18957: checking for setpriority
configure:18957: gcc -o conftest    conftest.c -ldl  >&5
configure:18957: $? = 0
configure:18957: result: yes
configure:18963: checking for setregid
configure:18963: gcc -o conftest    conftest.c -ldl  >&5
configure:18963: $? = 0
configure:18963: result: yes
configure:18969: checking for setresgid
configure:18969: gcc -o conftest    conftest.c -ldl  >&5
configure:18969: $? = 0
configure:18969: result: yes
configure:18975: checking for setresuid
configure:18975: gcc -o conftest    conftest.c -ldl  >&5
configure:18975: $? = 0
configure:18975: result: yes
configure:18981: checking for setreuid
configure:18981: gcc -o conftest    conftest.c -ldl  >&5
configure:18981: $? = 0
configure:18981: result: yes
configure:18987: checking for setsid
configure:18987: gcc -o conftest    conftest.c -ldl  >&5
configure:18987: $? = 0
configure:18987: result: yes
configure:18993: checking for setuid
configure:18993: gcc -o conftest    conftest.c -ldl  >&5
configure:18993: $? = 0
configure:18993: result: yes
configure:18999: checking for setvbuf
configure:18999: gcc -o conftest    conftest.c -ldl  >&5
configure:18999: $? = 0
configure:18999: result: yes
configure:19005: checking for shutdown
configure:19005: gcc -o conftest    conftest.c -ldl  >&5
configure:19005: $? = 0
configure:19005: result: yes
configure:19011: checking for sigaction
configure:19011: gcc -o conftest    conftest.c -ldl  >&5
configure:19011: $? = 0
configure:19011: result: yes
configure:19017: checking for sigaltstack
configure:19017: gcc -o conftest    conftest.c -ldl  >&5
configure:19017: $? = 0
configure:19017: result: yes
configure:19023: checking for sigfillset
configure:19023: gcc -o conftest    conftest.c -ldl  >&5
configure:19023: $? = 0
configure:19023: result: yes
configure:19029: checking for siginterrupt
configure:19029: gcc -o conftest    conftest.c -ldl  >&5
configure:19029: $? = 0
configure:19029: result: yes
configure:19035: checking for sigpending
configure:19035: gcc -o conftest    conftest.c -ldl  >&5
configure:19035: $? = 0
configure:19035: result: yes
configure:19041: checking for sigrelse
configure:19041: gcc -o conftest    conftest.c -ldl  >&5
configure:19041: $? = 0
configure:19041: result: yes
configure:19047: checking for sigtimedwait
configure:19047: gcc -o conftest    conftest.c -ldl  >&5
configure:19047: $? = 0
configure:19047: result: yes
configure:19053: checking for sigwait
configure:19053: gcc -o conftest    conftest.c -ldl  >&5
configure:19053: $? = 0
configure:19053: result: yes
configure:19059: checking for sigwaitinfo
configure:19059: gcc -o conftest    conftest.c -ldl  >&5
configure:19059: $? = 0
configure:19059: result: yes
configure:19065: checking for snprintf
configure:19065: gcc -o conftest    conftest.c -ldl  >&5
conftest.c:342:6: warning: conflicting types for built-in function 'snprintf'; expected 'int(char *, long unsigned int,  const char *, ...)' [-Wbuiltin-declaration-mismatch]
  342 | char snprintf ();
      |      ^~~~~~~~
conftest.c:334:1: note: 'snprintf' is declared in header '<stdio.h>'
  333 | #include <limits.h>
  334 | #undef snprintf
configure:19065: $? = 0
configure:19065: result: yes
configure:19071: checking for splice
configure:19071: gcc -o conftest    conftest.c -ldl  >&5
configure:19071: $? = 0
configure:19071: result: yes
configure:19077: checking for strftime
configure:19077: gcc -o conftest    conftest.c -ldl  >&5
conftest.c:344:6: warning: conflicting types for built-in function 'strftime'; expected 'long unsigned int(char *, long unsigned int,  const char *, const void *)' [-Wbuiltin-declaration-mismatch]
  344 | char strftime ();
      |      ^~~~~~~~
conftest.c:336:1: note: 'strftime' is declared in header '<time.h>'
  335 | #include <limits.h>
  336 | #undef strftime
configure:19077: $? = 0
configure:19077: result: yes
configure:19083: checking for strlcpy
configure:19083: gcc -o conftest    conftest.c -ldl  >&5
/usr/bin/ld: /tmp/ccO71Nfu.o: in function `main':
conftest.c:(.text+0xa): undefined reference to `strlcpy'
collect2: error: ld returned 1 exit status
configure:19083: $? = 1
configure: failed program was:
| /* confdefs.h */
| #define _NETBSD_SOURCE 1
| #define __BSD_VISIBLE 1
| #define _DARWIN_C_SOURCE 1
| #define _PYTHONFRAMEWORK ""
| #define _XOPEN_SOURCE 700
| #define _XOPEN_SOURCE_EXTENDED 1
| #define _POSIX_C_SOURCE 200809L
| #define HAVE_STDIO_H 1
| #define HAVE_STDLIB_H 1
| #define HAVE_STRING_H 1
| #define HAVE_INTTYPES_H 1
| #define HAVE_STDINT_H 1
| #define HAVE_STRINGS_H 1
| #define HAVE_SYS_STAT_H 1
| #define HAVE_SYS_TYPES_H 1
| #define HAVE_UNISTD_H 1
| #define HAVE_WCHAR_H 1
| #define STDC_HEADERS 1
| #define _ALL_SOURCE 1
| #define _DARWIN_C_SOURCE 1
| #define _GNU_SOURCE 1
| #define _HPUX_ALT_XOPEN_SOCKET_API 1
| #define _NETBSD_SOURCE 1
| #define _OPENBSD_SOURCE 1
| #define _POSIX_PTHREAD_SEMANTICS 1
| #define __STDC_WANT_IEC_60559_ATTRIBS_EXT__ 1
| #define __STDC_WANT_IEC_60559_BFP_EXT__ 1
| #define __STDC_WANT_IEC_60559_DFP_EXT__ 1
| #define __STDC_WANT_IEC_60559_FUNCS_EXT__ 1
| #define __STDC_WANT_IEC_60559_TYPES_EXT__ 1
| #define __STDC_WANT_LIB_EXT2__ 1
| #define __STDC_WANT_MATH_SPEC_FUNCS__ 1
| #define _TANDEM_SOURCE 1
| #define __EXTENSIONS__ 1
| #define PY_SUPPORT_TIER 1
| #define STDC_HEADERS 1
| #define HAVE_ALLOCA_H 1
| #define HAVE_ASM_TYPES_H 1
| #define HAVE_DLFCN_H 1
| #define HAVE_ENDIAN_H 1
| #define HAVE_ERRNO_H 1
| #define HAVE_FCNTL_H 1
| #define HAVE_GRP_H 1
| #define HAVE_LANGINFO_H 1
| #define HAVE_LIBINTL_H 1
| #define HAVE_LINUX_AUXVEC_H 1
| #define HAVE_SYS_AUXV_H 1
| #define HAVE_LINUX_FS_H 1
| #define HAVE_LINUX_LIMITS_H 1
| #define HAVE_LINUX_MEMFD_H 1
| #define HAVE_LINUX_RANDOM_H 1
| #define HAVE_LINUX_SOUNDCARD_H 1
| #define HAVE_LINUX_TIPC_H 1
| #define HAVE_LINUX_WAIT_H 1
| #define HAVE_NETDB_H 1
| #define HAVE_NET_ETHERNET_H 1
| #define HAVE_NETINET_IN_H 1
| #define HAVE_NETPACKET_PACKET_H 1
| #define HAVE_POLL_H 1
| #define HAVE_PTHREAD_H 1
| #define HAVE_PTY_H 1
| #define HAVE_SCHED_H 1
| #define HAVE_SETJMP_H 1
| #define HAVE_SHADOW_H 1
| #define HAVE_SIGNAL_H 1
| #define HAVE_SPAWN_H 1
| #define HAVE_SYS_EPOLL_H 1
| #define HAVE_SYS_EVENTFD_H 1
| #define HAVE_SYS_FILE_H 1
| #define HAVE_SYS_IOCTL_H 1
| #define HAVE_SYS_MMAN_H 1
| #define HAVE_SYS_PARAM_H 1
| #define HAVE_SYS_PIDFD_H 1
| #define HAVE_SYS_POLL_H 1
| #define HAVE_SYS_RANDOM_H 1
| #define HAVE_SYS_RESOURCE_H 1
| #define HAVE_SYS_SELECT_H 1
| #define HAVE_SYS_SENDFILE_H 1
| #define HAVE_SYS_SOCKET_H 1
| #define HAVE_SYS_SOUNDCARD_H 1
| #define HAVE_SYS_STAT_H 1
| #define HAVE_SYS_STATVFS_H 1
| #define HAVE_SYS_SYSCALL_H 1
| #define HAVE_SYS_SYSMACROS_H 1
| #define HAVE_SYS_TIME_H 1
| #define HAVE_SYS_TIMES_H 1
| #define HAVE_SYS_TIMERFD_H 1
| #define HAVE_SYS_TYPES_H 1
| #define HAVE_SYS_UIO_H 1
| #define HAVE_SYS_UN_H 1
| #define HAVE_SYS_UTSNAME_H 1
| #define HAVE_SYS_WAIT_H 1
| #define HAVE_SYS_XATTR_H 1
| #define HAVE_SYSEXITS_H 1
| #define HAVE_SYSLOG_H 1
| #define HAVE_TERMIOS_H 1
| #define HAVE_UTIME_H 1
| #define HAVE_UTMP_H 1
| #define HAVE_DIRENT_H 1
| #define MAJOR_IN_SYSMACROS 1
| #define HAVE_NET_IF_H 1
| #define HAVE_LINUX_NETLINK_H 1
| #define HAVE_LINUX_QRTR_H 1
| #define HAVE_LINUX_VM_SOCKETS_H 1
| #define HAVE_LINUX_CAN_H 1
| #define HAVE_LINUX_CAN_BCM_H 1
| #define HAVE_LINUX_CAN_J1939_H 1
| #define HAVE_LINUX_CAN_RAW_H 1
| #define HAVE_CLOCK_T 1
| #define HAVE_MAKEDEV 1
| #define HAVE_HTOLE64 1
| #define _LARGEFILE_SOURCE 1
| #define _FILE_OFFSET_BITS 64
| #if defined(SCO_DS)
| #undef _OFF_T
| #endif
| #define RETSIGTYPE void
| #define HAVE_SSIZE_T 1
| #define HAVE___UINT128_T 1
| #define HAVE_GCC_UINT128_T 1
| #define SIZEOF_INT 4
| #define SIZEOF_LONG 8
| #define ALIGNOF_LONG 8
| #define SIZEOF_LONG_LONG 8
| #define SIZEOF_VOID_P 8
| #define SIZEOF_SHORT 2
| #define SIZEOF_FLOAT 4
| #define SIZEOF_DOUBLE 8
| #define SIZEOF_FPOS_T 16
| #define SIZEOF_SIZE_T 8
| #define ALIGNOF_SIZE_T 8
| #define SIZEOF_PID_T 4
| #define SIZEOF_UINTPTR_T 8
| #define ALIGNOF_MAX_ALIGN_T 16
| #define HAVE_LONG_DOUBLE 1
| #define SIZEOF_LONG_DOUBLE 16
| #define SIZEOF__BOOL 1
| #define SIZEOF_OFF_T 8
| #define SIZEOF_TIME_T 8
| #define SIZEOF_PTHREAD_T 8
| #define SIZEOF_PTHREAD_KEY_T 4
| #define PTHREAD_KEY_T_IS_COMPATIBLE_WITH_INT 1
| #define PY_HAVE_PERF_TRAMPOLINE 1
| #define HAVE_LIBDL 1
| #define HAVE_FFI_PREP_CIF_VAR 1
| #define HAVE_FFI_PREP_CLOSURE_LOC 1
| #define HAVE_FFI_CLOSURE_ALLOC 1
| #define WITH_DECIMAL_CONTEXTVAR 1
| #define HAVE_LIBSQLITE3 1
| #define HAVE_LIBSQLITE3 1
| #define HAVE_LIBSQLITE3 1
| #define HAVE_LIBSQLITE3 1
| #define HAVE_LIBSQLITE3 1
| #define HAVE_LIBSQLITE3 1
| #define HAVE_LIBSQLITE3 1
| #define HAVE_LIBSQLITE3 1
| #define HAVE_LIBSQLITE3 1
| #define PY_SQLITE_HAVE_SERIALIZE 1
| #define _REENTRANT 1
| #define PTHREAD_SYSTEM_SCHED_SUPPORTED 1
| #define HAVE_PTHREAD_SIGMASK 1
| #define HAVE_PTHREAD_GETCPUCLOCKID 1
| #define ENABLE_IPV6 1
| #define HAVE_LINUX_CAN_RAW_FD_FRAMES 1
| #define HAVE_LINUX_CAN_RAW_JOIN_FILTERS 1
| #define WITH_DOC_STRINGS 1
| #define HAVE_STD_ATOMIC 1
| #define HAVE_BUILTIN_ATOMIC 1
| #define WITH_MIMALLOC 1
| #define WITH_PYMALLOC 1
| #define WITH_FREELISTS 1
| #define PY_COERCE_C_LOCALE 1
| #define HAVE_DLOPEN 1
| #define HAVE_DYNAMIC_LOADING 1
| #define HAVE_ACCEPT4 1
| #define HAVE_ALARM 1
| #define HAVE_BIND_TEXTDOMAIN_CODESET 1
| #define HAVE_CHMOD 1
| #define HAVE_CHOWN 1
| #define HAVE_CLOCK 1
| #define HAVE_CLOSEFROM 1
| #define HAVE_CLOSE_RANGE 1
| #define HAVE_CONFSTR 1
| #define HAVE_COPY_FILE_RANGE 1
| #define HAVE_CTERMID 1
| #define HAVE_DUP 1
| #define HAVE_DUP3 1
| #define HAVE_EXECV 1
| #define HAVE_EXPLICIT_BZERO 1
| #define HAVE_FACCESSAT 1
| #define HAVE_FCHMOD 1
| #define HAVE_FCHMODAT 1
| #define HAVE_FCHOWN 1
| #define HAVE_FCHOWNAT 1
| #define HAVE_FDOPENDIR 1
| #define HAVE_FEXECVE 1
| #define HAVE_FORK 1
| #define HAVE_FPATHCONF 1
| #define HAVE_FSTATAT 1
| #define HAVE_FTIME 1
| #define HAVE_FTRUNCATE 1
| #define HAVE_FUTIMENS 1
| #define HAVE_FUTIMES 1
| #define HAVE_FUTIMESAT 1
| #define HAVE_GAI_STRERROR 1
| #define HAVE_GETEGID 1
| #define HAVE_GETEUID 1
| #define HAVE_GETGID 1
| #define HAVE_GETGRENT 1
| #define HAVE_GETGRGID 1
| #define HAVE_GETGRGID_R 1
| #define HAVE_GETGRNAM_R 1
| #define HAVE_GETGROUPLIST 1
| #define HAVE_GETHOSTNAME 1
| #define HAVE_GETITIMER 1
| #define HAVE_GETLOADAVG 1
| #define HAVE_GETLOGIN 1
| #define HAVE_GETLOGIN_R 1
| #define HAVE_GETPEERNAME 1
| #define HAVE_GETPGID 1
| #define HAVE_GETPID 1
| #define HAVE_GETPPID 1
| #define HAVE_GETPRIORITY 1
| #define HAVE_GETPWENT 1
| #define HAVE_GETPWNAM_R 1
| #define HAVE_GETPWUID 1
| #define HAVE_GETPWUID_R 1
| #define HAVE_GETRESGID 1
| #define HAVE_GETRESUID 1
| #define HAVE_GETRUSAGE 1
| #define HAVE_GETSID 1
| #define HAVE_GETSPENT 1
| #define HAVE_GETSPNAM 1
| #define HAVE_GETUID 1
| #define HAVE_GETWD 1
| #define HAVE_GRANTPT 1
| #define HAVE_IF_NAMEINDEX 1
| #define HAVE_INITGROUPS 1
| #define HAVE_KILL 1
| #define HAVE_KILLPG 1
| #define HAVE_LCHOWN 1
| #define HAVE_LINKAT 1
| #define HAVE_LOCKF 1
| #define HAVE_LSTAT 1
| #define HAVE_LUTIMES 1
| #define HAVE_MADVISE 1
| #define HAVE_MBRTOWC 1
| #define HAVE_MEMRCHR 1
| #define HAVE_MKDIRAT 1
| #define HAVE_MKFIFO 1
| #define HAVE_MKFIFOAT 1
| #define HAVE_MKNOD 1
| #define HAVE_MKNODAT 1
| #define HAVE_MKTIME 1
| #define HAVE_MMAP 1
| #define HAVE_MREMAP 1
| #define HAVE_NICE 1
| #define HAVE_OPENAT 1
| #define HAVE_OPENDIR 1
| #define HAVE_PATHCONF 1
| #define HAVE_PAUSE 1
| #define HAVE_PIPE 1
| #define HAVE_PIPE2 1
| #define HAVE_POLL 1
| #define HAVE_POSIX_FADVISE 1
| #define HAVE_POSIX_FALLOCATE 1
| #define HAVE_POSIX_OPENPT 1
| #define HAVE_POSIX_SPAWN 1
| #define HAVE_POSIX_SPAWNP 1
| #define HAVE_POSIX_SPAWN_FILE_ACTIONS_ADDCLOSEFROM_NP 1
| #define HAVE_PREAD 1
| #define HAVE_PREADV 1
| #define HAVE_PREADV2 1
| #define HAVE_PROCESS_VM_READV 1
| #define HAVE_PTHREAD_CONDATTR_SETCLOCK 1
| #define HAVE_PTHREAD_KILL 1
| #define HAVE_PTSNAME 1
| #define HAVE_PTSNAME_R 1
| #define HAVE_PWRITE 1
| #define HAVE_PWRITEV 1
| #define HAVE_PWRITEV2 1
| #define HAVE_READLINK 1
| #define HAVE_READLINKAT 1
| #define HAVE_READV 1
| #define HAVE_REALPATH 1
| #define HAVE_RENAMEAT 1
| #define HAVE_SCHED_GET_PRIORITY_MAX 1
| #define HAVE_SCHED_RR_GET_INTERVAL 1
| #define HAVE_SCHED_SETAFFINITY 1
| #define HAVE_SCHED_SETPARAM 1
| #define HAVE_SCHED_SETSCHEDULER 1
| #define HAVE_SEM_CLOCKWAIT 1
| #define HAVE_SEM_GETVALUE 1
| #define HAVE_SEM_OPEN 1
| #define HAVE_SEM_TIMEDWAIT 1
| #define HAVE_SEM_UNLINK 1
| #define HAVE_SENDFILE 1
| #define HAVE_SETEGID 1
| #define HAVE_SETEUID 1
| #define HAVE_SETGID 1
| #define HAVE_SETHOSTNAME 1
| #define HAVE_SETITIMER 1
| #define HAVE_SETLOCALE 1
| #define HAVE_SETPGID 1
| #define HAVE_SETPGRP 1
| #define HAVE_SETPRIORITY 1
| #define HAVE_SETREGID 1
| #define HAVE_SETRESGID 1
| #define HAVE_SETRESUID 1
| #define HAVE_SETREUID 1
| #define HAVE_SETSID 1
| #define HAVE_SETUID 1
| #define HAVE_SETVBUF 1
| #define HAVE_SHUTDOWN 1
| #define HAVE_SIGACTION 1
| #define HAVE_SIGALTSTACK 1
| #define HAVE_SIGFILLSET 1
| #define HAVE_SIGINTERRUPT 1
| #define HAVE_SIGPENDING 1
| #define HAVE_SIGRELSE 1
| #define HAVE_SIGTIMEDWAIT 1
| #define HAVE_SIGWAIT 1
| #define HAVE_SIGWAITINFO 1
| #define HAVE_SNPRINTF 1
| #define HAVE_SPLICE 1
| #define HAVE_STRFTIME 1
| /* end confdefs.h.  */
| /* Define strlcpy to an innocuous variant, in case <limits.h> declares strlcpy.
|    For example, HP-UX 11i <limits.h> declares gettimeofday.  */
| #define strlcpy innocuous_strlcpy
| 
| /* System header to define __stub macros and hopefully few prototypes,
|    which can conflict with char strlcpy (); below.  */
| 
| #include <limits.h>
| #undef strlcpy
| 
| /* Override any GCC internal prototype to avoid an error.
|    Use char because int might match the return type of a GCC
|    builtin and then its argument prototype would still apply.  */
| #ifdef __cplusplus
| extern "C"
| #endif
| char strlcpy ();
| /* The GNU C library defines this for functions which it implements
|     to always fail with ENOSYS.  Some functions are actually named
|     something starting with __ and the normal name is an alias.  */
| #if defined __stub_strlcpy || defined __stub___strlcpy
| choke me
| #endif
| 
| int
| main (void)
| {
| return strlcpy ();
|   ;
|   return 0;
| }
configure:19083: result: no
configure:19089: checking for strsignal
configure:19089: gcc -o conftest    conftest.c -ldl  >&5
configure:19089: $? = 0
configure:19089: result: yes
configure:19095: checking for symlinkat
configure:19095: gcc -o conftest    conftest.c -ldl  >&5
configure:19095: $? = 0
configure:19095: result: yes
configure:19101: checking for sync
configure:19101: gcc -o conftest    conftest.c -ldl  >&5
configure:19101: $? = 0
configure:19101: result: yes
configure:19107: checking for sysconf
configure:19107: gcc -o conftest    conftest.c -ldl  >&5
configure:19107: $? = 0
configure:19107: result: yes
configure:19113: checking for tcgetpgrp
configure:19113: gcc -o conftest    conftest.c -ldl  >&5
configure:19113: $? = 0
configure:19113: result: yes
configure:19119: checking for tcsetpgrp
configure:19119: gcc -o conftest    conftest.c -ldl  >&5
configure:19119: $? = 0
configure:19119: result: yes
configure:19125: checking for tempnam
configure:19125: gcc -o conftest    conftest.c -ldl  >&5
/usr/bin/ld: /tmp/ccCvlifo.o: in function `main':
conftest.c:(.text+0xa): warning: the use of `tempnam' is dangerous, better use `mkstemp'
configure:19125: $? = 0
configure:19125: result: yes
configure:19131: checking for timegm
configure:19131: gcc -o conftest    conftest.c -ldl  >&5
configure:19131: $? = 0
configure:19131: result: yes
configure:19137: checking for times
configure:19137: gcc -o conftest    conftest.c -ldl  >&5
configure:19137: $? = 0
configure:19137: result: yes
configure:19143: checking for tmpfile
configure:19143: gcc -o conftest    conftest.c -ldl  >&5
configure:19143: $? = 0
configure:19143: result: yes
configure:19149: checking for tmpnam
configure:19149: gcc -o conftest    conftest.c -ldl  >&5
/usr/bin/ld: /tmp/ccoBTJ43.o: in function `main':
conftest.c:(.text+0xa): warning: the use of `tmpnam' is dangerous, better use `mkstemp'
configure:19149: $? = 0
configure:19149: result: yes
configure:19155: checking for tmpnam_r
configure:19155: gcc -o conftest    conftest.c -ldl  >&5
/usr/bin/ld: /tmp/ccEnN4eh.o: in function `main':
conftest.c:(.text+0xa): warning: the use of `tmpnam_r' is dangerous, better use `mkstemp'
configure:19155: $? = 0
configure:19155: result: yes
configure:19161: checking for truncate
configure:19161: gcc -o conftest    conftest.c -ldl  >&5
configure:19161: $? = 0
configure:19161: result: yes
configure:19167: checking for ttyname_r
configure:19167: gcc -o conftest    conftest.c -ldl  >&5
configure:19167: $? = 0
configure:19167: result: yes
configure:19173: checking for umask
configure:19173: gcc -o conftest    conftest.c -ldl  >&5
configure:19173: $? = 0
configure:19173: result: yes
configure:19179: checking for uname
configure:19179: gcc -o conftest    conftest.c -ldl  >&5
configure:19179: $? = 0
configure:19179: result: yes
configure:19185: checking for unlinkat
configure:19185: gcc -o conftest    conftest.c -ldl  >&5
configure:19185: $? = 0
configure:19185: result: yes
configure:19191: checking for unlockpt
configure:19191: gcc -o conftest    conftest.c -ldl  >&5
configure:19191: $? = 0
configure:19191: result: yes
configure:19197: checking for utimensat
configure:19197: gcc -o conftest    conftest.c -ldl  >&5
configure:19197: $? = 0
configure:19197: result: yes
configure:19203: checking for utimes
configure:19203: gcc -o conftest    conftest.c -ldl  >&5
configure:19203: $? = 0
configure:19203: result: yes
configure:19209: checking for vfork
configure:19209: gcc -o conftest    conftest.c -ldl  >&5
configure:19209: $? = 0
configure:19209: result: yes
configure:19215: checking for wait
configure:19215: gcc -o conftest    conftest.c -ldl  >&5
configure:19215: $? = 0
configure:19215: result: yes
configure:19221: checking for wait3
configure:19221: gcc -o conftest    conftest.c -ldl  >&5
configure:19221: $? = 0
configure:19221: result: yes
configure:19227: checking for wait4
configure:19227: gcc -o conftest    conftest.c -ldl  >&5
configure:19227: $? = 0
configure:19227: result: yes
configure:19233: checking for waitid
configure:19233: gcc -o conftest    conftest.c -ldl  >&5
configure:19233: $? = 0
configure:19233: result: yes
configure:19239: checking for waitpid
configure:19239: gcc -o conftest    conftest.c -ldl  >&5
configure:19239: $? = 0
configure:19239: result: yes
configure:19245: checking for wcscoll
configure:19245: gcc -o conftest    conftest.c -ldl  >&5
configure:19245: $? = 0
configure:19245: result: yes
configure:19251: checking for wcsftime
configure:19251: gcc -o conftest    conftest.c -ldl  >&5
configure:19251: $? = 0
configure:19251: result: yes
configure:19257: checking for wcsxfrm
configure:19257: gcc -o conftest    conftest.c -ldl  >&5
configure:19257: $? = 0
configure:19257: result: yes
configure:19263: checking for wmemcmp
configure:19263: gcc -o conftest    conftest.c -ldl  >&5
configure:19263: $? = 0
configure:19263: result: yes
configure:19269: checking for writev
configure:19269: gcc -o conftest    conftest.c -ldl  >&5
configure:19269: $? = 0
configure:19269: result: yes
configure:19295: checking for getentropy
configure:19295: gcc -o conftest    conftest.c -ldl  >&5
configure:19295: $? = 0
configure:19295: result: yes
configure:19301: checking for getgroups
configure:19301: gcc -o conftest    conftest.c -ldl  >&5
configure:19301: $? = 0
configure:19301: result: yes
configure:19307: checking for system
configure:19307: gcc -o conftest    conftest.c -ldl  >&5
configure:19307: $? = 0
configure:19307: result: yes
configure:19316: checking for gcc options needed to detect all undeclared functions
configure:19338: gcc -c    conftest.c >&5
conftest.c: In function 'main':
conftest.c:367:8: error: 'strchr' undeclared (first use in this function)
  367 | (void) strchr;
      |        ^~~~~~
conftest.c:1:1: note: 'strchr' is defined in header '<string.h>'; did you forget to '#include <string.h>'?
    1 | /* confdefs.h */
conftest.c:367:8: note: each undeclared identifier is reported only once for each function it appears in
  367 | (void) strchr;
      |        ^~~~~~
configure:19338: $? = 1
configure: failed program was:
| /* confdefs.h */
| #define _NETBSD_SOURCE 1
| #define __BSD_VISIBLE 1
| #define _DARWIN_C_SOURCE 1
| #define _PYTHONFRAMEWORK ""
| #define _XOPEN_SOURCE 700
| #define _XOPEN_SOURCE_EXTENDED 1
| #define _POSIX_C_SOURCE 200809L
| #define HAVE_STDIO_H 1
| #define HAVE_STDLIB_H 1
| #define HAVE_STRING_H 1
| #define HAVE_INTTYPES_H 1
| #define HAVE_STDINT_H 1
| #define HAVE_STRINGS_H 1
| #define HAVE_SYS_STAT_H 1
| #define HAVE_SYS_TYPES_H 1
| #define HAVE_UNISTD_H 1
| #define HAVE_WCHAR_H 1
| #define STDC_HEADERS 1
| #define _ALL_SOURCE 1
| #define _DARWIN_C_SOURCE 1
| #define _GNU_SOURCE 1
| #define _HPUX_ALT_XOPEN_SOCKET_API 1
| #define _NETBSD_SOURCE 1
| #define _OPENBSD_SOURCE 1
| #define _POSIX_PTHREAD_SEMANTICS 1
| #define __STDC_WANT_IEC_60559_ATTRIBS_EXT__ 1
| #define __STDC_WANT_IEC_60559_BFP_EXT__ 1
| #define __STDC_WANT_IEC_60559_DFP_EXT__ 1
| #define __STDC_WANT_IEC_60559_FUNCS_EXT__ 1
| #define __STDC_WANT_IEC_60559_TYPES_EXT__ 1
| #define __STDC_WANT_LIB_EXT2__ 1
| #define __STDC_WANT_MATH_SPEC_FUNCS__ 1
| #define _TANDEM_SOURCE 1
| #define __EXTENSIONS__ 1
| #define PY_SUPPORT_TIER 1
| #define STDC_HEADERS 1
| #define HAVE_ALLOCA_H 1
| #define HAVE_ASM_TYPES_H 1
| #define HAVE_DLFCN_H 1
| #define HAVE_ENDIAN_H 1
| #define HAVE_ERRNO_H 1
| #define HAVE_FCNTL_H 1
| #define HAVE_GRP_H 1
| #define HAVE_LANGINFO_H 1
| #define HAVE_LIBINTL_H 1
| #define HAVE_LINUX_AUXVEC_H 1
| #define HAVE_SYS_AUXV_H 1
| #define HAVE_LINUX_FS_H 1
| #define HAVE_LINUX_LIMITS_H 1
| #define HAVE_LINUX_MEMFD_H 1
| #define HAVE_LINUX_RANDOM_H 1
| #define HAVE_LINUX_SOUNDCARD_H 1
| #define HAVE_LINUX_TIPC_H 1
| #define HAVE_LINUX_WAIT_H 1
| #define HAVE_NETDB_H 1
| #define HAVE_NET_ETHERNET_H 1
| #define HAVE_NETINET_IN_H 1
| #define HAVE_NETPACKET_PACKET_H 1
| #define HAVE_POLL_H 1
| #define HAVE_PTHREAD_H 1
| #define HAVE_PTY_H 1
| #define HAVE_SCHED_H 1
| #define HAVE_SETJMP_H 1
| #define HAVE_SHADOW_H 1
| #define HAVE_SIGNAL_H 1
| #define HAVE_SPAWN_H 1
| #define HAVE_SYS_EPOLL_H 1
| #define HAVE_SYS_EVENTFD_H 1
| #define HAVE_SYS_FILE_H 1
| #define HAVE_SYS_IOCTL_H 1
| #define HAVE_SYS_MMAN_H 1
| #define HAVE_SYS_PARAM_H 1
| #define HAVE_SYS_PIDFD_H 1
| #define HAVE_SYS_POLL_H 1
| #define HAVE_SYS_RANDOM_H 1
| #define HAVE_SYS_RESOURCE_H 1
| #define HAVE_SYS_SELECT_H 1
| #define HAVE_SYS_SENDFILE_H 1
| #define HAVE_SYS_SOCKET_H 1
| #define HAVE_SYS_SOUNDCARD_H 1
| #define HAVE_SYS_STAT_H 1
| #define HAVE_SYS_STATVFS_H 1
| #define HAVE_SYS_SYSCALL_H 1
| #define HAVE_SYS_SYSMACROS_H 1
| #define HAVE_SYS_TIME_H 1
| #define HAVE_SYS_TIMES_H 1
| #define HAVE_SYS_TIMERFD_H 1
| #define HAVE_SYS_TYPES_H 1
| #define HAVE_SYS_UIO_H 1
| #define HAVE_SYS_UN_H 1
| #define HAVE_SYS_UTSNAME_H 1
| #define HAVE_SYS_WAIT_H 1
| #define HAVE_SYS_XATTR_H 1
| #define HAVE_SYSEXITS_H 1
| #define HAVE_SYSLOG_H 1
| #define HAVE_TERMIOS_H 1
| #define HAVE_UTIME_H 1
| #define HAVE_UTMP_H 1
| #define HAVE_DIRENT_H 1
| #define MAJOR_IN_SYSMACROS 1
| #define HAVE_NET_IF_H 1
| #define HAVE_LINUX_NETLINK_H 1
| #define HAVE_LINUX_QRTR_H 1
| #define HAVE_LINUX_VM_SOCKETS_H 1
| #define HAVE_LINUX_CAN_H 1
| #define HAVE_LINUX_CAN_BCM_H 1
| #define HAVE_LINUX_CAN_J1939_H 1
| #define HAVE_LINUX_CAN_RAW_H 1
| #define HAVE_CLOCK_T 1
| #define HAVE_MAKEDEV 1
| #define HAVE_HTOLE64 1
| #define _LARGEFILE_SOURCE 1
| #define _FILE_OFFSET_BITS 64
| #if defined(SCO_DS)
| #undef _OFF_T
| #endif
| #define RETSIGTYPE void
| #define HAVE_SSIZE_T 1
| #define HAVE___UINT128_T 1
| #define HAVE_GCC_UINT128_T 1
| #define SIZEOF_INT 4
| #define SIZEOF_LONG 8
| #define ALIGNOF_LONG 8
| #define SIZEOF_LONG_LONG 8
| #define SIZEOF_VOID_P 8
| #define SIZEOF_SHORT 2
| #define SIZEOF_FLOAT 4
| #define SIZEOF_DOUBLE 8
| #define SIZEOF_FPOS_T 16
| #define SIZEOF_SIZE_T 8
| #define ALIGNOF_SIZE_T 8
| #define SIZEOF_PID_T 4
| #define SIZEOF_UINTPTR_T 8
| #define ALIGNOF_MAX_ALIGN_T 16
| #define HAVE_LONG_DOUBLE 1
| #define SIZEOF_LONG_DOUBLE 16
| #define SIZEOF__BOOL 1
| #define SIZEOF_OFF_T 8
| #define SIZEOF_TIME_T 8
| #define SIZEOF_PTHREAD_T 8
| #define SIZEOF_PTHREAD_KEY_T 4
| #define PTHREAD_KEY_T_IS_COMPATIBLE_WITH_INT 1
| #define PY_HAVE_PERF_TRAMPOLINE 1
| #define HAVE_LIBDL 1
| #define HAVE_FFI_PREP_CIF_VAR 1
| #define HAVE_FFI_PREP_CLOSURE_LOC 1
| #define HAVE_FFI_CLOSURE_ALLOC 1
| #define WITH_DECIMAL_CONTEXTVAR 1
| #define HAVE_LIBSQLITE3 1
| #define HAVE_LIBSQLITE3 1
| #define HAVE_LIBSQLITE3 1
| #define HAVE_LIBSQLITE3 1
| #define HAVE_LIBSQLITE3 1
| #define HAVE_LIBSQLITE3 1
| #define HAVE_LIBSQLITE3 1
| #define HAVE_LIBSQLITE3 1
| #define HAVE_LIBSQLITE3 1
| #define PY_SQLITE_HAVE_SERIALIZE 1
| #define _REENTRANT 1
| #define PTHREAD_SYSTEM_SCHED_SUPPORTED 1
| #define HAVE_PTHREAD_SIGMASK 1
| #define HAVE_PTHREAD_GETCPUCLOCKID 1
| #define ENABLE_IPV6 1
| #define HAVE_LINUX_CAN_RAW_FD_FRAMES 1
| #define HAVE_LINUX_CAN_RAW_JOIN_FILTERS 1
| #define WITH_DOC_STRINGS 1
| #define HAVE_STD_ATOMIC 1
| #define HAVE_BUILTIN_ATOMIC 1
| #define WITH_MIMALLOC 1
| #define WITH_PYMALLOC 1
| #define WITH_FREELISTS 1
| #define PY_COERCE_C_LOCALE 1
| #define HAVE_DLOPEN 1
| #define HAVE_DYNAMIC_LOADING 1
| #define HAVE_ACCEPT4 1
| #define HAVE_ALARM 1
| #define HAVE_BIND_TEXTDOMAIN_CODESET 1
| #define HAVE_CHMOD 1
| #define HAVE_CHOWN 1
| #define HAVE_CLOCK 1
| #define HAVE_CLOSEFROM 1
| #define HAVE_CLOSE_RANGE 1
| #define HAVE_CONFSTR 1
| #define HAVE_COPY_FILE_RANGE 1
| #define HAVE_CTERMID 1
| #define HAVE_DUP 1
| #define HAVE_DUP3 1
| #define HAVE_EXECV 1
| #define HAVE_EXPLICIT_BZERO 1
| #define HAVE_FACCESSAT 1
| #define HAVE_FCHMOD 1
| #define HAVE_FCHMODAT 1
| #define HAVE_FCHOWN 1
| #define HAVE_FCHOWNAT 1
| #define HAVE_FDOPENDIR 1
| #define HAVE_FEXECVE 1
| #define HAVE_FORK 1
| #define HAVE_FPATHCONF 1
| #define HAVE_FSTATAT 1
| #define HAVE_FTIME 1
| #define HAVE_FTRUNCATE 1
| #define HAVE_FUTIMENS 1
| #define HAVE_FUTIMES 1
| #define HAVE_FUTIMESAT 1
| #define HAVE_GAI_STRERROR 1
| #define HAVE_GETEGID 1
| #define HAVE_GETEUID 1
| #define HAVE_GETGID 1
| #define HAVE_GETGRENT 1
| #define HAVE_GETGRGID 1
| #define HAVE_GETGRGID_R 1
| #define HAVE_GETGRNAM_R 1
| #define HAVE_GETGROUPLIST 1
| #define HAVE_GETHOSTNAME 1
| #define HAVE_GETITIMER 1
| #define HAVE_GETLOADAVG 1
| #define HAVE_GETLOGIN 1
| #define HAVE_GETLOGIN_R 1
| #define HAVE_GETPEERNAME 1
| #define HAVE_GETPGID 1
| #define HAVE_GETPID 1
| #define HAVE_GETPPID 1
| #define HAVE_GETPRIORITY 1
| #define HAVE_GETPWENT 1
| #define HAVE_GETPWNAM_R 1
| #define HAVE_GETPWUID 1
| #define HAVE_GETPWUID_R 1
| #define HAVE_GETRESGID 1
| #define HAVE_GETRESUID 1
| #define HAVE_GETRUSAGE 1
| #define HAVE_GETSID 1
| #define HAVE_GETSPENT 1
| #define HAVE_GETSPNAM 1
| #define HAVE_GETUID 1
| #define HAVE_GETWD 1
| #define HAVE_GRANTPT 1
| #define HAVE_IF_NAMEINDEX 1
| #define HAVE_INITGROUPS 1
| #define HAVE_KILL 1
| #define HAVE_KILLPG 1
| #define HAVE_LCHOWN 1
| #define HAVE_LINKAT 1
| #define HAVE_LOCKF 1
| #define HAVE_LSTAT 1
| #define HAVE_LUTIMES 1
| #define HAVE_MADVISE 1
| #define HAVE_MBRTOWC 1
| #define HAVE_MEMRCHR 1
| #define HAVE_MKDIRAT 1
| #define HAVE_MKFIFO 1
| #define HAVE_MKFIFOAT 1
| #define HAVE_MKNOD 1
| #define HAVE_MKNODAT 1
| #define HAVE_MKTIME 1
| #define HAVE_MMAP 1
| #define HAVE_MREMAP 1
| #define HAVE_NICE 1
| #define HAVE_OPENAT 1
| #define HAVE_OPENDIR 1
| #define HAVE_PATHCONF 1
| #define HAVE_PAUSE 1
| #define HAVE_PIPE 1
| #define HAVE_PIPE2 1
| #define HAVE_POLL 1
| #define HAVE_POSIX_FADVISE 1
| #define HAVE_POSIX_FALLOCATE 1
| #define HAVE_POSIX_OPENPT 1
| #define HAVE_POSIX_SPAWN 1
| #define HAVE_POSIX_SPAWNP 1
| #define HAVE_POSIX_SPAWN_FILE_ACTIONS_ADDCLOSEFROM_NP 1
| #define HAVE_PREAD 1
| #define HAVE_PREADV 1
| #define HAVE_PREADV2 1
| #define HAVE_PROCESS_VM_READV 1
| #define HAVE_PTHREAD_CONDATTR_SETCLOCK 1
| #define HAVE_PTHREAD_KILL 1
| #define HAVE_PTSNAME 1
| #define HAVE_PTSNAME_R 1
| #define HAVE_PWRITE 1
| #define HAVE_PWRITEV 1
| #define HAVE_PWRITEV2 1
| #define HAVE_READLINK 1
| #define HAVE_READLINKAT 1
| #define HAVE_READV 1
| #define HAVE_REALPATH 1
| #define HAVE_RENAMEAT 1
| #define HAVE_SCHED_GET_PRIORITY_MAX 1
| #define HAVE_SCHED_RR_GET_INTERVAL 1
| #define HAVE_SCHED_SETAFFINITY 1
| #define HAVE_SCHED_SETPARAM 1
| #define HAVE_SCHED_SETSCHEDULER 1
| #define HAVE_SEM_CLOCKWAIT 1
| #define HAVE_SEM_GETVALUE 1
| #define HAVE_SEM_OPEN 1
| #define HAVE_SEM_TIMEDWAIT 1
| #define HAVE_SEM_UNLINK 1
| #define HAVE_SENDFILE 1
| #define HAVE_SETEGID 1
| #define HAVE_SETEUID 1
| #define HAVE_SETGID 1
| #define HAVE_SETHOSTNAME 1
| #define HAVE_SETITIMER 1
| #define HAVE_SETLOCALE 1
| #define HAVE_SETPGID 1
| #define HAVE_SETPGRP 1
| #define HAVE_SETPRIORITY 1
| #define HAVE_SETREGID 1
| #define HAVE_SETRESGID 1
| #define HAVE_SETRESUID 1
| #define HAVE_SETREUID 1
| #define HAVE_SETSID 1
| #define HAVE_SETUID 1
| #define HAVE_SETVBUF 1
| #define HAVE_SHUTDOWN 1
| #define HAVE_SIGACTION 1
| #define HAVE_SIGALTSTACK 1
| #define HAVE_SIGFILLSET 1
| #define HAVE_SIGINTERRUPT 1
| #define HAVE_SIGPENDING 1
| #define HAVE_SIGRELSE 1
| #define HAVE_SIGTIMEDWAIT 1
| #define HAVE_SIGWAIT 1
| #define HAVE_SIGWAITINFO 1
| #define HAVE_SNPRINTF 1
| #define HAVE_SPLICE 1
| #define HAVE_STRFTIME 1
| #define HAVE_STRSIGNAL 1
| #define HAVE_SYMLINKAT 1
| #define HAVE_SYNC 1
| #define HAVE_SYSCONF 1
| #define HAVE_TCGETPGRP 1
| #define HAVE_TCSETPGRP 1
| #define HAVE_TEMPNAM 1
| #define HAVE_TIMEGM 1
| #define HAVE_TIMES 1
| #define HAVE_TMPFILE 1
| #define HAVE_TMPNAM 1
| #define HAVE_TMPNAM_R 1
| #define HAVE_TRUNCATE 1
| #define HAVE_TTYNAME_R 1
| #define HAVE_UMASK 1
| #define HAVE_UNAME 1
| #define HAVE_UNLINKAT 1
| #define HAVE_UNLOCKPT 1
| #define HAVE_UTIMENSAT 1
| #define HAVE_UTIMES 1
| #define HAVE_VFORK 1
| #define HAVE_WAIT 1
| #define HAVE_WAIT3 1
| #define HAVE_WAIT4 1
| #define HAVE_WAITID 1
| #define HAVE_WAITPID 1
| #define HAVE_WCSCOLL 1
| #define HAVE_WCSFTIME 1
| #define HAVE_WCSXFRM 1
| #define HAVE_WMEMCMP 1
| #define HAVE_WRITEV 1
| #define HAVE_GETENTROPY 1
| #define HAVE_GETGROUPS 1
| #define HAVE_SYSTEM 1
| /* end confdefs.h.  */
| 
| int
| main (void)
| {
| (void) strchr;
|   ;
|   return 0;
| }
configure:19365: gcc -c    conftest.c >&5
configure:19365: $? = 0
configure:19382: result: none needed
configure:19396: checking whether dirfd is declared
configure:19396: gcc -c    conftest.c >&5
configure:19396: $? = 0
configure:19396: result: yes
configure:19410: checking for chroot
configure:19427: gcc -c   conftest.c >&5
configure:19427: $? = 0
configure:19436: result: yes
configure:19449: checking for link
configure:19466: gcc -c   conftest.c >&5
configure:19466: $? = 0
configure:19475: result: yes
configure:19488: checking for symlink
configure:19505: gcc -c   conftest.c >&5
configure:19505: $? = 0
configure:19514: result: yes
configure:19527: checking for fchdir
configure:19544: gcc -c   conftest.c >&5
configure:19544: $? = 0
configure:19553: result: yes
configure:19566: checking for fsync
configure:19583: gcc -c   conftest.c >&5
configure:19583: $? = 0
configure:19592: result: yes
configure:19605: checking for fdatasync
configure:19622: gcc -c   conftest.c >&5
configure:19622: $? = 0
configure:19631: result: yes
configure:19644: checking for epoll_create
configure:19661: gcc -c   conftest.c >&5
configure:19661: $? = 0
configure:19670: result: yes
configure:19683: checking for epoll_create1
configure:19700: gcc -c   conftest.c >&5
configure:19700: $? = 0
configure:19709: result: yes
configure:19722: checking for kqueue
configure:19742: gcc -c   conftest.c >&5
conftest.c:374:10: fatal error: sys/event.h: No such file or directory
  374 | #include <sys/event.h>
      |          ^~~~~~~~~~~~~
compilation terminated.
configure:19742: $? = 1
configure: failed program was:
| /* confdefs.h */
| #define _NETBSD_SOURCE 1
| #define __BSD_VISIBLE 1
| #define _DARWIN_C_SOURCE 1
| #define _PYTHONFRAMEWORK ""
| #define _XOPEN_SOURCE 700
| #define _XOPEN_SOURCE_EXTENDED 1
| #define _POSIX_C_SOURCE 200809L
| #define HAVE_STDIO_H 1
| #define HAVE_STDLIB_H 1
| #define HAVE_STRING_H 1
| #define HAVE_INTTYPES_H 1
| #define HAVE_STDINT_H 1
| #define HAVE_STRINGS_H 1
| #define HAVE_SYS_STAT_H 1
| #define HAVE_SYS_TYPES_H 1
| #define HAVE_UNISTD_H 1
| #define HAVE_WCHAR_H 1
| #define STDC_HEADERS 1
| #define _ALL_SOURCE 1
| #define _DARWIN_C_SOURCE 1
| #define _GNU_SOURCE 1
| #define _HPUX_ALT_XOPEN_SOCKET_API 1
| #define _NETBSD_SOURCE 1
| #define _OPENBSD_SOURCE 1
| #define _POSIX_PTHREAD_SEMANTICS 1
| #define __STDC_WANT_IEC_60559_ATTRIBS_EXT__ 1
| #define __STDC_WANT_IEC_60559_BFP_EXT__ 1
| #define __STDC_WANT_IEC_60559_DFP_EXT__ 1
| #define __STDC_WANT_IEC_60559_FUNCS_EXT__ 1
| #define __STDC_WANT_IEC_60559_TYPES_EXT__ 1
| #define __STDC_WANT_LIB_EXT2__ 1
| #define __STDC_WANT_MATH_SPEC_FUNCS__ 1
| #define _TANDEM_SOURCE 1
| #define __EXTENSIONS__ 1
| #define PY_SUPPORT_TIER 1
| #define STDC_HEADERS 1
| #define HAVE_ALLOCA_H 1
| #define HAVE_ASM_TYPES_H 1
| #define HAVE_DLFCN_H 1
| #define HAVE_ENDIAN_H 1
| #define HAVE_ERRNO_H 1
| #define HAVE_FCNTL_H 1
| #define HAVE_GRP_H 1
| #define HAVE_LANGINFO_H 1
| #define HAVE_LIBINTL_H 1
| #define HAVE_LINUX_AUXVEC_H 1
| #define HAVE_SYS_AUXV_H 1
| #define HAVE_LINUX_FS_H 1
| #define HAVE_LINUX_LIMITS_H 1
| #define HAVE_LINUX_MEMFD_H 1
| #define HAVE_LINUX_RANDOM_H 1
| #define HAVE_LINUX_SOUNDCARD_H 1
| #define HAVE_LINUX_TIPC_H 1
| #define HAVE_LINUX_WAIT_H 1
| #define HAVE_NETDB_H 1
| #define HAVE_NET_ETHERNET_H 1
| #define HAVE_NETINET_IN_H 1
| #define HAVE_NETPACKET_PACKET_H 1
| #define HAVE_POLL_H 1
| #define HAVE_PTHREAD_H 1
| #define HAVE_PTY_H 1
| #define HAVE_SCHED_H 1
| #define HAVE_SETJMP_H 1
| #define HAVE_SHADOW_H 1
| #define HAVE_SIGNAL_H 1
| #define HAVE_SPAWN_H 1
| #define HAVE_SYS_EPOLL_H 1
| #define HAVE_SYS_EVENTFD_H 1
| #define HAVE_SYS_FILE_H 1
| #define HAVE_SYS_IOCTL_H 1
| #define HAVE_SYS_MMAN_H 1
| #define HAVE_SYS_PARAM_H 1
| #define HAVE_SYS_PIDFD_H 1
| #define HAVE_SYS_POLL_H 1
| #define HAVE_SYS_RANDOM_H 1
| #define HAVE_SYS_RESOURCE_H 1
| #define HAVE_SYS_SELECT_H 1
| #define HAVE_SYS_SENDFILE_H 1
| #define HAVE_SYS_SOCKET_H 1
| #define HAVE_SYS_SOUNDCARD_H 1
| #define HAVE_SYS_STAT_H 1
| #define HAVE_SYS_STATVFS_H 1
| #define HAVE_SYS_SYSCALL_H 1
| #define HAVE_SYS_SYSMACROS_H 1
| #define HAVE_SYS_TIME_H 1
| #define HAVE_SYS_TIMES_H 1
| #define HAVE_SYS_TIMERFD_H 1
| #define HAVE_SYS_TYPES_H 1
| #define HAVE_SYS_UIO_H 1
| #define HAVE_SYS_UN_H 1
| #define HAVE_SYS_UTSNAME_H 1
| #define HAVE_SYS_WAIT_H 1
| #define HAVE_SYS_XATTR_H 1
| #define HAVE_SYSEXITS_H 1
| #define HAVE_SYSLOG_H 1
| #define HAVE_TERMIOS_H 1
| #define HAVE_UTIME_H 1
| #define HAVE_UTMP_H 1
| #define HAVE_DIRENT_H 1
| #define MAJOR_IN_SYSMACROS 1
| #define HAVE_NET_IF_H 1
| #define HAVE_LINUX_NETLINK_H 1
| #define HAVE_LINUX_QRTR_H 1
| #define HAVE_LINUX_VM_SOCKETS_H 1
| #define HAVE_LINUX_CAN_H 1
| #define HAVE_LINUX_CAN_BCM_H 1
| #define HAVE_LINUX_CAN_J1939_H 1
| #define HAVE_LINUX_CAN_RAW_H 1
| #define HAVE_CLOCK_T 1
| #define HAVE_MAKEDEV 1
| #define HAVE_HTOLE64 1
| #define _LARGEFILE_SOURCE 1
| #define _FILE_OFFSET_BITS 64
| #if defined(SCO_DS)
| #undef _OFF_T
| #endif
| #define RETSIGTYPE void
| #define HAVE_SSIZE_T 1
| #define HAVE___UINT128_T 1
| #define HAVE_GCC_UINT128_T 1
| #define SIZEOF_INT 4
| #define SIZEOF_LONG 8
| #define ALIGNOF_LONG 8
| #define SIZEOF_LONG_LONG 8
| #define SIZEOF_VOID_P 8
| #define SIZEOF_SHORT 2
| #define SIZEOF_FLOAT 4
| #define SIZEOF_DOUBLE 8
| #define SIZEOF_FPOS_T 16
| #define SIZEOF_SIZE_T 8
| #define ALIGNOF_SIZE_T 8
| #define SIZEOF_PID_T 4
| #define SIZEOF_UINTPTR_T 8
| #define ALIGNOF_MAX_ALIGN_T 16
| #define HAVE_LONG_DOUBLE 1
| #define SIZEOF_LONG_DOUBLE 16
| #define SIZEOF__BOOL 1
| #define SIZEOF_OFF_T 8
| #define SIZEOF_TIME_T 8
| #define SIZEOF_PTHREAD_T 8
| #define SIZEOF_PTHREAD_KEY_T 4
| #define PTHREAD_KEY_T_IS_COMPATIBLE_WITH_INT 1
| #define PY_HAVE_PERF_TRAMPOLINE 1
| #define HAVE_LIBDL 1
| #define HAVE_FFI_PREP_CIF_VAR 1
| #define HAVE_FFI_PREP_CLOSURE_LOC 1
| #define HAVE_FFI_CLOSURE_ALLOC 1
| #define WITH_DECIMAL_CONTEXTVAR 1
| #define HAVE_LIBSQLITE3 1
| #define HAVE_LIBSQLITE3 1
| #define HAVE_LIBSQLITE3 1
| #define HAVE_LIBSQLITE3 1
| #define HAVE_LIBSQLITE3 1
| #define HAVE_LIBSQLITE3 1
| #define HAVE_LIBSQLITE3 1
| #define HAVE_LIBSQLITE3 1
| #define HAVE_LIBSQLITE3 1
| #define PY_SQLITE_HAVE_SERIALIZE 1
| #define _REENTRANT 1
| #define PTHREAD_SYSTEM_SCHED_SUPPORTED 1
| #define HAVE_PTHREAD_SIGMASK 1
| #define HAVE_PTHREAD_GETCPUCLOCKID 1
| #define ENABLE_IPV6 1
| #define HAVE_LINUX_CAN_RAW_FD_FRAMES 1
| #define HAVE_LINUX_CAN_RAW_JOIN_FILTERS 1
| #define WITH_DOC_STRINGS 1
| #define HAVE_STD_ATOMIC 1
| #define HAVE_BUILTIN_ATOMIC 1
| #define WITH_MIMALLOC 1
| #define WITH_PYMALLOC 1
| #define WITH_FREELISTS 1
| #define PY_COERCE_C_LOCALE 1
| #define HAVE_DLOPEN 1
| #define HAVE_DYNAMIC_LOADING 1
| #define HAVE_ACCEPT4 1
| #define HAVE_ALARM 1
| #define HAVE_BIND_TEXTDOMAIN_CODESET 1
| #define HAVE_CHMOD 1
| #define HAVE_CHOWN 1
| #define HAVE_CLOCK 1
| #define HAVE_CLOSEFROM 1
| #define HAVE_CLOSE_RANGE 1
| #define HAVE_CONFSTR 1
| #define HAVE_COPY_FILE_RANGE 1
| #define HAVE_CTERMID 1
| #define HAVE_DUP 1
| #define HAVE_DUP3 1
| #define HAVE_EXECV 1
| #define HAVE_EXPLICIT_BZERO 1
| #define HAVE_FACCESSAT 1
| #define HAVE_FCHMOD 1
| #define HAVE_FCHMODAT 1
| #define HAVE_FCHOWN 1
| #define HAVE_FCHOWNAT 1
| #define HAVE_FDOPENDIR 1
| #define HAVE_FEXECVE 1
| #define HAVE_FORK 1
| #define HAVE_FPATHCONF 1
| #define HAVE_FSTATAT 1
| #define HAVE_FTIME 1
| #define HAVE_FTRUNCATE 1
| #define HAVE_FUTIMENS 1
| #define HAVE_FUTIMES 1
| #define HAVE_FUTIMESAT 1
| #define HAVE_GAI_STRERROR 1
| #define HAVE_GETEGID 1
| #define HAVE_GETEUID 1
| #define HAVE_GETGID 1
| #define HAVE_GETGRENT 1
| #define HAVE_GETGRGID 1
| #define HAVE_GETGRGID_R 1
| #define HAVE_GETGRNAM_R 1
| #define HAVE_GETGROUPLIST 1
| #define HAVE_GETHOSTNAME 1
| #define HAVE_GETITIMER 1
| #define HAVE_GETLOADAVG 1
| #define HAVE_GETLOGIN 1
| #define HAVE_GETLOGIN_R 1
| #define HAVE_GETPEERNAME 1
| #define HAVE_GETPGID 1
| #define HAVE_GETPID 1
| #define HAVE_GETPPID 1
| #define HAVE_GETPRIORITY 1
| #define HAVE_GETPWENT 1
| #define HAVE_GETPWNAM_R 1
| #define HAVE_GETPWUID 1
| #define HAVE_GETPWUID_R 1
| #define HAVE_GETRESGID 1
| #define HAVE_GETRESUID 1
| #define HAVE_GETRUSAGE 1
| #define HAVE_GETSID 1
| #define HAVE_GETSPENT 1
| #define HAVE_GETSPNAM 1
| #define HAVE_GETUID 1
| #define HAVE_GETWD 1
| #define HAVE_GRANTPT 1
| #define HAVE_IF_NAMEINDEX 1
| #define HAVE_INITGROUPS 1
| #define HAVE_KILL 1
| #define HAVE_KILLPG 1
| #define HAVE_LCHOWN 1
| #define HAVE_LINKAT 1
| #define HAVE_LOCKF 1
| #define HAVE_LSTAT 1
| #define HAVE_LUTIMES 1
| #define HAVE_MADVISE 1
| #define HAVE_MBRTOWC 1
| #define HAVE_MEMRCHR 1
| #define HAVE_MKDIRAT 1
| #define HAVE_MKFIFO 1
| #define HAVE_MKFIFOAT 1
| #define HAVE_MKNOD 1
| #define HAVE_MKNODAT 1
| #define HAVE_MKTIME 1
| #define HAVE_MMAP 1
| #define HAVE_MREMAP 1
| #define HAVE_NICE 1
| #define HAVE_OPENAT 1
| #define HAVE_OPENDIR 1
| #define HAVE_PATHCONF 1
| #define HAVE_PAUSE 1
| #define HAVE_PIPE 1
| #define HAVE_PIPE2 1
| #define HAVE_POLL 1
| #define HAVE_POSIX_FADVISE 1
| #define HAVE_POSIX_FALLOCATE 1
| #define HAVE_POSIX_OPENPT 1
| #define HAVE_POSIX_SPAWN 1
| #define HAVE_POSIX_SPAWNP 1
| #define HAVE_POSIX_SPAWN_FILE_ACTIONS_ADDCLOSEFROM_NP 1
| #define HAVE_PREAD 1
| #define HAVE_PREADV 1
| #define HAVE_PREADV2 1
| #define HAVE_PROCESS_VM_READV 1
| #define HAVE_PTHREAD_CONDATTR_SETCLOCK 1
| #define HAVE_PTHREAD_KILL 1
| #define HAVE_PTSNAME 1
| #define HAVE_PTSNAME_R 1
| #define HAVE_PWRITE 1
| #define HAVE_PWRITEV 1
| #define HAVE_PWRITEV2 1
| #define HAVE_READLINK 1
| #define HAVE_READLINKAT 1
| #define HAVE_READV 1
| #define HAVE_REALPATH 1
| #define HAVE_RENAMEAT 1
| #define HAVE_SCHED_GET_PRIORITY_MAX 1
| #define HAVE_SCHED_RR_GET_INTERVAL 1
| #define HAVE_SCHED_SETAFFINITY 1
| #define HAVE_SCHED_SETPARAM 1
| #define HAVE_SCHED_SETSCHEDULER 1
| #define HAVE_SEM_CLOCKWAIT 1
| #define HAVE_SEM_GETVALUE 1
| #define HAVE_SEM_OPEN 1
| #define HAVE_SEM_TIMEDWAIT 1
| #define HAVE_SEM_UNLINK 1
| #define HAVE_SENDFILE 1
| #define HAVE_SETEGID 1
| #define HAVE_SETEUID 1
| #define HAVE_SETGID 1
| #define HAVE_SETHOSTNAME 1
| #define HAVE_SETITIMER 1
| #define HAVE_SETLOCALE 1
| #define HAVE_SETPGID 1
| #define HAVE_SETPGRP 1
| #define HAVE_SETPRIORITY 1
| #define HAVE_SETREGID 1
| #define HAVE_SETRESGID 1
| #define HAVE_SETRESUID 1
| #define HAVE_SETREUID 1
| #define HAVE_SETSID 1
| #define HAVE_SETUID 1
| #define HAVE_SETVBUF 1
| #define HAVE_SHUTDOWN 1
| #define HAVE_SIGACTION 1
| #define HAVE_SIGALTSTACK 1
| #define HAVE_SIGFILLSET 1
| #define HAVE_SIGINTERRUPT 1
| #define HAVE_SIGPENDING 1
| #define HAVE_SIGRELSE 1
| #define HAVE_SIGTIMEDWAIT 1
| #define HAVE_SIGWAIT 1
| #define HAVE_SIGWAITINFO 1
| #define HAVE_SNPRINTF 1
| #define HAVE_SPLICE 1
| #define HAVE_STRFTIME 1
| #define HAVE_STRSIGNAL 1
| #define HAVE_SYMLINKAT 1
| #define HAVE_SYNC 1
| #define HAVE_SYSCONF 1
| #define HAVE_TCGETPGRP 1
| #define HAVE_TCSETPGRP 1
| #define HAVE_TEMPNAM 1
| #define HAVE_TIMEGM 1
| #define HAVE_TIMES 1
| #define HAVE_TMPFILE 1
| #define HAVE_TMPNAM 1
| #define HAVE_TMPNAM_R 1
| #define HAVE_TRUNCATE 1
| #define HAVE_TTYNAME_R 1
| #define HAVE_UMASK 1
| #define HAVE_UNAME 1
| #define HAVE_UNLINKAT 1
| #define HAVE_UNLOCKPT 1
| #define HAVE_UTIMENSAT 1
| #define HAVE_UTIMES 1
| #define HAVE_VFORK 1
| #define HAVE_WAIT 1
| #define HAVE_WAIT3 1
| #define HAVE_WAIT4 1
| #define HAVE_WAITID 1
| #define HAVE_WAITPID 1
| #define HAVE_WCSCOLL 1
| #define HAVE_WCSFTIME 1
| #define HAVE_WCSXFRM 1
| #define HAVE_WMEMCMP 1
| #define HAVE_WRITEV 1
| #define HAVE_GETENTROPY 1
| #define HAVE_GETGROUPS 1
| #define HAVE_SYSTEM 1
| #define HAVE_DIRFD 1
| #define HAVE_CHROOT 1
| #define HAVE_LINK 1
| #define HAVE_SYMLINK 1
| #define HAVE_FCHDIR 1
| #define HAVE_FSYNC 1
| #define HAVE_FDATASYNC 1
| #define HAVE_EPOLL 1
| #define HAVE_EPOLL_CREATE1 1
| /* end confdefs.h.  */
| 
| #include <sys/types.h>
| #include <sys/event.h>
| 
| int
| main (void)
| {
| void *x=kqueue
|   ;
|   return 0;
| }
configure:19751: result: no
configure:19764: checking for prlimit
configure:19784: gcc -c   conftest.c >&5
configure:19784: $? = 0
configure:19793: result: yes
configure:19807: checking for _dyld_shared_cache_contains_path
configure:19824: gcc -c   conftest.c >&5
conftest.c:373:10: fatal error: mach-o/dyld.h: No such file or directory
  373 | #include <mach-o/dyld.h>
      |          ^~~~~~~~~~~~~~~
compilation terminated.
configure:19824: $? = 1
configure: failed program was:
| /* confdefs.h */
| #define _NETBSD_SOURCE 1
| #define __BSD_VISIBLE 1
| #define _DARWIN_C_SOURCE 1
| #define _PYTHONFRAMEWORK ""
| #define _XOPEN_SOURCE 700
| #define _XOPEN_SOURCE_EXTENDED 1
| #define _POSIX_C_SOURCE 200809L
| #define HAVE_STDIO_H 1
| #define HAVE_STDLIB_H 1
| #define HAVE_STRING_H 1
| #define HAVE_INTTYPES_H 1
| #define HAVE_STDINT_H 1
| #define HAVE_STRINGS_H 1
| #define HAVE_SYS_STAT_H 1
| #define HAVE_SYS_TYPES_H 1
| #define HAVE_UNISTD_H 1
| #define HAVE_WCHAR_H 1
| #define STDC_HEADERS 1
| #define _ALL_SOURCE 1
| #define _DARWIN_C_SOURCE 1
| #define _GNU_SOURCE 1
| #define _HPUX_ALT_XOPEN_SOCKET_API 1
| #define _NETBSD_SOURCE 1
| #define _OPENBSD_SOURCE 1
| #define _POSIX_PTHREAD_SEMANTICS 1
| #define __STDC_WANT_IEC_60559_ATTRIBS_EXT__ 1
| #define __STDC_WANT_IEC_60559_BFP_EXT__ 1
| #define __STDC_WANT_IEC_60559_DFP_EXT__ 1
| #define __STDC_WANT_IEC_60559_FUNCS_EXT__ 1
| #define __STDC_WANT_IEC_60559_TYPES_EXT__ 1
| #define __STDC_WANT_LIB_EXT2__ 1
| #define __STDC_WANT_MATH_SPEC_FUNCS__ 1
| #define _TANDEM_SOURCE 1
| #define __EXTENSIONS__ 1
| #define PY_SUPPORT_TIER 1
| #define STDC_HEADERS 1
| #define HAVE_ALLOCA_H 1
| #define HAVE_ASM_TYPES_H 1
| #define HAVE_DLFCN_H 1
| #define HAVE_ENDIAN_H 1
| #define HAVE_ERRNO_H 1
| #define HAVE_FCNTL_H 1
| #define HAVE_GRP_H 1
| #define HAVE_LANGINFO_H 1
| #define HAVE_LIBINTL_H 1
| #define HAVE_LINUX_AUXVEC_H 1
| #define HAVE_SYS_AUXV_H 1
| #define HAVE_LINUX_FS_H 1
| #define HAVE_LINUX_LIMITS_H 1
| #define HAVE_LINUX_MEMFD_H 1
| #define HAVE_LINUX_RANDOM_H 1
| #define HAVE_LINUX_SOUNDCARD_H 1
| #define HAVE_LINUX_TIPC_H 1
| #define HAVE_LINUX_WAIT_H 1
| #define HAVE_NETDB_H 1
| #define HAVE_NET_ETHERNET_H 1
| #define HAVE_NETINET_IN_H 1
| #define HAVE_NETPACKET_PACKET_H 1
| #define HAVE_POLL_H 1
| #define HAVE_PTHREAD_H 1
| #define HAVE_PTY_H 1
| #define HAVE_SCHED_H 1
| #define HAVE_SETJMP_H 1
| #define HAVE_SHADOW_H 1
| #define HAVE_SIGNAL_H 1
| #define HAVE_SPAWN_H 1
| #define HAVE_SYS_EPOLL_H 1
| #define HAVE_SYS_EVENTFD_H 1
| #define HAVE_SYS_FILE_H 1
| #define HAVE_SYS_IOCTL_H 1
| #define HAVE_SYS_MMAN_H 1
| #define HAVE_SYS_PARAM_H 1
| #define HAVE_SYS_PIDFD_H 1
| #define HAVE_SYS_POLL_H 1
| #define HAVE_SYS_RANDOM_H 1
| #define HAVE_SYS_RESOURCE_H 1
| #define HAVE_SYS_SELECT_H 1
| #define HAVE_SYS_SENDFILE_H 1
| #define HAVE_SYS_SOCKET_H 1
| #define HAVE_SYS_SOUNDCARD_H 1
| #define HAVE_SYS_STAT_H 1
| #define HAVE_SYS_STATVFS_H 1
| #define HAVE_SYS_SYSCALL_H 1
| #define HAVE_SYS_SYSMACROS_H 1
| #define HAVE_SYS_TIME_H 1
| #define HAVE_SYS_TIMES_H 1
| #define HAVE_SYS_TIMERFD_H 1
| #define HAVE_SYS_TYPES_H 1
| #define HAVE_SYS_UIO_H 1
| #define HAVE_SYS_UN_H 1
| #define HAVE_SYS_UTSNAME_H 1
| #define HAVE_SYS_WAIT_H 1
| #define HAVE_SYS_XATTR_H 1
| #define HAVE_SYSEXITS_H 1
| #define HAVE_SYSLOG_H 1
| #define HAVE_TERMIOS_H 1
| #define HAVE_UTIME_H 1
| #define HAVE_UTMP_H 1
| #define HAVE_DIRENT_H 1
| #define MAJOR_IN_SYSMACROS 1
| #define HAVE_NET_IF_H 1
| #define HAVE_LINUX_NETLINK_H 1
| #define HAVE_LINUX_QRTR_H 1
| #define HAVE_LINUX_VM_SOCKETS_H 1
| #define HAVE_LINUX_CAN_H 1
| #define HAVE_LINUX_CAN_BCM_H 1
| #define HAVE_LINUX_CAN_J1939_H 1
| #define HAVE_LINUX_CAN_RAW_H 1
| #define HAVE_CLOCK_T 1
| #define HAVE_MAKEDEV 1
| #define HAVE_HTOLE64 1
| #define _LARGEFILE_SOURCE 1
| #define _FILE_OFFSET_BITS 64
| #if defined(SCO_DS)
| #undef _OFF_T
| #endif
| #define RETSIGTYPE void
| #define HAVE_SSIZE_T 1
| #define HAVE___UINT128_T 1
| #define HAVE_GCC_UINT128_T 1
| #define SIZEOF_INT 4
| #define SIZEOF_LONG 8
| #define ALIGNOF_LONG 8
| #define SIZEOF_LONG_LONG 8
| #define SIZEOF_VOID_P 8
| #define SIZEOF_SHORT 2
| #define SIZEOF_FLOAT 4
| #define SIZEOF_DOUBLE 8
| #define SIZEOF_FPOS_T 16
| #define SIZEOF_SIZE_T 8
| #define ALIGNOF_SIZE_T 8
| #define SIZEOF_PID_T 4
| #define SIZEOF_UINTPTR_T 8
| #define ALIGNOF_MAX_ALIGN_T 16
| #define HAVE_LONG_DOUBLE 1
| #define SIZEOF_LONG_DOUBLE 16
| #define SIZEOF__BOOL 1
| #define SIZEOF_OFF_T 8
| #define SIZEOF_TIME_T 8
| #define SIZEOF_PTHREAD_T 8
| #define SIZEOF_PTHREAD_KEY_T 4
| #define PTHREAD_KEY_T_IS_COMPATIBLE_WITH_INT 1
| #define PY_HAVE_PERF_TRAMPOLINE 1
| #define HAVE_LIBDL 1
| #define HAVE_FFI_PREP_CIF_VAR 1
| #define HAVE_FFI_PREP_CLOSURE_LOC 1
| #define HAVE_FFI_CLOSURE_ALLOC 1
| #define WITH_DECIMAL_CONTEXTVAR 1
| #define HAVE_LIBSQLITE3 1
| #define HAVE_LIBSQLITE3 1
| #define HAVE_LIBSQLITE3 1
| #define HAVE_LIBSQLITE3 1
| #define HAVE_LIBSQLITE3 1
| #define HAVE_LIBSQLITE3 1
| #define HAVE_LIBSQLITE3 1
| #define HAVE_LIBSQLITE3 1
| #define HAVE_LIBSQLITE3 1
| #define PY_SQLITE_HAVE_SERIALIZE 1
| #define _REENTRANT 1
| #define PTHREAD_SYSTEM_SCHED_SUPPORTED 1
| #define HAVE_PTHREAD_SIGMASK 1
| #define HAVE_PTHREAD_GETCPUCLOCKID 1
| #define ENABLE_IPV6 1
| #define HAVE_LINUX_CAN_RAW_FD_FRAMES 1
| #define HAVE_LINUX_CAN_RAW_JOIN_FILTERS 1
| #define WITH_DOC_STRINGS 1
| #define HAVE_STD_ATOMIC 1
| #define HAVE_BUILTIN_ATOMIC 1
| #define WITH_MIMALLOC 1
| #define WITH_PYMALLOC 1
| #define WITH_FREELISTS 1
| #define PY_COERCE_C_LOCALE 1
| #define HAVE_DLOPEN 1
| #define HAVE_DYNAMIC_LOADING 1
| #define HAVE_ACCEPT4 1
| #define HAVE_ALARM 1
| #define HAVE_BIND_TEXTDOMAIN_CODESET 1
| #define HAVE_CHMOD 1
| #define HAVE_CHOWN 1
| #define HAVE_CLOCK 1
| #define HAVE_CLOSEFROM 1
| #define HAVE_CLOSE_RANGE 1
| #define HAVE_CONFSTR 1
| #define HAVE_COPY_FILE_RANGE 1
| #define HAVE_CTERMID 1
| #define HAVE_DUP 1
| #define HAVE_DUP3 1
| #define HAVE_EXECV 1
| #define HAVE_EXPLICIT_BZERO 1
| #define HAVE_FACCESSAT 1
| #define HAVE_FCHMOD 1
| #define HAVE_FCHMODAT 1
| #define HAVE_FCHOWN 1
| #define HAVE_FCHOWNAT 1
| #define HAVE_FDOPENDIR 1
| #define HAVE_FEXECVE 1
| #define HAVE_FORK 1
| #define HAVE_FPATHCONF 1
| #define HAVE_FSTATAT 1
| #define HAVE_FTIME 1
| #define HAVE_FTRUNCATE 1
| #define HAVE_FUTIMENS 1
| #define HAVE_FUTIMES 1
| #define HAVE_FUTIMESAT 1
| #define HAVE_GAI_STRERROR 1
| #define HAVE_GETEGID 1
| #define HAVE_GETEUID 1
| #define HAVE_GETGID 1
| #define HAVE_GETGRENT 1
| #define HAVE_GETGRGID 1
| #define HAVE_GETGRGID_R 1
| #define HAVE_GETGRNAM_R 1
| #define HAVE_GETGROUPLIST 1
| #define HAVE_GETHOSTNAME 1
| #define HAVE_GETITIMER 1
| #define HAVE_GETLOADAVG 1
| #define HAVE_GETLOGIN 1
| #define HAVE_GETLOGIN_R 1
| #define HAVE_GETPEERNAME 1
| #define HAVE_GETPGID 1
| #define HAVE_GETPID 1
| #define HAVE_GETPPID 1
| #define HAVE_GETPRIORITY 1
| #define HAVE_GETPWENT 1
| #define HAVE_GETPWNAM_R 1
| #define HAVE_GETPWUID 1
| #define HAVE_GETPWUID_R 1
| #define HAVE_GETRESGID 1
| #define HAVE_GETRESUID 1
| #define HAVE_GETRUSAGE 1
| #define HAVE_GETSID 1
| #define HAVE_GETSPENT 1
| #define HAVE_GETSPNAM 1
| #define HAVE_GETUID 1
| #define HAVE_GETWD 1
| #define HAVE_GRANTPT 1
| #define HAVE_IF_NAMEINDEX 1
| #define HAVE_INITGROUPS 1
| #define HAVE_KILL 1
| #define HAVE_KILLPG 1
| #define HAVE_LCHOWN 1
| #define HAVE_LINKAT 1
| #define HAVE_LOCKF 1
| #define HAVE_LSTAT 1
| #define HAVE_LUTIMES 1
| #define HAVE_MADVISE 1
| #define HAVE_MBRTOWC 1
| #define HAVE_MEMRCHR 1
| #define HAVE_MKDIRAT 1
| #define HAVE_MKFIFO 1
| #define HAVE_MKFIFOAT 1
| #define HAVE_MKNOD 1
| #define HAVE_MKNODAT 1
| #define HAVE_MKTIME 1
| #define HAVE_MMAP 1
| #define HAVE_MREMAP 1
| #define HAVE_NICE 1
| #define HAVE_OPENAT 1
| #define HAVE_OPENDIR 1
| #define HAVE_PATHCONF 1
| #define HAVE_PAUSE 1
| #define HAVE_PIPE 1
| #define HAVE_PIPE2 1
| #define HAVE_POLL 1
| #define HAVE_POSIX_FADVISE 1
| #define HAVE_POSIX_FALLOCATE 1
| #define HAVE_POSIX_OPENPT 1
| #define HAVE_POSIX_SPAWN 1
| #define HAVE_POSIX_SPAWNP 1
| #define HAVE_POSIX_SPAWN_FILE_ACTIONS_ADDCLOSEFROM_NP 1
| #define HAVE_PREAD 1
| #define HAVE_PREADV 1
| #define HAVE_PREADV2 1
| #define HAVE_PROCESS_VM_READV 1
| #define HAVE_PTHREAD_CONDATTR_SETCLOCK 1
| #define HAVE_PTHREAD_KILL 1
| #define HAVE_PTSNAME 1
| #define HAVE_PTSNAME_R 1
| #define HAVE_PWRITE 1
| #define HAVE_PWRITEV 1
| #define HAVE_PWRITEV2 1
| #define HAVE_READLINK 1
| #define HAVE_READLINKAT 1
| #define HAVE_READV 1
| #define HAVE_REALPATH 1
| #define HAVE_RENAMEAT 1
| #define HAVE_SCHED_GET_PRIORITY_MAX 1
| #define HAVE_SCHED_RR_GET_INTERVAL 1
| #define HAVE_SCHED_SETAFFINITY 1
| #define HAVE_SCHED_SETPARAM 1
| #define HAVE_SCHED_SETSCHEDULER 1
| #define HAVE_SEM_CLOCKWAIT 1
| #define HAVE_SEM_GETVALUE 1
| #define HAVE_SEM_OPEN 1
| #define HAVE_SEM_TIMEDWAIT 1
| #define HAVE_SEM_UNLINK 1
| #define HAVE_SENDFILE 1
| #define HAVE_SETEGID 1
| #define HAVE_SETEUID 1
| #define HAVE_SETGID 1
| #define HAVE_SETHOSTNAME 1
| #define HAVE_SETITIMER 1
| #define HAVE_SETLOCALE 1
| #define HAVE_SETPGID 1
| #define HAVE_SETPGRP 1
| #define HAVE_SETPRIORITY 1
| #define HAVE_SETREGID 1
| #define HAVE_SETRESGID 1
| #define HAVE_SETRESUID 1
| #define HAVE_SETREUID 1
| #define HAVE_SETSID 1
| #define HAVE_SETUID 1
| #define HAVE_SETVBUF 1
| #define HAVE_SHUTDOWN 1
| #define HAVE_SIGACTION 1
| #define HAVE_SIGALTSTACK 1
| #define HAVE_SIGFILLSET 1
| #define HAVE_SIGINTERRUPT 1
| #define HAVE_SIGPENDING 1
| #define HAVE_SIGRELSE 1
| #define HAVE_SIGTIMEDWAIT 1
| #define HAVE_SIGWAIT 1
| #define HAVE_SIGWAITINFO 1
| #define HAVE_SNPRINTF 1
| #define HAVE_SPLICE 1
| #define HAVE_STRFTIME 1
| #define HAVE_STRSIGNAL 1
| #define HAVE_SYMLINKAT 1
| #define HAVE_SYNC 1
| #define HAVE_SYSCONF 1
| #define HAVE_TCGETPGRP 1
| #define HAVE_TCSETPGRP 1
| #define HAVE_TEMPNAM 1
| #define HAVE_TIMEGM 1
| #define HAVE_TIMES 1
| #define HAVE_TMPFILE 1
| #define HAVE_TMPNAM 1
| #define HAVE_TMPNAM_R 1
| #define HAVE_TRUNCATE 1
| #define HAVE_TTYNAME_R 1
| #define HAVE_UMASK 1
| #define HAVE_UNAME 1
| #define HAVE_UNLINKAT 1
| #define HAVE_UNLOCKPT 1
| #define HAVE_UTIMENSAT 1
| #define HAVE_UTIMES 1
| #define HAVE_VFORK 1
| #define HAVE_WAIT 1
| #define HAVE_WAIT3 1
| #define HAVE_WAIT4 1
| #define HAVE_WAITID 1
| #define HAVE_WAITPID 1
| #define HAVE_WCSCOLL 1
| #define HAVE_WCSFTIME 1
| #define HAVE_WCSXFRM 1
| #define HAVE_WMEMCMP 1
| #define HAVE_WRITEV 1
| #define HAVE_GETENTROPY 1
| #define HAVE_GETGROUPS 1
| #define HAVE_SYSTEM 1
| #define HAVE_DIRFD 1
| #define HAVE_CHROOT 1
| #define HAVE_LINK 1
| #define HAVE_SYMLINK 1
| #define HAVE_FCHDIR 1
| #define HAVE_FSYNC 1
| #define HAVE_FDATASYNC 1
| #define HAVE_EPOLL 1
| #define HAVE_EPOLL_CREATE1 1
| #define HAVE_PRLIMIT 1
| /* end confdefs.h.  */
| #include <mach-o/dyld.h>
| int
| main (void)
| {
| void *x=_dyld_shared_cache_contains_path
|   ;
|   return 0;
| }
configure:19833: result: no
configure:19847: checking for memfd_create
configure:19871: gcc -c   conftest.c >&5
configure:19871: $? = 0
configure:19880: result: yes
configure:19894: checking for eventfd
configure:19915: gcc -c   conftest.c >&5
configure:19915: $? = 0
configure:19924: result: yes
configure:19938: checking for timerfd_create
configure:19959: gcc -c   conftest.c >&5
configure:19959: $? = 0
configure:19968: result: yes
configure:19988: checking for ctermid_r
configure:20005: gcc -c   conftest.c >&5
conftest.c: In function 'main':
conftest.c:380:9: error: 'ctermid_r' undeclared (first use in this function); did you mean 'ctermid'?
  380 | void *x=ctermid_r
      |         ^~~~~~~~~
      |         ctermid
conftest.c:380:9: note: each undeclared identifier is reported only once for each function it appears in
configure:20005: $? = 1
configure: failed program was:
| /* confdefs.h */
| #define _NETBSD_SOURCE 1
| #define __BSD_VISIBLE 1
| #define _DARWIN_C_SOURCE 1
| #define _PYTHONFRAMEWORK ""
| #define _XOPEN_SOURCE 700
| #define _XOPEN_SOURCE_EXTENDED 1
| #define _POSIX_C_SOURCE 200809L
| #define HAVE_STDIO_H 1
| #define HAVE_STDLIB_H 1
| #define HAVE_STRING_H 1
| #define HAVE_INTTYPES_H 1
| #define HAVE_STDINT_H 1
| #define HAVE_STRINGS_H 1
| #define HAVE_SYS_STAT_H 1
| #define HAVE_SYS_TYPES_H 1
| #define HAVE_UNISTD_H 1
| #define HAVE_WCHAR_H 1
| #define STDC_HEADERS 1
| #define _ALL_SOURCE 1
| #define _DARWIN_C_SOURCE 1
| #define _GNU_SOURCE 1
| #define _HPUX_ALT_XOPEN_SOCKET_API 1
| #define _NETBSD_SOURCE 1
| #define _OPENBSD_SOURCE 1
| #define _POSIX_PTHREAD_SEMANTICS 1
| #define __STDC_WANT_IEC_60559_ATTRIBS_EXT__ 1
| #define __STDC_WANT_IEC_60559_BFP_EXT__ 1
| #define __STDC_WANT_IEC_60559_DFP_EXT__ 1
| #define __STDC_WANT_IEC_60559_FUNCS_EXT__ 1
| #define __STDC_WANT_IEC_60559_TYPES_EXT__ 1
| #define __STDC_WANT_LIB_EXT2__ 1
| #define __STDC_WANT_MATH_SPEC_FUNCS__ 1
| #define _TANDEM_SOURCE 1
| #define __EXTENSIONS__ 1
| #define PY_SUPPORT_TIER 1
| #define STDC_HEADERS 1
| #define HAVE_ALLOCA_H 1
| #define HAVE_ASM_TYPES_H 1
| #define HAVE_DLFCN_H 1
| #define HAVE_ENDIAN_H 1
| #define HAVE_ERRNO_H 1
| #define HAVE_FCNTL_H 1
| #define HAVE_GRP_H 1
| #define HAVE_LANGINFO_H 1
| #define HAVE_LIBINTL_H 1
| #define HAVE_LINUX_AUXVEC_H 1
| #define HAVE_SYS_AUXV_H 1
| #define HAVE_LINUX_FS_H 1
| #define HAVE_LINUX_LIMITS_H 1
| #define HAVE_LINUX_MEMFD_H 1
| #define HAVE_LINUX_RANDOM_H 1
| #define HAVE_LINUX_SOUNDCARD_H 1
| #define HAVE_LINUX_TIPC_H 1
| #define HAVE_LINUX_WAIT_H 1
| #define HAVE_NETDB_H 1
| #define HAVE_NET_ETHERNET_H 1
| #define HAVE_NETINET_IN_H 1
| #define HAVE_NETPACKET_PACKET_H 1
| #define HAVE_POLL_H 1
| #define HAVE_PTHREAD_H 1
| #define HAVE_PTY_H 1
| #define HAVE_SCHED_H 1
| #define HAVE_SETJMP_H 1
| #define HAVE_SHADOW_H 1
| #define HAVE_SIGNAL_H 1
| #define HAVE_SPAWN_H 1
| #define HAVE_SYS_EPOLL_H 1
| #define HAVE_SYS_EVENTFD_H 1
| #define HAVE_SYS_FILE_H 1
| #define HAVE_SYS_IOCTL_H 1
| #define HAVE_SYS_MMAN_H 1
| #define HAVE_SYS_PARAM_H 1
| #define HAVE_SYS_PIDFD_H 1
| #define HAVE_SYS_POLL_H 1
| #define HAVE_SYS_RANDOM_H 1
| #define HAVE_SYS_RESOURCE_H 1
| #define HAVE_SYS_SELECT_H 1
| #define HAVE_SYS_SENDFILE_H 1
| #define HAVE_SYS_SOCKET_H 1
| #define HAVE_SYS_SOUNDCARD_H 1
| #define HAVE_SYS_STAT_H 1
| #define HAVE_SYS_STATVFS_H 1
| #define HAVE_SYS_SYSCALL_H 1
| #define HAVE_SYS_SYSMACROS_H 1
| #define HAVE_SYS_TIME_H 1
| #define HAVE_SYS_TIMES_H 1
| #define HAVE_SYS_TIMERFD_H 1
| #define HAVE_SYS_TYPES_H 1
| #define HAVE_SYS_UIO_H 1
| #define HAVE_SYS_UN_H 1
| #define HAVE_SYS_UTSNAME_H 1
| #define HAVE_SYS_WAIT_H 1
| #define HAVE_SYS_XATTR_H 1
| #define HAVE_SYSEXITS_H 1
| #define HAVE_SYSLOG_H 1
| #define HAVE_TERMIOS_H 1
| #define HAVE_UTIME_H 1
| #define HAVE_UTMP_H 1
| #define HAVE_DIRENT_H 1
| #define MAJOR_IN_SYSMACROS 1
| #define HAVE_NET_IF_H 1
| #define HAVE_LINUX_NETLINK_H 1
| #define HAVE_LINUX_QRTR_H 1
| #define HAVE_LINUX_VM_SOCKETS_H 1
| #define HAVE_LINUX_CAN_H 1
| #define HAVE_LINUX_CAN_BCM_H 1
| #define HAVE_LINUX_CAN_J1939_H 1
| #define HAVE_LINUX_CAN_RAW_H 1
| #define HAVE_CLOCK_T 1
| #define HAVE_MAKEDEV 1
| #define HAVE_HTOLE64 1
| #define _LARGEFILE_SOURCE 1
| #define _FILE_OFFSET_BITS 64
| #if defined(SCO_DS)
| #undef _OFF_T
| #endif
| #define RETSIGTYPE void
| #define HAVE_SSIZE_T 1
| #define HAVE___UINT128_T 1
| #define HAVE_GCC_UINT128_T 1
| #define SIZEOF_INT 4
| #define SIZEOF_LONG 8
| #define ALIGNOF_LONG 8
| #define SIZEOF_LONG_LONG 8
| #define SIZEOF_VOID_P 8
| #define SIZEOF_SHORT 2
| #define SIZEOF_FLOAT 4
| #define SIZEOF_DOUBLE 8
| #define SIZEOF_FPOS_T 16
| #define SIZEOF_SIZE_T 8
| #define ALIGNOF_SIZE_T 8
| #define SIZEOF_PID_T 4
| #define SIZEOF_UINTPTR_T 8
| #define ALIGNOF_MAX_ALIGN_T 16
| #define HAVE_LONG_DOUBLE 1
| #define SIZEOF_LONG_DOUBLE 16
| #define SIZEOF__BOOL 1
| #define SIZEOF_OFF_T 8
| #define SIZEOF_TIME_T 8
| #define SIZEOF_PTHREAD_T 8
| #define SIZEOF_PTHREAD_KEY_T 4
| #define PTHREAD_KEY_T_IS_COMPATIBLE_WITH_INT 1
| #define PY_HAVE_PERF_TRAMPOLINE 1
| #define HAVE_LIBDL 1
| #define HAVE_FFI_PREP_CIF_VAR 1
| #define HAVE_FFI_PREP_CLOSURE_LOC 1
| #define HAVE_FFI_CLOSURE_ALLOC 1
| #define WITH_DECIMAL_CONTEXTVAR 1
| #define HAVE_LIBSQLITE3 1
| #define HAVE_LIBSQLITE3 1
| #define HAVE_LIBSQLITE3 1
| #define HAVE_LIBSQLITE3 1
| #define HAVE_LIBSQLITE3 1
| #define HAVE_LIBSQLITE3 1
| #define HAVE_LIBSQLITE3 1
| #define HAVE_LIBSQLITE3 1
| #define HAVE_LIBSQLITE3 1
| #define PY_SQLITE_HAVE_SERIALIZE 1
| #define _REENTRANT 1
| #define PTHREAD_SYSTEM_SCHED_SUPPORTED 1
| #define HAVE_PTHREAD_SIGMASK 1
| #define HAVE_PTHREAD_GETCPUCLOCKID 1
| #define ENABLE_IPV6 1
| #define HAVE_LINUX_CAN_RAW_FD_FRAMES 1
| #define HAVE_LINUX_CAN_RAW_JOIN_FILTERS 1
| #define WITH_DOC_STRINGS 1
| #define HAVE_STD_ATOMIC 1
| #define HAVE_BUILTIN_ATOMIC 1
| #define WITH_MIMALLOC 1
| #define WITH_PYMALLOC 1
| #define WITH_FREELISTS 1
| #define PY_COERCE_C_LOCALE 1
| #define HAVE_DLOPEN 1
| #define HAVE_DYNAMIC_LOADING 1
| #define HAVE_ACCEPT4 1
| #define HAVE_ALARM 1
| #define HAVE_BIND_TEXTDOMAIN_CODESET 1
| #define HAVE_CHMOD 1
| #define HAVE_CHOWN 1
| #define HAVE_CLOCK 1
| #define HAVE_CLOSEFROM 1
| #define HAVE_CLOSE_RANGE 1
| #define HAVE_CONFSTR 1
| #define HAVE_COPY_FILE_RANGE 1
| #define HAVE_CTERMID 1
| #define HAVE_DUP 1
| #define HAVE_DUP3 1
| #define HAVE_EXECV 1
| #define HAVE_EXPLICIT_BZERO 1
| #define HAVE_FACCESSAT 1
| #define HAVE_FCHMOD 1
| #define HAVE_FCHMODAT 1
| #define HAVE_FCHOWN 1
| #define HAVE_FCHOWNAT 1
| #define HAVE_FDOPENDIR 1
| #define HAVE_FEXECVE 1
| #define HAVE_FORK 1
| #define HAVE_FPATHCONF 1
| #define HAVE_FSTATAT 1
| #define HAVE_FTIME 1
| #define HAVE_FTRUNCATE 1
| #define HAVE_FUTIMENS 1
| #define HAVE_FUTIMES 1
| #define HAVE_FUTIMESAT 1
| #define HAVE_GAI_STRERROR 1
| #define HAVE_GETEGID 1
| #define HAVE_GETEUID 1
| #define HAVE_GETGID 1
| #define HAVE_GETGRENT 1
| #define HAVE_GETGRGID 1
| #define HAVE_GETGRGID_R 1
| #define HAVE_GETGRNAM_R 1
| #define HAVE_GETGROUPLIST 1
| #define HAVE_GETHOSTNAME 1
| #define HAVE_GETITIMER 1
| #define HAVE_GETLOADAVG 1
| #define HAVE_GETLOGIN 1
| #define HAVE_GETLOGIN_R 1
| #define HAVE_GETPEERNAME 1
| #define HAVE_GETPGID 1
| #define HAVE_GETPID 1
| #define HAVE_GETPPID 1
| #define HAVE_GETPRIORITY 1
| #define HAVE_GETPWENT 1
| #define HAVE_GETPWNAM_R 1
| #define HAVE_GETPWUID 1
| #define HAVE_GETPWUID_R 1
| #define HAVE_GETRESGID 1
| #define HAVE_GETRESUID 1
| #define HAVE_GETRUSAGE 1
| #define HAVE_GETSID 1
| #define HAVE_GETSPENT 1
| #define HAVE_GETSPNAM 1
| #define HAVE_GETUID 1
| #define HAVE_GETWD 1
| #define HAVE_GRANTPT 1
| #define HAVE_IF_NAMEINDEX 1
| #define HAVE_INITGROUPS 1
| #define HAVE_KILL 1
| #define HAVE_KILLPG 1
| #define HAVE_LCHOWN 1
| #define HAVE_LINKAT 1
| #define HAVE_LOCKF 1
| #define HAVE_LSTAT 1
| #define HAVE_LUTIMES 1
| #define HAVE_MADVISE 1
| #define HAVE_MBRTOWC 1
| #define HAVE_MEMRCHR 1
| #define HAVE_MKDIRAT 1
| #define HAVE_MKFIFO 1
| #define HAVE_MKFIFOAT 1
| #define HAVE_MKNOD 1
| #define HAVE_MKNODAT 1
| #define HAVE_MKTIME 1
| #define HAVE_MMAP 1
| #define HAVE_MREMAP 1
| #define HAVE_NICE 1
| #define HAVE_OPENAT 1
| #define HAVE_OPENDIR 1
| #define HAVE_PATHCONF 1
| #define HAVE_PAUSE 1
| #define HAVE_PIPE 1
| #define HAVE_PIPE2 1
| #define HAVE_POLL 1
| #define HAVE_POSIX_FADVISE 1
| #define HAVE_POSIX_FALLOCATE 1
| #define HAVE_POSIX_OPENPT 1
| #define HAVE_POSIX_SPAWN 1
| #define HAVE_POSIX_SPAWNP 1
| #define HAVE_POSIX_SPAWN_FILE_ACTIONS_ADDCLOSEFROM_NP 1
| #define HAVE_PREAD 1
| #define HAVE_PREADV 1
| #define HAVE_PREADV2 1
| #define HAVE_PROCESS_VM_READV 1
| #define HAVE_PTHREAD_CONDATTR_SETCLOCK 1
| #define HAVE_PTHREAD_KILL 1
| #define HAVE_PTSNAME 1
| #define HAVE_PTSNAME_R 1
| #define HAVE_PWRITE 1
| #define HAVE_PWRITEV 1
| #define HAVE_PWRITEV2 1
| #define HAVE_READLINK 1
| #define HAVE_READLINKAT 1
| #define HAVE_READV 1
| #define HAVE_REALPATH 1
| #define HAVE_RENAMEAT 1
| #define HAVE_SCHED_GET_PRIORITY_MAX 1
| #define HAVE_SCHED_RR_GET_INTERVAL 1
| #define HAVE_SCHED_SETAFFINITY 1
| #define HAVE_SCHED_SETPARAM 1
| #define HAVE_SCHED_SETSCHEDULER 1
| #define HAVE_SEM_CLOCKWAIT 1
| #define HAVE_SEM_GETVALUE 1
| #define HAVE_SEM_OPEN 1
| #define HAVE_SEM_TIMEDWAIT 1
| #define HAVE_SEM_UNLINK 1
| #define HAVE_SENDFILE 1
| #define HAVE_SETEGID 1
| #define HAVE_SETEUID 1
| #define HAVE_SETGID 1
| #define HAVE_SETHOSTNAME 1
| #define HAVE_SETITIMER 1
| #define HAVE_SETLOCALE 1
| #define HAVE_SETPGID 1
| #define HAVE_SETPGRP 1
| #define HAVE_SETPRIORITY 1
| #define HAVE_SETREGID 1
| #define HAVE_SETRESGID 1
| #define HAVE_SETRESUID 1
| #define HAVE_SETREUID 1
| #define HAVE_SETSID 1
| #define HAVE_SETUID 1
| #define HAVE_SETVBUF 1
| #define HAVE_SHUTDOWN 1
| #define HAVE_SIGACTION 1
| #define HAVE_SIGALTSTACK 1
| #define HAVE_SIGFILLSET 1
| #define HAVE_SIGINTERRUPT 1
| #define HAVE_SIGPENDING 1
| #define HAVE_SIGRELSE 1
| #define HAVE_SIGTIMEDWAIT 1
| #define HAVE_SIGWAIT 1
| #define HAVE_SIGWAITINFO 1
| #define HAVE_SNPRINTF 1
| #define HAVE_SPLICE 1
| #define HAVE_STRFTIME 1
| #define HAVE_STRSIGNAL 1
| #define HAVE_SYMLINKAT 1
| #define HAVE_SYNC 1
| #define HAVE_SYSCONF 1
| #define HAVE_TCGETPGRP 1
| #define HAVE_TCSETPGRP 1
| #define HAVE_TEMPNAM 1
| #define HAVE_TIMEGM 1
| #define HAVE_TIMES 1
| #define HAVE_TMPFILE 1
| #define HAVE_TMPNAM 1
| #define HAVE_TMPNAM_R 1
| #define HAVE_TRUNCATE 1
| #define HAVE_TTYNAME_R 1
| #define HAVE_UMASK 1
| #define HAVE_UNAME 1
| #define HAVE_UNLINKAT 1
| #define HAVE_UNLOCKPT 1
| #define HAVE_UTIMENSAT 1
| #define HAVE_UTIMES 1
| #define HAVE_VFORK 1
| #define HAVE_WAIT 1
| #define HAVE_WAIT3 1
| #define HAVE_WAIT4 1
| #define HAVE_WAITID 1
| #define HAVE_WAITPID 1
| #define HAVE_WCSCOLL 1
| #define HAVE_WCSFTIME 1
| #define HAVE_WCSXFRM 1
| #define HAVE_WMEMCMP 1
| #define HAVE_WRITEV 1
| #define HAVE_GETENTROPY 1
| #define HAVE_GETGROUPS 1
| #define HAVE_SYSTEM 1
| #define HAVE_DIRFD 1
| #define HAVE_CHROOT 1
| #define HAVE_LINK 1
| #define HAVE_SYMLINK 1
| #define HAVE_FCHDIR 1
| #define HAVE_FSYNC 1
| #define HAVE_FDATASYNC 1
| #define HAVE_EPOLL 1
| #define HAVE_EPOLL_CREATE1 1
| #define HAVE_PRLIMIT 1
| #define HAVE_MEMFD_CREATE 1
| #define HAVE_EVENTFD 1
| #define HAVE_TIMERFD_CREATE 1
| /* end confdefs.h.  */
| #include <stdio.h>
| int
| main (void)
| {
| void *x=ctermid_r
|   ;
|   return 0;
| }
configure:20014: result: no
configure:20026: checking for flock declaration
configure:20044: gcc -c   conftest.c >&5
configure:20044: $? = 0
configure:20054: result: yes
configure:20061: checking for flock
configure:20061: gcc -o conftest    conftest.c -ldl  >&5
configure:20061: $? = 0
configure:20061: result: yes
configure:20114: checking for getpagesize
configure:20131: gcc -c   conftest.c >&5
configure:20131: $? = 0
configure:20140: result: yes
configure:20152: checking for broken unsetenv
configure:20169: gcc -c   conftest.c >&5
configure:20169: $? = 0
configure:20179: result: no
configure:20194: checking for true
configure:20215: found /usr/bin/true
configure:20226: result: true
configure:20239: checking for inet_aton in -lc
configure:20262: gcc -o conftest    conftest.c -lc  -ldl  >&5
configure:20262: $? = 0
configure:20272: result: yes
configure:20327: checking for chflags
configure:20350: gcc -o conftest    conftest.c -ldl  >&5
conftest.c: In function 'main':
conftest.c:383:6: warning: implicit declaration of function 'chflags' [-Wimplicit-function-declaration]
  383 |   if(chflags(argv[0], 0) != 0)
      |      ^~~~~~~
/usr/bin/ld: /tmp/cc54Kpst.o: in function `main':
conftest.c:(.text+0x24): warning: chflags is not implemented and will always fail
configure:20350: $? = 0
configure:20350: ./conftest
configure:20350: $? = 1
configure: program exited with status 1
configure: failed program was:
| /* confdefs.h */
| #define _NETBSD_SOURCE 1
| #define __BSD_VISIBLE 1
| #define _DARWIN_C_SOURCE 1
| #define _PYTHONFRAMEWORK ""
| #define _XOPEN_SOURCE 700
| #define _XOPEN_SOURCE_EXTENDED 1
| #define _POSIX_C_SOURCE 200809L
| #define HAVE_STDIO_H 1
| #define HAVE_STDLIB_H 1
| #define HAVE_STRING_H 1
| #define HAVE_INTTYPES_H 1
| #define HAVE_STDINT_H 1
| #define HAVE_STRINGS_H 1
| #define HAVE_SYS_STAT_H 1
| #define HAVE_SYS_TYPES_H 1
| #define HAVE_UNISTD_H 1
| #define HAVE_WCHAR_H 1
| #define STDC_HEADERS 1
| #define _ALL_SOURCE 1
| #define _DARWIN_C_SOURCE 1
| #define _GNU_SOURCE 1
| #define _HPUX_ALT_XOPEN_SOCKET_API 1
| #define _NETBSD_SOURCE 1
| #define _OPENBSD_SOURCE 1
| #define _POSIX_PTHREAD_SEMANTICS 1
| #define __STDC_WANT_IEC_60559_ATTRIBS_EXT__ 1
| #define __STDC_WANT_IEC_60559_BFP_EXT__ 1
| #define __STDC_WANT_IEC_60559_DFP_EXT__ 1
| #define __STDC_WANT_IEC_60559_FUNCS_EXT__ 1
| #define __STDC_WANT_IEC_60559_TYPES_EXT__ 1
| #define __STDC_WANT_LIB_EXT2__ 1
| #define __STDC_WANT_MATH_SPEC_FUNCS__ 1
| #define _TANDEM_SOURCE 1
| #define __EXTENSIONS__ 1
| #define PY_SUPPORT_TIER 1
| #define STDC_HEADERS 1
| #define HAVE_ALLOCA_H 1
| #define HAVE_ASM_TYPES_H 1
| #define HAVE_DLFCN_H 1
| #define HAVE_ENDIAN_H 1
| #define HAVE_ERRNO_H 1
| #define HAVE_FCNTL_H 1
| #define HAVE_GRP_H 1
| #define HAVE_LANGINFO_H 1
| #define HAVE_LIBINTL_H 1
| #define HAVE_LINUX_AUXVEC_H 1
| #define HAVE_SYS_AUXV_H 1
| #define HAVE_LINUX_FS_H 1
| #define HAVE_LINUX_LIMITS_H 1
| #define HAVE_LINUX_MEMFD_H 1
| #define HAVE_LINUX_RANDOM_H 1
| #define HAVE_LINUX_SOUNDCARD_H 1
| #define HAVE_LINUX_TIPC_H 1
| #define HAVE_LINUX_WAIT_H 1
| #define HAVE_NETDB_H 1
| #define HAVE_NET_ETHERNET_H 1
| #define HAVE_NETINET_IN_H 1
| #define HAVE_NETPACKET_PACKET_H 1
| #define HAVE_POLL_H 1
| #define HAVE_PTHREAD_H 1
| #define HAVE_PTY_H 1
| #define HAVE_SCHED_H 1
| #define HAVE_SETJMP_H 1
| #define HAVE_SHADOW_H 1
| #define HAVE_SIGNAL_H 1
| #define HAVE_SPAWN_H 1
| #define HAVE_SYS_EPOLL_H 1
| #define HAVE_SYS_EVENTFD_H 1
| #define HAVE_SYS_FILE_H 1
| #define HAVE_SYS_IOCTL_H 1
| #define HAVE_SYS_MMAN_H 1
| #define HAVE_SYS_PARAM_H 1
| #define HAVE_SYS_PIDFD_H 1
| #define HAVE_SYS_POLL_H 1
| #define HAVE_SYS_RANDOM_H 1
| #define HAVE_SYS_RESOURCE_H 1
| #define HAVE_SYS_SELECT_H 1
| #define HAVE_SYS_SENDFILE_H 1
| #define HAVE_SYS_SOCKET_H 1
| #define HAVE_SYS_SOUNDCARD_H 1
| #define HAVE_SYS_STAT_H 1
| #define HAVE_SYS_STATVFS_H 1
| #define HAVE_SYS_SYSCALL_H 1
| #define HAVE_SYS_SYSMACROS_H 1
| #define HAVE_SYS_TIME_H 1
| #define HAVE_SYS_TIMES_H 1
| #define HAVE_SYS_TIMERFD_H 1
| #define HAVE_SYS_TYPES_H 1
| #define HAVE_SYS_UIO_H 1
| #define HAVE_SYS_UN_H 1
| #define HAVE_SYS_UTSNAME_H 1
| #define HAVE_SYS_WAIT_H 1
| #define HAVE_SYS_XATTR_H 1
| #define HAVE_SYSEXITS_H 1
| #define HAVE_SYSLOG_H 1
| #define HAVE_TERMIOS_H 1
| #define HAVE_UTIME_H 1
| #define HAVE_UTMP_H 1
| #define HAVE_DIRENT_H 1
| #define MAJOR_IN_SYSMACROS 1
| #define HAVE_NET_IF_H 1
| #define HAVE_LINUX_NETLINK_H 1
| #define HAVE_LINUX_QRTR_H 1
| #define HAVE_LINUX_VM_SOCKETS_H 1
| #define HAVE_LINUX_CAN_H 1
| #define HAVE_LINUX_CAN_BCM_H 1
| #define HAVE_LINUX_CAN_J1939_H 1
| #define HAVE_LINUX_CAN_RAW_H 1
| #define HAVE_CLOCK_T 1
| #define HAVE_MAKEDEV 1
| #define HAVE_HTOLE64 1
| #define _LARGEFILE_SOURCE 1
| #define _FILE_OFFSET_BITS 64
| #if defined(SCO_DS)
| #undef _OFF_T
| #endif
| #define RETSIGTYPE void
| #define HAVE_SSIZE_T 1
| #define HAVE___UINT128_T 1
| #define HAVE_GCC_UINT128_T 1
| #define SIZEOF_INT 4
| #define SIZEOF_LONG 8
| #define ALIGNOF_LONG 8
| #define SIZEOF_LONG_LONG 8
| #define SIZEOF_VOID_P 8
| #define SIZEOF_SHORT 2
| #define SIZEOF_FLOAT 4
| #define SIZEOF_DOUBLE 8
| #define SIZEOF_FPOS_T 16
| #define SIZEOF_SIZE_T 8
| #define ALIGNOF_SIZE_T 8
| #define SIZEOF_PID_T 4
| #define SIZEOF_UINTPTR_T 8
| #define ALIGNOF_MAX_ALIGN_T 16
| #define HAVE_LONG_DOUBLE 1
| #define SIZEOF_LONG_DOUBLE 16
| #define SIZEOF__BOOL 1
| #define SIZEOF_OFF_T 8
| #define SIZEOF_TIME_T 8
| #define SIZEOF_PTHREAD_T 8
| #define SIZEOF_PTHREAD_KEY_T 4
| #define PTHREAD_KEY_T_IS_COMPATIBLE_WITH_INT 1
| #define PY_HAVE_PERF_TRAMPOLINE 1
| #define HAVE_LIBDL 1
| #define HAVE_FFI_PREP_CIF_VAR 1
| #define HAVE_FFI_PREP_CLOSURE_LOC 1
| #define HAVE_FFI_CLOSURE_ALLOC 1
| #define WITH_DECIMAL_CONTEXTVAR 1
| #define HAVE_LIBSQLITE3 1
| #define HAVE_LIBSQLITE3 1
| #define HAVE_LIBSQLITE3 1
| #define HAVE_LIBSQLITE3 1
| #define HAVE_LIBSQLITE3 1
| #define HAVE_LIBSQLITE3 1
| #define HAVE_LIBSQLITE3 1
| #define HAVE_LIBSQLITE3 1
| #define HAVE_LIBSQLITE3 1
| #define PY_SQLITE_HAVE_SERIALIZE 1
| #define _REENTRANT 1
| #define PTHREAD_SYSTEM_SCHED_SUPPORTED 1
| #define HAVE_PTHREAD_SIGMASK 1
| #define HAVE_PTHREAD_GETCPUCLOCKID 1
| #define ENABLE_IPV6 1
| #define HAVE_LINUX_CAN_RAW_FD_FRAMES 1
| #define HAVE_LINUX_CAN_RAW_JOIN_FILTERS 1
| #define WITH_DOC_STRINGS 1
| #define HAVE_STD_ATOMIC 1
| #define HAVE_BUILTIN_ATOMIC 1
| #define WITH_MIMALLOC 1
| #define WITH_PYMALLOC 1
| #define WITH_FREELISTS 1
| #define PY_COERCE_C_LOCALE 1
| #define HAVE_DLOPEN 1
| #define HAVE_DYNAMIC_LOADING 1
| #define HAVE_ACCEPT4 1
| #define HAVE_ALARM 1
| #define HAVE_BIND_TEXTDOMAIN_CODESET 1
| #define HAVE_CHMOD 1
| #define HAVE_CHOWN 1
| #define HAVE_CLOCK 1
| #define HAVE_CLOSEFROM 1
| #define HAVE_CLOSE_RANGE 1
| #define HAVE_CONFSTR 1
| #define HAVE_COPY_FILE_RANGE 1
| #define HAVE_CTERMID 1
| #define HAVE_DUP 1
| #define HAVE_DUP3 1
| #define HAVE_EXECV 1
| #define HAVE_EXPLICIT_BZERO 1
| #define HAVE_FACCESSAT 1
| #define HAVE_FCHMOD 1
| #define HAVE_FCHMODAT 1
| #define HAVE_FCHOWN 1
| #define HAVE_FCHOWNAT 1
| #define HAVE_FDOPENDIR 1
| #define HAVE_FEXECVE 1
| #define HAVE_FORK 1
| #define HAVE_FPATHCONF 1
| #define HAVE_FSTATAT 1
| #define HAVE_FTIME 1
| #define HAVE_FTRUNCATE 1
| #define HAVE_FUTIMENS 1
| #define HAVE_FUTIMES 1
| #define HAVE_FUTIMESAT 1
| #define HAVE_GAI_STRERROR 1
| #define HAVE_GETEGID 1
| #define HAVE_GETEUID 1
| #define HAVE_GETGID 1
| #define HAVE_GETGRENT 1
| #define HAVE_GETGRGID 1
| #define HAVE_GETGRGID_R 1
| #define HAVE_GETGRNAM_R 1
| #define HAVE_GETGROUPLIST 1
| #define HAVE_GETHOSTNAME 1
| #define HAVE_GETITIMER 1
| #define HAVE_GETLOADAVG 1
| #define HAVE_GETLOGIN 1
| #define HAVE_GETLOGIN_R 1
| #define HAVE_GETPEERNAME 1
| #define HAVE_GETPGID 1
| #define HAVE_GETPID 1
| #define HAVE_GETPPID 1
| #define HAVE_GETPRIORITY 1
| #define HAVE_GETPWENT 1
| #define HAVE_GETPWNAM_R 1
| #define HAVE_GETPWUID 1
| #define HAVE_GETPWUID_R 1
| #define HAVE_GETRESGID 1
| #define HAVE_GETRESUID 1
| #define HAVE_GETRUSAGE 1
| #define HAVE_GETSID 1
| #define HAVE_GETSPENT 1
| #define HAVE_GETSPNAM 1
| #define HAVE_GETUID 1
| #define HAVE_GETWD 1
| #define HAVE_GRANTPT 1
| #define HAVE_IF_NAMEINDEX 1
| #define HAVE_INITGROUPS 1
| #define HAVE_KILL 1
| #define HAVE_KILLPG 1
| #define HAVE_LCHOWN 1
| #define HAVE_LINKAT 1
| #define HAVE_LOCKF 1
| #define HAVE_LSTAT 1
| #define HAVE_LUTIMES 1
| #define HAVE_MADVISE 1
| #define HAVE_MBRTOWC 1
| #define HAVE_MEMRCHR 1
| #define HAVE_MKDIRAT 1
| #define HAVE_MKFIFO 1
| #define HAVE_MKFIFOAT 1
| #define HAVE_MKNOD 1
| #define HAVE_MKNODAT 1
| #define HAVE_MKTIME 1
| #define HAVE_MMAP 1
| #define HAVE_MREMAP 1
| #define HAVE_NICE 1
| #define HAVE_OPENAT 1
| #define HAVE_OPENDIR 1
| #define HAVE_PATHCONF 1
| #define HAVE_PAUSE 1
| #define HAVE_PIPE 1
| #define HAVE_PIPE2 1
| #define HAVE_POLL 1
| #define HAVE_POSIX_FADVISE 1
| #define HAVE_POSIX_FALLOCATE 1
| #define HAVE_POSIX_OPENPT 1
| #define HAVE_POSIX_SPAWN 1
| #define HAVE_POSIX_SPAWNP 1
| #define HAVE_POSIX_SPAWN_FILE_ACTIONS_ADDCLOSEFROM_NP 1
| #define HAVE_PREAD 1
| #define HAVE_PREADV 1
| #define HAVE_PREADV2 1
| #define HAVE_PROCESS_VM_READV 1
| #define HAVE_PTHREAD_CONDATTR_SETCLOCK 1
| #define HAVE_PTHREAD_KILL 1
| #define HAVE_PTSNAME 1
| #define HAVE_PTSNAME_R 1
| #define HAVE_PWRITE 1
| #define HAVE_PWRITEV 1
| #define HAVE_PWRITEV2 1
| #define HAVE_READLINK 1
| #define HAVE_READLINKAT 1
| #define HAVE_READV 1
| #define HAVE_REALPATH 1
| #define HAVE_RENAMEAT 1
| #define HAVE_SCHED_GET_PRIORITY_MAX 1
| #define HAVE_SCHED_RR_GET_INTERVAL 1
| #define HAVE_SCHED_SETAFFINITY 1
| #define HAVE_SCHED_SETPARAM 1
| #define HAVE_SCHED_SETSCHEDULER 1
| #define HAVE_SEM_CLOCKWAIT 1
| #define HAVE_SEM_GETVALUE 1
| #define HAVE_SEM_OPEN 1
| #define HAVE_SEM_TIMEDWAIT 1
| #define HAVE_SEM_UNLINK 1
| #define HAVE_SENDFILE 1
| #define HAVE_SETEGID 1
| #define HAVE_SETEUID 1
| #define HAVE_SETGID 1
| #define HAVE_SETHOSTNAME 1
| #define HAVE_SETITIMER 1
| #define HAVE_SETLOCALE 1
| #define HAVE_SETPGID 1
| #define HAVE_SETPGRP 1
| #define HAVE_SETPRIORITY 1
| #define HAVE_SETREGID 1
| #define HAVE_SETRESGID 1
| #define HAVE_SETRESUID 1
| #define HAVE_SETREUID 1
| #define HAVE_SETSID 1
| #define HAVE_SETUID 1
| #define HAVE_SETVBUF 1
| #define HAVE_SHUTDOWN 1
| #define HAVE_SIGACTION 1
| #define HAVE_SIGALTSTACK 1
| #define HAVE_SIGFILLSET 1
| #define HAVE_SIGINTERRUPT 1
| #define HAVE_SIGPENDING 1
| #define HAVE_SIGRELSE 1
| #define HAVE_SIGTIMEDWAIT 1
| #define HAVE_SIGWAIT 1
| #define HAVE_SIGWAITINFO 1
| #define HAVE_SNPRINTF 1
| #define HAVE_SPLICE 1
| #define HAVE_STRFTIME 1
| #define HAVE_STRSIGNAL 1
| #define HAVE_SYMLINKAT 1
| #define HAVE_SYNC 1
| #define HAVE_SYSCONF 1
| #define HAVE_TCGETPGRP 1
| #define HAVE_TCSETPGRP 1
| #define HAVE_TEMPNAM 1
| #define HAVE_TIMEGM 1
| #define HAVE_TIMES 1
| #define HAVE_TMPFILE 1
| #define HAVE_TMPNAM 1
| #define HAVE_TMPNAM_R 1
| #define HAVE_TRUNCATE 1
| #define HAVE_TTYNAME_R 1
| #define HAVE_UMASK 1
| #define HAVE_UNAME 1
| #define HAVE_UNLINKAT 1
| #define HAVE_UNLOCKPT 1
| #define HAVE_UTIMENSAT 1
| #define HAVE_UTIMES 1
| #define HAVE_VFORK 1
| #define HAVE_WAIT 1
| #define HAVE_WAIT3 1
| #define HAVE_WAIT4 1
| #define HAVE_WAITID 1
| #define HAVE_WAITPID 1
| #define HAVE_WCSCOLL 1
| #define HAVE_WCSFTIME 1
| #define HAVE_WCSXFRM 1
| #define HAVE_WMEMCMP 1
| #define HAVE_WRITEV 1
| #define HAVE_GETENTROPY 1
| #define HAVE_GETGROUPS 1
| #define HAVE_SYSTEM 1
| #define HAVE_DIRFD 1
| #define HAVE_CHROOT 1
| #define HAVE_LINK 1
| #define HAVE_SYMLINK 1
| #define HAVE_FCHDIR 1
| #define HAVE_FSYNC 1
| #define HAVE_FDATASYNC 1
| #define HAVE_EPOLL 1
| #define HAVE_EPOLL_CREATE1 1
| #define HAVE_PRLIMIT 1
| #define HAVE_MEMFD_CREATE 1
| #define HAVE_EVENTFD 1
| #define HAVE_TIMERFD_CREATE 1
| #define HAVE_FLOCK 1
| #define HAVE_GETPAGESIZE 1
| /* end confdefs.h.  */
| 
| #include <sys/stat.h>
| #include <unistd.h>
| int main(int argc, char *argv[])
| {
|   if(chflags(argv[0], 0) != 0)
|     return 1;
|   return 0;
| }
| 
configure:20362: result: no
configure:20380: checking for lchflags
configure:20403: gcc -o conftest    conftest.c -ldl  >&5
conftest.c: In function 'main':
conftest.c:383:6: warning: implicit declaration of function 'lchflags' [-Wimplicit-function-declaration]
  383 |   if(lchflags(argv[0], 0) != 0)
      |      ^~~~~~~~
/usr/bin/ld: /tmp/ccuaSCXp.o: in function `main':
conftest.c:(.text+0x24): undefined reference to `lchflags'
collect2: error: ld returned 1 exit status
configure:20403: $? = 1
configure: program exited with status 1
configure: failed program was:
| /* confdefs.h */
| #define _NETBSD_SOURCE 1
| #define __BSD_VISIBLE 1
| #define _DARWIN_C_SOURCE 1
| #define _PYTHONFRAMEWORK ""
| #define _XOPEN_SOURCE 700
| #define _XOPEN_SOURCE_EXTENDED 1
| #define _POSIX_C_SOURCE 200809L
| #define HAVE_STDIO_H 1
| #define HAVE_STDLIB_H 1
| #define HAVE_STRING_H 1
| #define HAVE_INTTYPES_H 1
| #define HAVE_STDINT_H 1
| #define HAVE_STRINGS_H 1
| #define HAVE_SYS_STAT_H 1
| #define HAVE_SYS_TYPES_H 1
| #define HAVE_UNISTD_H 1
| #define HAVE_WCHAR_H 1
| #define STDC_HEADERS 1
| #define _ALL_SOURCE 1
| #define _DARWIN_C_SOURCE 1
| #define _GNU_SOURCE 1
| #define _HPUX_ALT_XOPEN_SOCKET_API 1
| #define _NETBSD_SOURCE 1
| #define _OPENBSD_SOURCE 1
| #define _POSIX_PTHREAD_SEMANTICS 1
| #define __STDC_WANT_IEC_60559_ATTRIBS_EXT__ 1
| #define __STDC_WANT_IEC_60559_BFP_EXT__ 1
| #define __STDC_WANT_IEC_60559_DFP_EXT__ 1
| #define __STDC_WANT_IEC_60559_FUNCS_EXT__ 1
| #define __STDC_WANT_IEC_60559_TYPES_EXT__ 1
| #define __STDC_WANT_LIB_EXT2__ 1
| #define __STDC_WANT_MATH_SPEC_FUNCS__ 1
| #define _TANDEM_SOURCE 1
| #define __EXTENSIONS__ 1
| #define PY_SUPPORT_TIER 1
| #define STDC_HEADERS 1
| #define HAVE_ALLOCA_H 1
| #define HAVE_ASM_TYPES_H 1
| #define HAVE_DLFCN_H 1
| #define HAVE_ENDIAN_H 1
| #define HAVE_ERRNO_H 1
| #define HAVE_FCNTL_H 1
| #define HAVE_GRP_H 1
| #define HAVE_LANGINFO_H 1
| #define HAVE_LIBINTL_H 1
| #define HAVE_LINUX_AUXVEC_H 1
| #define HAVE_SYS_AUXV_H 1
| #define HAVE_LINUX_FS_H 1
| #define HAVE_LINUX_LIMITS_H 1
| #define HAVE_LINUX_MEMFD_H 1
| #define HAVE_LINUX_RANDOM_H 1
| #define HAVE_LINUX_SOUNDCARD_H 1
| #define HAVE_LINUX_TIPC_H 1
| #define HAVE_LINUX_WAIT_H 1
| #define HAVE_NETDB_H 1
| #define HAVE_NET_ETHERNET_H 1
| #define HAVE_NETINET_IN_H 1
| #define HAVE_NETPACKET_PACKET_H 1
| #define HAVE_POLL_H 1
| #define HAVE_PTHREAD_H 1
| #define HAVE_PTY_H 1
| #define HAVE_SCHED_H 1
| #define HAVE_SETJMP_H 1
| #define HAVE_SHADOW_H 1
| #define HAVE_SIGNAL_H 1
| #define HAVE_SPAWN_H 1
| #define HAVE_SYS_EPOLL_H 1
| #define HAVE_SYS_EVENTFD_H 1
| #define HAVE_SYS_FILE_H 1
| #define HAVE_SYS_IOCTL_H 1
| #define HAVE_SYS_MMAN_H 1
| #define HAVE_SYS_PARAM_H 1
| #define HAVE_SYS_PIDFD_H 1
| #define HAVE_SYS_POLL_H 1
| #define HAVE_SYS_RANDOM_H 1
| #define HAVE_SYS_RESOURCE_H 1
| #define HAVE_SYS_SELECT_H 1
| #define HAVE_SYS_SENDFILE_H 1
| #define HAVE_SYS_SOCKET_H 1
| #define HAVE_SYS_SOUNDCARD_H 1
| #define HAVE_SYS_STAT_H 1
| #define HAVE_SYS_STATVFS_H 1
| #define HAVE_SYS_SYSCALL_H 1
| #define HAVE_SYS_SYSMACROS_H 1
| #define HAVE_SYS_TIME_H 1
| #define HAVE_SYS_TIMES_H 1
| #define HAVE_SYS_TIMERFD_H 1
| #define HAVE_SYS_TYPES_H 1
| #define HAVE_SYS_UIO_H 1
| #define HAVE_SYS_UN_H 1
| #define HAVE_SYS_UTSNAME_H 1
| #define HAVE_SYS_WAIT_H 1
| #define HAVE_SYS_XATTR_H 1
| #define HAVE_SYSEXITS_H 1
| #define HAVE_SYSLOG_H 1
| #define HAVE_TERMIOS_H 1
| #define HAVE_UTIME_H 1
| #define HAVE_UTMP_H 1
| #define HAVE_DIRENT_H 1
| #define MAJOR_IN_SYSMACROS 1
| #define HAVE_NET_IF_H 1
| #define HAVE_LINUX_NETLINK_H 1
| #define HAVE_LINUX_QRTR_H 1
| #define HAVE_LINUX_VM_SOCKETS_H 1
| #define HAVE_LINUX_CAN_H 1
| #define HAVE_LINUX_CAN_BCM_H 1
| #define HAVE_LINUX_CAN_J1939_H 1
| #define HAVE_LINUX_CAN_RAW_H 1
| #define HAVE_CLOCK_T 1
| #define HAVE_MAKEDEV 1
| #define HAVE_HTOLE64 1
| #define _LARGEFILE_SOURCE 1
| #define _FILE_OFFSET_BITS 64
| #if defined(SCO_DS)
| #undef _OFF_T
| #endif
| #define RETSIGTYPE void
| #define HAVE_SSIZE_T 1
| #define HAVE___UINT128_T 1
| #define HAVE_GCC_UINT128_T 1
| #define SIZEOF_INT 4
| #define SIZEOF_LONG 8
| #define ALIGNOF_LONG 8
| #define SIZEOF_LONG_LONG 8
| #define SIZEOF_VOID_P 8
| #define SIZEOF_SHORT 2
| #define SIZEOF_FLOAT 4
| #define SIZEOF_DOUBLE 8
| #define SIZEOF_FPOS_T 16
| #define SIZEOF_SIZE_T 8
| #define ALIGNOF_SIZE_T 8
| #define SIZEOF_PID_T 4
| #define SIZEOF_UINTPTR_T 8
| #define ALIGNOF_MAX_ALIGN_T 16
| #define HAVE_LONG_DOUBLE 1
| #define SIZEOF_LONG_DOUBLE 16
| #define SIZEOF__BOOL 1
| #define SIZEOF_OFF_T 8
| #define SIZEOF_TIME_T 8
| #define SIZEOF_PTHREAD_T 8
| #define SIZEOF_PTHREAD_KEY_T 4
| #define PTHREAD_KEY_T_IS_COMPATIBLE_WITH_INT 1
| #define PY_HAVE_PERF_TRAMPOLINE 1
| #define HAVE_LIBDL 1
| #define HAVE_FFI_PREP_CIF_VAR 1
| #define HAVE_FFI_PREP_CLOSURE_LOC 1
| #define HAVE_FFI_CLOSURE_ALLOC 1
| #define WITH_DECIMAL_CONTEXTVAR 1
| #define HAVE_LIBSQLITE3 1
| #define HAVE_LIBSQLITE3 1
| #define HAVE_LIBSQLITE3 1
| #define HAVE_LIBSQLITE3 1
| #define HAVE_LIBSQLITE3 1
| #define HAVE_LIBSQLITE3 1
| #define HAVE_LIBSQLITE3 1
| #define HAVE_LIBSQLITE3 1
| #define HAVE_LIBSQLITE3 1
| #define PY_SQLITE_HAVE_SERIALIZE 1
| #define _REENTRANT 1
| #define PTHREAD_SYSTEM_SCHED_SUPPORTED 1
| #define HAVE_PTHREAD_SIGMASK 1
| #define HAVE_PTHREAD_GETCPUCLOCKID 1
| #define ENABLE_IPV6 1
| #define HAVE_LINUX_CAN_RAW_FD_FRAMES 1
| #define HAVE_LINUX_CAN_RAW_JOIN_FILTERS 1
| #define WITH_DOC_STRINGS 1
| #define HAVE_STD_ATOMIC 1
| #define HAVE_BUILTIN_ATOMIC 1
| #define WITH_MIMALLOC 1
| #define WITH_PYMALLOC 1
| #define WITH_FREELISTS 1
| #define PY_COERCE_C_LOCALE 1
| #define HAVE_DLOPEN 1
| #define HAVE_DYNAMIC_LOADING 1
| #define HAVE_ACCEPT4 1
| #define HAVE_ALARM 1
| #define HAVE_BIND_TEXTDOMAIN_CODESET 1
| #define HAVE_CHMOD 1
| #define HAVE_CHOWN 1
| #define HAVE_CLOCK 1
| #define HAVE_CLOSEFROM 1
| #define HAVE_CLOSE_RANGE 1
| #define HAVE_CONFSTR 1
| #define HAVE_COPY_FILE_RANGE 1
| #define HAVE_CTERMID 1
| #define HAVE_DUP 1
| #define HAVE_DUP3 1
| #define HAVE_EXECV 1
| #define HAVE_EXPLICIT_BZERO 1
| #define HAVE_FACCESSAT 1
| #define HAVE_FCHMOD 1
| #define HAVE_FCHMODAT 1
| #define HAVE_FCHOWN 1
| #define HAVE_FCHOWNAT 1
| #define HAVE_FDOPENDIR 1
| #define HAVE_FEXECVE 1
| #define HAVE_FORK 1
| #define HAVE_FPATHCONF 1
| #define HAVE_FSTATAT 1
| #define HAVE_FTIME 1
| #define HAVE_FTRUNCATE 1
| #define HAVE_FUTIMENS 1
| #define HAVE_FUTIMES 1
| #define HAVE_FUTIMESAT 1
| #define HAVE_GAI_STRERROR 1
| #define HAVE_GETEGID 1
| #define HAVE_GETEUID 1
| #define HAVE_GETGID 1
| #define HAVE_GETGRENT 1
| #define HAVE_GETGRGID 1
| #define HAVE_GETGRGID_R 1
| #define HAVE_GETGRNAM_R 1
| #define HAVE_GETGROUPLIST 1
| #define HAVE_GETHOSTNAME 1
| #define HAVE_GETITIMER 1
| #define HAVE_GETLOADAVG 1
| #define HAVE_GETLOGIN 1
| #define HAVE_GETLOGIN_R 1
| #define HAVE_GETPEERNAME 1
| #define HAVE_GETPGID 1
| #define HAVE_GETPID 1
| #define HAVE_GETPPID 1
| #define HAVE_GETPRIORITY 1
| #define HAVE_GETPWENT 1
| #define HAVE_GETPWNAM_R 1
| #define HAVE_GETPWUID 1
| #define HAVE_GETPWUID_R 1
| #define HAVE_GETRESGID 1
| #define HAVE_GETRESUID 1
| #define HAVE_GETRUSAGE 1
| #define HAVE_GETSID 1
| #define HAVE_GETSPENT 1
| #define HAVE_GETSPNAM 1
| #define HAVE_GETUID 1
| #define HAVE_GETWD 1
| #define HAVE_GRANTPT 1
| #define HAVE_IF_NAMEINDEX 1
| #define HAVE_INITGROUPS 1
| #define HAVE_KILL 1
| #define HAVE_KILLPG 1
| #define HAVE_LCHOWN 1
| #define HAVE_LINKAT 1
| #define HAVE_LOCKF 1
| #define HAVE_LSTAT 1
| #define HAVE_LUTIMES 1
| #define HAVE_MADVISE 1
| #define HAVE_MBRTOWC 1
| #define HAVE_MEMRCHR 1
| #define HAVE_MKDIRAT 1
| #define HAVE_MKFIFO 1
| #define HAVE_MKFIFOAT 1
| #define HAVE_MKNOD 1
| #define HAVE_MKNODAT 1
| #define HAVE_MKTIME 1
| #define HAVE_MMAP 1
| #define HAVE_MREMAP 1
| #define HAVE_NICE 1
| #define HAVE_OPENAT 1
| #define HAVE_OPENDIR 1
| #define HAVE_PATHCONF 1
| #define HAVE_PAUSE 1
| #define HAVE_PIPE 1
| #define HAVE_PIPE2 1
| #define HAVE_POLL 1
| #define HAVE_POSIX_FADVISE 1
| #define HAVE_POSIX_FALLOCATE 1
| #define HAVE_POSIX_OPENPT 1
| #define HAVE_POSIX_SPAWN 1
| #define HAVE_POSIX_SPAWNP 1
| #define HAVE_POSIX_SPAWN_FILE_ACTIONS_ADDCLOSEFROM_NP 1
| #define HAVE_PREAD 1
| #define HAVE_PREADV 1
| #define HAVE_PREADV2 1
| #define HAVE_PROCESS_VM_READV 1
| #define HAVE_PTHREAD_CONDATTR_SETCLOCK 1
| #define HAVE_PTHREAD_KILL 1
| #define HAVE_PTSNAME 1
| #define HAVE_PTSNAME_R 1
| #define HAVE_PWRITE 1
| #define HAVE_PWRITEV 1
| #define HAVE_PWRITEV2 1
| #define HAVE_READLINK 1
| #define HAVE_READLINKAT 1
| #define HAVE_READV 1
| #define HAVE_REALPATH 1
| #define HAVE_RENAMEAT 1
| #define HAVE_SCHED_GET_PRIORITY_MAX 1
| #define HAVE_SCHED_RR_GET_INTERVAL 1
| #define HAVE_SCHED_SETAFFINITY 1
| #define HAVE_SCHED_SETPARAM 1
| #define HAVE_SCHED_SETSCHEDULER 1
| #define HAVE_SEM_CLOCKWAIT 1
| #define HAVE_SEM_GETVALUE 1
| #define HAVE_SEM_OPEN 1
| #define HAVE_SEM_TIMEDWAIT 1
| #define HAVE_SEM_UNLINK 1
| #define HAVE_SENDFILE 1
| #define HAVE_SETEGID 1
| #define HAVE_SETEUID 1
| #define HAVE_SETGID 1
| #define HAVE_SETHOSTNAME 1
| #define HAVE_SETITIMER 1
| #define HAVE_SETLOCALE 1
| #define HAVE_SETPGID 1
| #define HAVE_SETPGRP 1
| #define HAVE_SETPRIORITY 1
| #define HAVE_SETREGID 1
| #define HAVE_SETRESGID 1
| #define HAVE_SETRESUID 1
| #define HAVE_SETREUID 1
| #define HAVE_SETSID 1
| #define HAVE_SETUID 1
| #define HAVE_SETVBUF 1
| #define HAVE_SHUTDOWN 1
| #define HAVE_SIGACTION 1
| #define HAVE_SIGALTSTACK 1
| #define HAVE_SIGFILLSET 1
| #define HAVE_SIGINTERRUPT 1
| #define HAVE_SIGPENDING 1
| #define HAVE_SIGRELSE 1
| #define HAVE_SIGTIMEDWAIT 1
| #define HAVE_SIGWAIT 1
| #define HAVE_SIGWAITINFO 1
| #define HAVE_SNPRINTF 1
| #define HAVE_SPLICE 1
| #define HAVE_STRFTIME 1
| #define HAVE_STRSIGNAL 1
| #define HAVE_SYMLINKAT 1
| #define HAVE_SYNC 1
| #define HAVE_SYSCONF 1
| #define HAVE_TCGETPGRP 1
| #define HAVE_TCSETPGRP 1
| #define HAVE_TEMPNAM 1
| #define HAVE_TIMEGM 1
| #define HAVE_TIMES 1
| #define HAVE_TMPFILE 1
| #define HAVE_TMPNAM 1
| #define HAVE_TMPNAM_R 1
| #define HAVE_TRUNCATE 1
| #define HAVE_TTYNAME_R 1
| #define HAVE_UMASK 1
| #define HAVE_UNAME 1
| #define HAVE_UNLINKAT 1
| #define HAVE_UNLOCKPT 1
| #define HAVE_UTIMENSAT 1
| #define HAVE_UTIMES 1
| #define HAVE_VFORK 1
| #define HAVE_WAIT 1
| #define HAVE_WAIT3 1
| #define HAVE_WAIT4 1
| #define HAVE_WAITID 1
| #define HAVE_WAITPID 1
| #define HAVE_WCSCOLL 1
| #define HAVE_WCSFTIME 1
| #define HAVE_WCSXFRM 1
| #define HAVE_WMEMCMP 1
| #define HAVE_WRITEV 1
| #define HAVE_GETENTROPY 1
| #define HAVE_GETGROUPS 1
| #define HAVE_SYSTEM 1
| #define HAVE_DIRFD 1
| #define HAVE_CHROOT 1
| #define HAVE_LINK 1
| #define HAVE_SYMLINK 1
| #define HAVE_FCHDIR 1
| #define HAVE_FSYNC 1
| #define HAVE_FDATASYNC 1
| #define HAVE_EPOLL 1
| #define HAVE_EPOLL_CREATE1 1
| #define HAVE_PRLIMIT 1
| #define HAVE_MEMFD_CREATE 1
| #define HAVE_EVENTFD 1
| #define HAVE_TIMERFD_CREATE 1
| #define HAVE_FLOCK 1
| #define HAVE_GETPAGESIZE 1
| /* end confdefs.h.  */
| 
| #include <sys/stat.h>
| #include <unistd.h>
| int main(int argc, char *argv[])
| {
|   if(lchflags(argv[0], 0) != 0)
|     return 1;
|   return 0;
| }
| 
configure:20415: result: no
configure:20451: checking for zlib >= 1.2.0
configure:20458: $PKG_CONFIG --exists --print-errors "zlib >= 1.2.0"
configure:20461: $? = 0
configure:20475: $PKG_CONFIG --exists --print-errors "zlib >= 1.2.0"
configure:20478: $? = 0
configure:20766: result: yes
configure:20799: checking for bzip2
configure:20806: $PKG_CONFIG --exists --print-errors "bzip2"
Package bzip2 was not found in the pkg-config search path.
Perhaps you should add the directory containing `bzip2.pc'
to the PKG_CONFIG_PATH environment variable
Package 'bzip2', required by 'virtual:world', not found
configure:20809: $? = 1
configure:20823: $PKG_CONFIG --exists --print-errors "bzip2"
Package bzip2 was not found in the pkg-config search path.
Perhaps you should add the directory containing `bzip2.pc'
to the PKG_CONFIG_PATH environment variable
Package 'bzip2', required by 'virtual:world', not found
configure:20826: $? = 1
configure:20840: result: no
Package 'bzip2', required by 'virtual:world', not found
configure:20867: checking for bzlib.h
configure:20867: gcc -c    conftest.c >&5
configure:20867: $? = 0
configure:20867: result: yes
configure:20872: checking for BZ2_bzCompress in -lbz2
configure:20895: gcc -o conftest     conftest.c -lbz2  -ldl   >&5
configure:20895: $? = 0
configure:20905: result: yes
configure:21027: checking for liblzma
configure:21034: $PKG_CONFIG --exists --print-errors "liblzma"
Package liblzma was not found in the pkg-config search path.
Perhaps you should add the directory containing `liblzma.pc'
to the PKG_CONFIG_PATH environment variable
Package 'liblzma', required by 'virtual:world', not found
configure:21037: $? = 1
configure:21051: $PKG_CONFIG --exists --print-errors "liblzma"
Package liblzma was not found in the pkg-config search path.
Perhaps you should add the directory containing `liblzma.pc'
to the PKG_CONFIG_PATH environment variable
Package 'liblzma', required by 'virtual:world', not found
configure:21054: $? = 1
configure:21068: result: no
Package 'liblzma', required by 'virtual:world', not found
configure:21095: checking for lzma.h
configure:21095: gcc -c    conftest.c >&5
conftest.c:408:10: fatal error: lzma.h: No such file or directory
  408 | #include <lzma.h>
      |          ^~~~~~~~
compilation terminated.
configure:21095: $? = 1
configure: failed program was:
| /* confdefs.h */
| #define _NETBSD_SOURCE 1
| #define __BSD_VISIBLE 1
| #define _DARWIN_C_SOURCE 1
| #define _PYTHONFRAMEWORK ""
| #define _XOPEN_SOURCE 700
| #define _XOPEN_SOURCE_EXTENDED 1
| #define _POSIX_C_SOURCE 200809L
| #define HAVE_STDIO_H 1
| #define HAVE_STDLIB_H 1
| #define HAVE_STRING_H 1
| #define HAVE_INTTYPES_H 1
| #define HAVE_STDINT_H 1
| #define HAVE_STRINGS_H 1
| #define HAVE_SYS_STAT_H 1
| #define HAVE_SYS_TYPES_H 1
| #define HAVE_UNISTD_H 1
| #define HAVE_WCHAR_H 1
| #define STDC_HEADERS 1
| #define _ALL_SOURCE 1
| #define _DARWIN_C_SOURCE 1
| #define _GNU_SOURCE 1
| #define _HPUX_ALT_XOPEN_SOCKET_API 1
| #define _NETBSD_SOURCE 1
| #define _OPENBSD_SOURCE 1
| #define _POSIX_PTHREAD_SEMANTICS 1
| #define __STDC_WANT_IEC_60559_ATTRIBS_EXT__ 1
| #define __STDC_WANT_IEC_60559_BFP_EXT__ 1
| #define __STDC_WANT_IEC_60559_DFP_EXT__ 1
| #define __STDC_WANT_IEC_60559_FUNCS_EXT__ 1
| #define __STDC_WANT_IEC_60559_TYPES_EXT__ 1
| #define __STDC_WANT_LIB_EXT2__ 1
| #define __STDC_WANT_MATH_SPEC_FUNCS__ 1
| #define _TANDEM_SOURCE 1
| #define __EXTENSIONS__ 1
| #define PY_SUPPORT_TIER 1
| #define STDC_HEADERS 1
| #define HAVE_ALLOCA_H 1
| #define HAVE_ASM_TYPES_H 1
| #define HAVE_DLFCN_H 1
| #define HAVE_ENDIAN_H 1
| #define HAVE_ERRNO_H 1
| #define HAVE_FCNTL_H 1
| #define HAVE_GRP_H 1
| #define HAVE_LANGINFO_H 1
| #define HAVE_LIBINTL_H 1
| #define HAVE_LINUX_AUXVEC_H 1
| #define HAVE_SYS_AUXV_H 1
| #define HAVE_LINUX_FS_H 1
| #define HAVE_LINUX_LIMITS_H 1
| #define HAVE_LINUX_MEMFD_H 1
| #define HAVE_LINUX_RANDOM_H 1
| #define HAVE_LINUX_SOUNDCARD_H 1
| #define HAVE_LINUX_TIPC_H 1
| #define HAVE_LINUX_WAIT_H 1
| #define HAVE_NETDB_H 1
| #define HAVE_NET_ETHERNET_H 1
| #define HAVE_NETINET_IN_H 1
| #define HAVE_NETPACKET_PACKET_H 1
| #define HAVE_POLL_H 1
| #define HAVE_PTHREAD_H 1
| #define HAVE_PTY_H 1
| #define HAVE_SCHED_H 1
| #define HAVE_SETJMP_H 1
| #define HAVE_SHADOW_H 1
| #define HAVE_SIGNAL_H 1
| #define HAVE_SPAWN_H 1
| #define HAVE_SYS_EPOLL_H 1
| #define HAVE_SYS_EVENTFD_H 1
| #define HAVE_SYS_FILE_H 1
| #define HAVE_SYS_IOCTL_H 1
| #define HAVE_SYS_MMAN_H 1
| #define HAVE_SYS_PARAM_H 1
| #define HAVE_SYS_PIDFD_H 1
| #define HAVE_SYS_POLL_H 1
| #define HAVE_SYS_RANDOM_H 1
| #define HAVE_SYS_RESOURCE_H 1
| #define HAVE_SYS_SELECT_H 1
| #define HAVE_SYS_SENDFILE_H 1
| #define HAVE_SYS_SOCKET_H 1
| #define HAVE_SYS_SOUNDCARD_H 1
| #define HAVE_SYS_STAT_H 1
| #define HAVE_SYS_STATVFS_H 1
| #define HAVE_SYS_SYSCALL_H 1
| #define HAVE_SYS_SYSMACROS_H 1
| #define HAVE_SYS_TIME_H 1
| #define HAVE_SYS_TIMES_H 1
| #define HAVE_SYS_TIMERFD_H 1
| #define HAVE_SYS_TYPES_H 1
| #define HAVE_SYS_UIO_H 1
| #define HAVE_SYS_UN_H 1
| #define HAVE_SYS_UTSNAME_H 1
| #define HAVE_SYS_WAIT_H 1
| #define HAVE_SYS_XATTR_H 1
| #define HAVE_SYSEXITS_H 1
| #define HAVE_SYSLOG_H 1
| #define HAVE_TERMIOS_H 1
| #define HAVE_UTIME_H 1
| #define HAVE_UTMP_H 1
| #define HAVE_DIRENT_H 1
| #define MAJOR_IN_SYSMACROS 1
| #define HAVE_NET_IF_H 1
| #define HAVE_LINUX_NETLINK_H 1
| #define HAVE_LINUX_QRTR_H 1
| #define HAVE_LINUX_VM_SOCKETS_H 1
| #define HAVE_LINUX_CAN_H 1
| #define HAVE_LINUX_CAN_BCM_H 1
| #define HAVE_LINUX_CAN_J1939_H 1
| #define HAVE_LINUX_CAN_RAW_H 1
| #define HAVE_CLOCK_T 1
| #define HAVE_MAKEDEV 1
| #define HAVE_HTOLE64 1
| #define _LARGEFILE_SOURCE 1
| #define _FILE_OFFSET_BITS 64
| #if defined(SCO_DS)
| #undef _OFF_T
| #endif
| #define RETSIGTYPE void
| #define HAVE_SSIZE_T 1
| #define HAVE___UINT128_T 1
| #define HAVE_GCC_UINT128_T 1
| #define SIZEOF_INT 4
| #define SIZEOF_LONG 8
| #define ALIGNOF_LONG 8
| #define SIZEOF_LONG_LONG 8
| #define SIZEOF_VOID_P 8
| #define SIZEOF_SHORT 2
| #define SIZEOF_FLOAT 4
| #define SIZEOF_DOUBLE 8
| #define SIZEOF_FPOS_T 16
| #define SIZEOF_SIZE_T 8
| #define ALIGNOF_SIZE_T 8
| #define SIZEOF_PID_T 4
| #define SIZEOF_UINTPTR_T 8
| #define ALIGNOF_MAX_ALIGN_T 16
| #define HAVE_LONG_DOUBLE 1
| #define SIZEOF_LONG_DOUBLE 16
| #define SIZEOF__BOOL 1
| #define SIZEOF_OFF_T 8
| #define SIZEOF_TIME_T 8
| #define SIZEOF_PTHREAD_T 8
| #define SIZEOF_PTHREAD_KEY_T 4
| #define PTHREAD_KEY_T_IS_COMPATIBLE_WITH_INT 1
| #define PY_HAVE_PERF_TRAMPOLINE 1
| #define HAVE_LIBDL 1
| #define HAVE_FFI_PREP_CIF_VAR 1
| #define HAVE_FFI_PREP_CLOSURE_LOC 1
| #define HAVE_FFI_CLOSURE_ALLOC 1
| #define WITH_DECIMAL_CONTEXTVAR 1
| #define HAVE_LIBSQLITE3 1
| #define HAVE_LIBSQLITE3 1
| #define HAVE_LIBSQLITE3 1
| #define HAVE_LIBSQLITE3 1
| #define HAVE_LIBSQLITE3 1
| #define HAVE_LIBSQLITE3 1
| #define HAVE_LIBSQLITE3 1
| #define HAVE_LIBSQLITE3 1
| #define HAVE_LIBSQLITE3 1
| #define PY_SQLITE_HAVE_SERIALIZE 1
| #define _REENTRANT 1
| #define PTHREAD_SYSTEM_SCHED_SUPPORTED 1
| #define HAVE_PTHREAD_SIGMASK 1
| #define HAVE_PTHREAD_GETCPUCLOCKID 1
| #define ENABLE_IPV6 1
| #define HAVE_LINUX_CAN_RAW_FD_FRAMES 1
| #define HAVE_LINUX_CAN_RAW_JOIN_FILTERS 1
| #define WITH_DOC_STRINGS 1
| #define HAVE_STD_ATOMIC 1
| #define HAVE_BUILTIN_ATOMIC 1
| #define WITH_MIMALLOC 1
| #define WITH_PYMALLOC 1
| #define WITH_FREELISTS 1
| #define PY_COERCE_C_LOCALE 1
| #define HAVE_DLOPEN 1
| #define HAVE_DYNAMIC_LOADING 1
| #define HAVE_ACCEPT4 1
| #define HAVE_ALARM 1
| #define HAVE_BIND_TEXTDOMAIN_CODESET 1
| #define HAVE_CHMOD 1
| #define HAVE_CHOWN 1
| #define HAVE_CLOCK 1
| #define HAVE_CLOSEFROM 1
| #define HAVE_CLOSE_RANGE 1
| #define HAVE_CONFSTR 1
| #define HAVE_COPY_FILE_RANGE 1
| #define HAVE_CTERMID 1
| #define HAVE_DUP 1
| #define HAVE_DUP3 1
| #define HAVE_EXECV 1
| #define HAVE_EXPLICIT_BZERO 1
| #define HAVE_FACCESSAT 1
| #define HAVE_FCHMOD 1
| #define HAVE_FCHMODAT 1
| #define HAVE_FCHOWN 1
| #define HAVE_FCHOWNAT 1
| #define HAVE_FDOPENDIR 1
| #define HAVE_FEXECVE 1
| #define HAVE_FORK 1
| #define HAVE_FPATHCONF 1
| #define HAVE_FSTATAT 1
| #define HAVE_FTIME 1
| #define HAVE_FTRUNCATE 1
| #define HAVE_FUTIMENS 1
| #define HAVE_FUTIMES 1
| #define HAVE_FUTIMESAT 1
| #define HAVE_GAI_STRERROR 1
| #define HAVE_GETEGID 1
| #define HAVE_GETEUID 1
| #define HAVE_GETGID 1
| #define HAVE_GETGRENT 1
| #define HAVE_GETGRGID 1
| #define HAVE_GETGRGID_R 1
| #define HAVE_GETGRNAM_R 1
| #define HAVE_GETGROUPLIST 1
| #define HAVE_GETHOSTNAME 1
| #define HAVE_GETITIMER 1
| #define HAVE_GETLOADAVG 1
| #define HAVE_GETLOGIN 1
| #define HAVE_GETLOGIN_R 1
| #define HAVE_GETPEERNAME 1
| #define HAVE_GETPGID 1
| #define HAVE_GETPID 1
| #define HAVE_GETPPID 1
| #define HAVE_GETPRIORITY 1
| #define HAVE_GETPWENT 1
| #define HAVE_GETPWNAM_R 1
| #define HAVE_GETPWUID 1
| #define HAVE_GETPWUID_R 1
| #define HAVE_GETRESGID 1
| #define HAVE_GETRESUID 1
| #define HAVE_GETRUSAGE 1
| #define HAVE_GETSID 1
| #define HAVE_GETSPENT 1
| #define HAVE_GETSPNAM 1
| #define HAVE_GETUID 1
| #define HAVE_GETWD 1
| #define HAVE_GRANTPT 1
| #define HAVE_IF_NAMEINDEX 1
| #define HAVE_INITGROUPS 1
| #define HAVE_KILL 1
| #define HAVE_KILLPG 1
| #define HAVE_LCHOWN 1
| #define HAVE_LINKAT 1
| #define HAVE_LOCKF 1
| #define HAVE_LSTAT 1
| #define HAVE_LUTIMES 1
| #define HAVE_MADVISE 1
| #define HAVE_MBRTOWC 1
| #define HAVE_MEMRCHR 1
| #define HAVE_MKDIRAT 1
| #define HAVE_MKFIFO 1
| #define HAVE_MKFIFOAT 1
| #define HAVE_MKNOD 1
| #define HAVE_MKNODAT 1
| #define HAVE_MKTIME 1
| #define HAVE_MMAP 1
| #define HAVE_MREMAP 1
| #define HAVE_NICE 1
| #define HAVE_OPENAT 1
| #define HAVE_OPENDIR 1
| #define HAVE_PATHCONF 1
| #define HAVE_PAUSE 1
| #define HAVE_PIPE 1
| #define HAVE_PIPE2 1
| #define HAVE_POLL 1
| #define HAVE_POSIX_FADVISE 1
| #define HAVE_POSIX_FALLOCATE 1
| #define HAVE_POSIX_OPENPT 1
| #define HAVE_POSIX_SPAWN 1
| #define HAVE_POSIX_SPAWNP 1
| #define HAVE_POSIX_SPAWN_FILE_ACTIONS_ADDCLOSEFROM_NP 1
| #define HAVE_PREAD 1
| #define HAVE_PREADV 1
| #define HAVE_PREADV2 1
| #define HAVE_PROCESS_VM_READV 1
| #define HAVE_PTHREAD_CONDATTR_SETCLOCK 1
| #define HAVE_PTHREAD_KILL 1
| #define HAVE_PTSNAME 1
| #define HAVE_PTSNAME_R 1
| #define HAVE_PWRITE 1
| #define HAVE_PWRITEV 1
| #define HAVE_PWRITEV2 1
| #define HAVE_READLINK 1
| #define HAVE_READLINKAT 1
| #define HAVE_READV 1
| #define HAVE_REALPATH 1
| #define HAVE_RENAMEAT 1
| #define HAVE_SCHED_GET_PRIORITY_MAX 1
| #define HAVE_SCHED_RR_GET_INTERVAL 1
| #define HAVE_SCHED_SETAFFINITY 1
| #define HAVE_SCHED_SETPARAM 1
| #define HAVE_SCHED_SETSCHEDULER 1
| #define HAVE_SEM_CLOCKWAIT 1
| #define HAVE_SEM_GETVALUE 1
| #define HAVE_SEM_OPEN 1
| #define HAVE_SEM_TIMEDWAIT 1
| #define HAVE_SEM_UNLINK 1
| #define HAVE_SENDFILE 1
| #define HAVE_SETEGID 1
| #define HAVE_SETEUID 1
| #define HAVE_SETGID 1
| #define HAVE_SETHOSTNAME 1
| #define HAVE_SETITIMER 1
| #define HAVE_SETLOCALE 1
| #define HAVE_SETPGID 1
| #define HAVE_SETPGRP 1
| #define HAVE_SETPRIORITY 1
| #define HAVE_SETREGID 1
| #define HAVE_SETRESGID 1
| #define HAVE_SETRESUID 1
| #define HAVE_SETREUID 1
| #define HAVE_SETSID 1
| #define HAVE_SETUID 1
| #define HAVE_SETVBUF 1
| #define HAVE_SHUTDOWN 1
| #define HAVE_SIGACTION 1
| #define HAVE_SIGALTSTACK 1
| #define HAVE_SIGFILLSET 1
| #define HAVE_SIGINTERRUPT 1
| #define HAVE_SIGPENDING 1
| #define HAVE_SIGRELSE 1
| #define HAVE_SIGTIMEDWAIT 1
| #define HAVE_SIGWAIT 1
| #define HAVE_SIGWAITINFO 1
| #define HAVE_SNPRINTF 1
| #define HAVE_SPLICE 1
| #define HAVE_STRFTIME 1
| #define HAVE_STRSIGNAL 1
| #define HAVE_SYMLINKAT 1
| #define HAVE_SYNC 1
| #define HAVE_SYSCONF 1
| #define HAVE_TCGETPGRP 1
| #define HAVE_TCSETPGRP 1
| #define HAVE_TEMPNAM 1
| #define HAVE_TIMEGM 1
| #define HAVE_TIMES 1
| #define HAVE_TMPFILE 1
| #define HAVE_TMPNAM 1
| #define HAVE_TMPNAM_R 1
| #define HAVE_TRUNCATE 1
| #define HAVE_TTYNAME_R 1
| #define HAVE_UMASK 1
| #define HAVE_UNAME 1
| #define HAVE_UNLINKAT 1
| #define HAVE_UNLOCKPT 1
| #define HAVE_UTIMENSAT 1
| #define HAVE_UTIMES 1
| #define HAVE_VFORK 1
| #define HAVE_WAIT 1
| #define HAVE_WAIT3 1
| #define HAVE_WAIT4 1
| #define HAVE_WAITID 1
| #define HAVE_WAITPID 1
| #define HAVE_WCSCOLL 1
| #define HAVE_WCSFTIME 1
| #define HAVE_WCSXFRM 1
| #define HAVE_WMEMCMP 1
| #define HAVE_WRITEV 1
| #define HAVE_GETENTROPY 1
| #define HAVE_GETGROUPS 1
| #define HAVE_SYSTEM 1
| #define HAVE_DIRFD 1
| #define HAVE_CHROOT 1
| #define HAVE_LINK 1
| #define HAVE_SYMLINK 1
| #define HAVE_FCHDIR 1
| #define HAVE_FSYNC 1
| #define HAVE_FDATASYNC 1
| #define HAVE_EPOLL 1
| #define HAVE_EPOLL_CREATE1 1
| #define HAVE_PRLIMIT 1
| #define HAVE_MEMFD_CREATE 1
| #define HAVE_EVENTFD 1
| #define HAVE_TIMERFD_CREATE 1
| #define HAVE_FLOCK 1
| #define HAVE_GETPAGESIZE 1
| #define HAVE_ZLIB_COPY 1
| #define HAVE_BZLIB_H 1
| /* end confdefs.h.  */
| #include <stddef.h>
| #ifdef HAVE_STDIO_H
| # include <stdio.h>
| #endif
| #ifdef HAVE_STDLIB_H
| # include <stdlib.h>
| #endif
| #ifdef HAVE_STRING_H
| # include <string.h>
| #endif
| #ifdef HAVE_INTTYPES_H
| # include <inttypes.h>
| #endif
| #ifdef HAVE_STDINT_H
| # include <stdint.h>
| #endif
| #ifdef HAVE_STRINGS_H
| # include <strings.h>
| #endif
| #ifdef HAVE_SYS_TYPES_H
| # include <sys/types.h>
| #endif
| #ifdef HAVE_SYS_STAT_H
| # include <sys/stat.h>
| #endif
| #ifdef HAVE_UNISTD_H
| # include <unistd.h>
| #endif
| #include <lzma.h>
configure:21095: result: no
configure:21257: checking for hstrerror
configure:21274: gcc -c   conftest.c >&5
configure:21274: $? = 0
configure:21283: result: yes
configure:21296: checking for getservbyname
configure:21313: gcc -c   conftest.c >&5
configure:21313: $? = 0
configure:21322: result: yes
configure:21335: checking for getservbyport
configure:21352: gcc -c   conftest.c >&5
configure:21352: $? = 0
configure:21361: result: yes
configure:21374: checking for gethostbyname
configure:21391: gcc -c   conftest.c >&5
configure:21391: $? = 0
configure:21400: result: yes
configure:21413: checking for gethostbyaddr
configure:21430: gcc -c   conftest.c >&5
configure:21430: $? = 0
configure:21439: result: yes
configure:21452: checking for getprotobyname
configure:21469: gcc -c   conftest.c >&5
configure:21469: $? = 0
configure:21478: result: yes
configure:21494: checking for inet_aton
configure:21516: gcc -c   conftest.c >&5
configure:21516: $? = 0
configure:21525: result: yes
configure:21538: checking for inet_ntoa
configure:21560: gcc -c   conftest.c >&5
configure:21560: $? = 0
configure:21569: result: yes
configure:21582: checking for inet_pton
configure:21604: gcc -c   conftest.c >&5
configure:21604: $? = 0
configure:21613: result: yes
configure:21626: checking for getpeername
configure:21657: result: yes
configure:21670: checking for getsockname
configure:21692: gcc -c   conftest.c >&5
configure:21692: $? = 0
configure:21701: result: yes
configure:21714: checking for accept
configure:21736: gcc -c   conftest.c >&5
configure:21736: $? = 0
configure:21745: result: yes
configure:21758: checking for bind
configure:21780: gcc -c   conftest.c >&5
configure:21780: $? = 0
configure:21789: result: yes
configure:21802: checking for connect
configure:21824: gcc -c   conftest.c >&5
configure:21824: $? = 0
configure:21833: result: yes
configure:21846: checking for listen
configure:21868: gcc -c   conftest.c >&5
configure:21868: $? = 0
configure:21877: result: yes
configure:21890: checking for recvfrom
configure:21912: gcc -c   conftest.c >&5
configure:21912: $? = 0
configure:21921: result: yes
configure:21934: checking for sendto
configure:21956: gcc -c   conftest.c >&5
configure:21956: $? = 0
configure:21965: result: yes
configure:21978: checking for setsockopt
configure:22000: gcc -c   conftest.c >&5
configure:22000: $? = 0
configure:22009: result: yes
configure:22022: checking for socket
configure:22044: gcc -c   conftest.c >&5
configure:22044: $? = 0
configure:22053: result: yes
configure:22068: checking for setgroups
configure:22090: gcc -c   conftest.c >&5
configure:22090: $? = 0
configure:22099: result: yes
configure:22111: checking whether MAXLOGNAME is declared
configure:22111: gcc -c    conftest.c >&5
conftest.c: In function 'main':
conftest.c:409:10: error: 'MAXLOGNAME' undeclared (first use in this function)
  409 |   (void) MAXLOGNAME;
      |          ^~~~~~~~~~
conftest.c:409:10: note: each undeclared identifier is reported only once for each function it appears in
configure:22111: $? = 1
configure: failed program was:
| /* confdefs.h */
| #define _NETBSD_SOURCE 1
| #define __BSD_VISIBLE 1
| #define _DARWIN_C_SOURCE 1
| #define _PYTHONFRAMEWORK ""
| #define _XOPEN_SOURCE 700
| #define _XOPEN_SOURCE_EXTENDED 1
| #define _POSIX_C_SOURCE 200809L
| #define HAVE_STDIO_H 1
| #define HAVE_STDLIB_H 1
| #define HAVE_STRING_H 1
| #define HAVE_INTTYPES_H 1
| #define HAVE_STDINT_H 1
| #define HAVE_STRINGS_H 1
| #define HAVE_SYS_STAT_H 1
| #define HAVE_SYS_TYPES_H 1
| #define HAVE_UNISTD_H 1
| #define HAVE_WCHAR_H 1
| #define STDC_HEADERS 1
| #define _ALL_SOURCE 1
| #define _DARWIN_C_SOURCE 1
| #define _GNU_SOURCE 1
| #define _HPUX_ALT_XOPEN_SOCKET_API 1
| #define _NETBSD_SOURCE 1
| #define _OPENBSD_SOURCE 1
| #define _POSIX_PTHREAD_SEMANTICS 1
| #define __STDC_WANT_IEC_60559_ATTRIBS_EXT__ 1
| #define __STDC_WANT_IEC_60559_BFP_EXT__ 1
| #define __STDC_WANT_IEC_60559_DFP_EXT__ 1
| #define __STDC_WANT_IEC_60559_FUNCS_EXT__ 1
| #define __STDC_WANT_IEC_60559_TYPES_EXT__ 1
| #define __STDC_WANT_LIB_EXT2__ 1
| #define __STDC_WANT_MATH_SPEC_FUNCS__ 1
| #define _TANDEM_SOURCE 1
| #define __EXTENSIONS__ 1
| #define PY_SUPPORT_TIER 1
| #define STDC_HEADERS 1
| #define HAVE_ALLOCA_H 1
| #define HAVE_ASM_TYPES_H 1
| #define HAVE_DLFCN_H 1
| #define HAVE_ENDIAN_H 1
| #define HAVE_ERRNO_H 1
| #define HAVE_FCNTL_H 1
| #define HAVE_GRP_H 1
| #define HAVE_LANGINFO_H 1
| #define HAVE_LIBINTL_H 1
| #define HAVE_LINUX_AUXVEC_H 1
| #define HAVE_SYS_AUXV_H 1
| #define HAVE_LINUX_FS_H 1
| #define HAVE_LINUX_LIMITS_H 1
| #define HAVE_LINUX_MEMFD_H 1
| #define HAVE_LINUX_RANDOM_H 1
| #define HAVE_LINUX_SOUNDCARD_H 1
| #define HAVE_LINUX_TIPC_H 1
| #define HAVE_LINUX_WAIT_H 1
| #define HAVE_NETDB_H 1
| #define HAVE_NET_ETHERNET_H 1
| #define HAVE_NETINET_IN_H 1
| #define HAVE_NETPACKET_PACKET_H 1
| #define HAVE_POLL_H 1
| #define HAVE_PTHREAD_H 1
| #define HAVE_PTY_H 1
| #define HAVE_SCHED_H 1
| #define HAVE_SETJMP_H 1
| #define HAVE_SHADOW_H 1
| #define HAVE_SIGNAL_H 1
| #define HAVE_SPAWN_H 1
| #define HAVE_SYS_EPOLL_H 1
| #define HAVE_SYS_EVENTFD_H 1
| #define HAVE_SYS_FILE_H 1
| #define HAVE_SYS_IOCTL_H 1
| #define HAVE_SYS_MMAN_H 1
| #define HAVE_SYS_PARAM_H 1
| #define HAVE_SYS_PIDFD_H 1
| #define HAVE_SYS_POLL_H 1
| #define HAVE_SYS_RANDOM_H 1
| #define HAVE_SYS_RESOURCE_H 1
| #define HAVE_SYS_SELECT_H 1
| #define HAVE_SYS_SENDFILE_H 1
| #define HAVE_SYS_SOCKET_H 1
| #define HAVE_SYS_SOUNDCARD_H 1
| #define HAVE_SYS_STAT_H 1
| #define HAVE_SYS_STATVFS_H 1
| #define HAVE_SYS_SYSCALL_H 1
| #define HAVE_SYS_SYSMACROS_H 1
| #define HAVE_SYS_TIME_H 1
| #define HAVE_SYS_TIMES_H 1
| #define HAVE_SYS_TIMERFD_H 1
| #define HAVE_SYS_TYPES_H 1
| #define HAVE_SYS_UIO_H 1
| #define HAVE_SYS_UN_H 1
| #define HAVE_SYS_UTSNAME_H 1
| #define HAVE_SYS_WAIT_H 1
| #define HAVE_SYS_XATTR_H 1
| #define HAVE_SYSEXITS_H 1
| #define HAVE_SYSLOG_H 1
| #define HAVE_TERMIOS_H 1
| #define HAVE_UTIME_H 1
| #define HAVE_UTMP_H 1
| #define HAVE_DIRENT_H 1
| #define MAJOR_IN_SYSMACROS 1
| #define HAVE_NET_IF_H 1
| #define HAVE_LINUX_NETLINK_H 1
| #define HAVE_LINUX_QRTR_H 1
| #define HAVE_LINUX_VM_SOCKETS_H 1
| #define HAVE_LINUX_CAN_H 1
| #define HAVE_LINUX_CAN_BCM_H 1
| #define HAVE_LINUX_CAN_J1939_H 1
| #define HAVE_LINUX_CAN_RAW_H 1
| #define HAVE_CLOCK_T 1
| #define HAVE_MAKEDEV 1
| #define HAVE_HTOLE64 1
| #define _LARGEFILE_SOURCE 1
| #define _FILE_OFFSET_BITS 64
| #if defined(SCO_DS)
| #undef _OFF_T
| #endif
| #define RETSIGTYPE void
| #define HAVE_SSIZE_T 1
| #define HAVE___UINT128_T 1
| #define HAVE_GCC_UINT128_T 1
| #define SIZEOF_INT 4
| #define SIZEOF_LONG 8
| #define ALIGNOF_LONG 8
| #define SIZEOF_LONG_LONG 8
| #define SIZEOF_VOID_P 8
| #define SIZEOF_SHORT 2
| #define SIZEOF_FLOAT 4
| #define SIZEOF_DOUBLE 8
| #define SIZEOF_FPOS_T 16
| #define SIZEOF_SIZE_T 8
| #define ALIGNOF_SIZE_T 8
| #define SIZEOF_PID_T 4
| #define SIZEOF_UINTPTR_T 8
| #define ALIGNOF_MAX_ALIGN_T 16
| #define HAVE_LONG_DOUBLE 1
| #define SIZEOF_LONG_DOUBLE 16
| #define SIZEOF__BOOL 1
| #define SIZEOF_OFF_T 8
| #define SIZEOF_TIME_T 8
| #define SIZEOF_PTHREAD_T 8
| #define SIZEOF_PTHREAD_KEY_T 4
| #define PTHREAD_KEY_T_IS_COMPATIBLE_WITH_INT 1
| #define PY_HAVE_PERF_TRAMPOLINE 1
| #define HAVE_LIBDL 1
| #define HAVE_FFI_PREP_CIF_VAR 1
| #define HAVE_FFI_PREP_CLOSURE_LOC 1
| #define HAVE_FFI_CLOSURE_ALLOC 1
| #define WITH_DECIMAL_CONTEXTVAR 1
| #define HAVE_LIBSQLITE3 1
| #define HAVE_LIBSQLITE3 1
| #define HAVE_LIBSQLITE3 1
| #define HAVE_LIBSQLITE3 1
| #define HAVE_LIBSQLITE3 1
| #define HAVE_LIBSQLITE3 1
| #define HAVE_LIBSQLITE3 1
| #define HAVE_LIBSQLITE3 1
| #define HAVE_LIBSQLITE3 1
| #define PY_SQLITE_HAVE_SERIALIZE 1
| #define _REENTRANT 1
| #define PTHREAD_SYSTEM_SCHED_SUPPORTED 1
| #define HAVE_PTHREAD_SIGMASK 1
| #define HAVE_PTHREAD_GETCPUCLOCKID 1
| #define ENABLE_IPV6 1
| #define HAVE_LINUX_CAN_RAW_FD_FRAMES 1
| #define HAVE_LINUX_CAN_RAW_JOIN_FILTERS 1
| #define WITH_DOC_STRINGS 1
| #define HAVE_STD_ATOMIC 1
| #define HAVE_BUILTIN_ATOMIC 1
| #define WITH_MIMALLOC 1
| #define WITH_PYMALLOC 1
| #define WITH_FREELISTS 1
| #define PY_COERCE_C_LOCALE 1
| #define HAVE_DLOPEN 1
| #define HAVE_DYNAMIC_LOADING 1
| #define HAVE_ACCEPT4 1
| #define HAVE_ALARM 1
| #define HAVE_BIND_TEXTDOMAIN_CODESET 1
| #define HAVE_CHMOD 1
| #define HAVE_CHOWN 1
| #define HAVE_CLOCK 1
| #define HAVE_CLOSEFROM 1
| #define HAVE_CLOSE_RANGE 1
| #define HAVE_CONFSTR 1
| #define HAVE_COPY_FILE_RANGE 1
| #define HAVE_CTERMID 1
| #define HAVE_DUP 1
| #define HAVE_DUP3 1
| #define HAVE_EXECV 1
| #define HAVE_EXPLICIT_BZERO 1
| #define HAVE_FACCESSAT 1
| #define HAVE_FCHMOD 1
| #define HAVE_FCHMODAT 1
| #define HAVE_FCHOWN 1
| #define HAVE_FCHOWNAT 1
| #define HAVE_FDOPENDIR 1
| #define HAVE_FEXECVE 1
| #define HAVE_FORK 1
| #define HAVE_FPATHCONF 1
| #define HAVE_FSTATAT 1
| #define HAVE_FTIME 1
| #define HAVE_FTRUNCATE 1
| #define HAVE_FUTIMENS 1
| #define HAVE_FUTIMES 1
| #define HAVE_FUTIMESAT 1
| #define HAVE_GAI_STRERROR 1
| #define HAVE_GETEGID 1
| #define HAVE_GETEUID 1
| #define HAVE_GETGID 1
| #define HAVE_GETGRENT 1
| #define HAVE_GETGRGID 1
| #define HAVE_GETGRGID_R 1
| #define HAVE_GETGRNAM_R 1
| #define HAVE_GETGROUPLIST 1
| #define HAVE_GETHOSTNAME 1
| #define HAVE_GETITIMER 1
| #define HAVE_GETLOADAVG 1
| #define HAVE_GETLOGIN 1
| #define HAVE_GETLOGIN_R 1
| #define HAVE_GETPEERNAME 1
| #define HAVE_GETPGID 1
| #define HAVE_GETPID 1
| #define HAVE_GETPPID 1
| #define HAVE_GETPRIORITY 1
| #define HAVE_GETPWENT 1
| #define HAVE_GETPWNAM_R 1
| #define HAVE_GETPWUID 1
| #define HAVE_GETPWUID_R 1
| #define HAVE_GETRESGID 1
| #define HAVE_GETRESUID 1
| #define HAVE_GETRUSAGE 1
| #define HAVE_GETSID 1
| #define HAVE_GETSPENT 1
| #define HAVE_GETSPNAM 1
| #define HAVE_GETUID 1
| #define HAVE_GETWD 1
| #define HAVE_GRANTPT 1
| #define HAVE_IF_NAMEINDEX 1
| #define HAVE_INITGROUPS 1
| #define HAVE_KILL 1
| #define HAVE_KILLPG 1
| #define HAVE_LCHOWN 1
| #define HAVE_LINKAT 1
| #define HAVE_LOCKF 1
| #define HAVE_LSTAT 1
| #define HAVE_LUTIMES 1
| #define HAVE_MADVISE 1
| #define HAVE_MBRTOWC 1
| #define HAVE_MEMRCHR 1
| #define HAVE_MKDIRAT 1
| #define HAVE_MKFIFO 1
| #define HAVE_MKFIFOAT 1
| #define HAVE_MKNOD 1
| #define HAVE_MKNODAT 1
| #define HAVE_MKTIME 1
| #define HAVE_MMAP 1
| #define HAVE_MREMAP 1
| #define HAVE_NICE 1
| #define HAVE_OPENAT 1
| #define HAVE_OPENDIR 1
| #define HAVE_PATHCONF 1
| #define HAVE_PAUSE 1
| #define HAVE_PIPE 1
| #define HAVE_PIPE2 1
| #define HAVE_POLL 1
| #define HAVE_POSIX_FADVISE 1
| #define HAVE_POSIX_FALLOCATE 1
| #define HAVE_POSIX_OPENPT 1
| #define HAVE_POSIX_SPAWN 1
| #define HAVE_POSIX_SPAWNP 1
| #define HAVE_POSIX_SPAWN_FILE_ACTIONS_ADDCLOSEFROM_NP 1
| #define HAVE_PREAD 1
| #define HAVE_PREADV 1
| #define HAVE_PREADV2 1
| #define HAVE_PROCESS_VM_READV 1
| #define HAVE_PTHREAD_CONDATTR_SETCLOCK 1
| #define HAVE_PTHREAD_KILL 1
| #define HAVE_PTSNAME 1
| #define HAVE_PTSNAME_R 1
| #define HAVE_PWRITE 1
| #define HAVE_PWRITEV 1
| #define HAVE_PWRITEV2 1
| #define HAVE_READLINK 1
| #define HAVE_READLINKAT 1
| #define HAVE_READV 1
| #define HAVE_REALPATH 1
| #define HAVE_RENAMEAT 1
| #define HAVE_SCHED_GET_PRIORITY_MAX 1
| #define HAVE_SCHED_RR_GET_INTERVAL 1
| #define HAVE_SCHED_SETAFFINITY 1
| #define HAVE_SCHED_SETPARAM 1
| #define HAVE_SCHED_SETSCHEDULER 1
| #define HAVE_SEM_CLOCKWAIT 1
| #define HAVE_SEM_GETVALUE 1
| #define HAVE_SEM_OPEN 1
| #define HAVE_SEM_TIMEDWAIT 1
| #define HAVE_SEM_UNLINK 1
| #define HAVE_SENDFILE 1
| #define HAVE_SETEGID 1
| #define HAVE_SETEUID 1
| #define HAVE_SETGID 1
| #define HAVE_SETHOSTNAME 1
| #define HAVE_SETITIMER 1
| #define HAVE_SETLOCALE 1
| #define HAVE_SETPGID 1
| #define HAVE_SETPGRP 1
| #define HAVE_SETPRIORITY 1
| #define HAVE_SETREGID 1
| #define HAVE_SETRESGID 1
| #define HAVE_SETRESUID 1
| #define HAVE_SETREUID 1
| #define HAVE_SETSID 1
| #define HAVE_SETUID 1
| #define HAVE_SETVBUF 1
| #define HAVE_SHUTDOWN 1
| #define HAVE_SIGACTION 1
| #define HAVE_SIGALTSTACK 1
| #define HAVE_SIGFILLSET 1
| #define HAVE_SIGINTERRUPT 1
| #define HAVE_SIGPENDING 1
| #define HAVE_SIGRELSE 1
| #define HAVE_SIGTIMEDWAIT 1
| #define HAVE_SIGWAIT 1
| #define HAVE_SIGWAITINFO 1
| #define HAVE_SNPRINTF 1
| #define HAVE_SPLICE 1
| #define HAVE_STRFTIME 1
| #define HAVE_STRSIGNAL 1
| #define HAVE_SYMLINKAT 1
| #define HAVE_SYNC 1
| #define HAVE_SYSCONF 1
| #define HAVE_TCGETPGRP 1
| #define HAVE_TCSETPGRP 1
| #define HAVE_TEMPNAM 1
| #define HAVE_TIMEGM 1
| #define HAVE_TIMES 1
| #define HAVE_TMPFILE 1
| #define HAVE_TMPNAM 1
| #define HAVE_TMPNAM_R 1
| #define HAVE_TRUNCATE 1
| #define HAVE_TTYNAME_R 1
| #define HAVE_UMASK 1
| #define HAVE_UNAME 1
| #define HAVE_UNLINKAT 1
| #define HAVE_UNLOCKPT 1
| #define HAVE_UTIMENSAT 1
| #define HAVE_UTIMES 1
| #define HAVE_VFORK 1
| #define HAVE_WAIT 1
| #define HAVE_WAIT3 1
| #define HAVE_WAIT4 1
| #define HAVE_WAITID 1
| #define HAVE_WAITPID 1
| #define HAVE_WCSCOLL 1
| #define HAVE_WCSFTIME 1
| #define HAVE_WCSXFRM 1
| #define HAVE_WMEMCMP 1
| #define HAVE_WRITEV 1
| #define HAVE_GETENTROPY 1
| #define HAVE_GETGROUPS 1
| #define HAVE_SYSTEM 1
| #define HAVE_DIRFD 1
| #define HAVE_CHROOT 1
| #define HAVE_LINK 1
| #define HAVE_SYMLINK 1
| #define HAVE_FCHDIR 1
| #define HAVE_FSYNC 1
| #define HAVE_FDATASYNC 1
| #define HAVE_EPOLL 1
| #define HAVE_EPOLL_CREATE1 1
| #define HAVE_PRLIMIT 1
| #define HAVE_MEMFD_CREATE 1
| #define HAVE_EVENTFD 1
| #define HAVE_TIMERFD_CREATE 1
| #define HAVE_FLOCK 1
| #define HAVE_GETPAGESIZE 1
| #define HAVE_ZLIB_COPY 1
| #define HAVE_BZLIB_H 1
| #define HAVE_HSTRERROR 1
| #define HAVE_GETSERVBYNAME 1
| #define HAVE_GETSERVBYPORT 1
| #define HAVE_GETHOSTBYNAME 1
| #define HAVE_GETHOSTBYADDR 1
| #define HAVE_GETPROTOBYNAME 1
| #define HAVE_INET_ATON 1
| #define HAVE_INET_NTOA 1
| #define HAVE_INET_PTON 1
| #define HAVE_GETPEERNAME 1
| #define HAVE_GETSOCKNAME 1
| #define HAVE_ACCEPT 1
| #define HAVE_BIND 1
| #define HAVE_CONNECT 1
| #define HAVE_LISTEN 1
| #define HAVE_RECVFROM 1
| #define HAVE_SENDTO 1
| #define HAVE_SETSOCKOPT 1
| #define HAVE_SOCKET 1
| #define HAVE_SETGROUPS 1
| /* end confdefs.h.  */
| #include <sys/param.h>
| 
| int
| main (void)
| {
| #ifndef MAXLOGNAME
| #ifdef __cplusplus
|   (void) MAXLOGNAME;
| #else
|   (void) MAXLOGNAME;
| #endif
| #endif
| 
|   ;
|   return 0;
| }
configure:22111: result: no
configure:22120: checking whether UT_NAMESIZE is declared
configure:22120: gcc -c    conftest.c >&5
configure:22120: $? = 0
configure:22120: result: yes
configure:22142: checking for openpty
configure:22142: gcc -o conftest    conftest.c -ldl  >&5
configure:22142: $? = 0
configure:22142: result: yes
configure:22234: checking for library containing login_tty
configure:22264: gcc -o conftest    conftest.c -ldl  >&5
configure:22264: $? = 0
configure:22284: result: none required
configure:22299: checking for forkpty
configure:22299: gcc -o conftest    conftest.c -ldl  >&5
configure:22299: $? = 0
configure:22299: result: yes
configure:22393: checking for fseek64
configure:22393: gcc -o conftest    conftest.c -ldl  >&5
/usr/bin/ld: /tmp/ccESEdVw.o: in function `main':
conftest.c:(.text+0xa): undefined reference to `fseek64'
collect2: error: ld returned 1 exit status
configure:22393: $? = 1
configure: failed program was:
| /* confdefs.h */
| #define _NETBSD_SOURCE 1
| #define __BSD_VISIBLE 1
| #define _DARWIN_C_SOURCE 1
| #define _PYTHONFRAMEWORK ""
| #define _XOPEN_SOURCE 700
| #define _XOPEN_SOURCE_EXTENDED 1
| #define _POSIX_C_SOURCE 200809L
| #define HAVE_STDIO_H 1
| #define HAVE_STDLIB_H 1
| #define HAVE_STRING_H 1
| #define HAVE_INTTYPES_H 1
| #define HAVE_STDINT_H 1
| #define HAVE_STRINGS_H 1
| #define HAVE_SYS_STAT_H 1
| #define HAVE_SYS_TYPES_H 1
| #define HAVE_UNISTD_H 1
| #define HAVE_WCHAR_H 1
| #define STDC_HEADERS 1
| #define _ALL_SOURCE 1
| #define _DARWIN_C_SOURCE 1
| #define _GNU_SOURCE 1
| #define _HPUX_ALT_XOPEN_SOCKET_API 1
| #define _NETBSD_SOURCE 1
| #define _OPENBSD_SOURCE 1
| #define _POSIX_PTHREAD_SEMANTICS 1
| #define __STDC_WANT_IEC_60559_ATTRIBS_EXT__ 1
| #define __STDC_WANT_IEC_60559_BFP_EXT__ 1
| #define __STDC_WANT_IEC_60559_DFP_EXT__ 1
| #define __STDC_WANT_IEC_60559_FUNCS_EXT__ 1
| #define __STDC_WANT_IEC_60559_TYPES_EXT__ 1
| #define __STDC_WANT_LIB_EXT2__ 1
| #define __STDC_WANT_MATH_SPEC_FUNCS__ 1
| #define _TANDEM_SOURCE 1
| #define __EXTENSIONS__ 1
| #define PY_SUPPORT_TIER 1
| #define STDC_HEADERS 1
| #define HAVE_ALLOCA_H 1
| #define HAVE_ASM_TYPES_H 1
| #define HAVE_DLFCN_H 1
| #define HAVE_ENDIAN_H 1
| #define HAVE_ERRNO_H 1
| #define HAVE_FCNTL_H 1
| #define HAVE_GRP_H 1
| #define HAVE_LANGINFO_H 1
| #define HAVE_LIBINTL_H 1
| #define HAVE_LINUX_AUXVEC_H 1
| #define HAVE_SYS_AUXV_H 1
| #define HAVE_LINUX_FS_H 1
| #define HAVE_LINUX_LIMITS_H 1
| #define HAVE_LINUX_MEMFD_H 1
| #define HAVE_LINUX_RANDOM_H 1
| #define HAVE_LINUX_SOUNDCARD_H 1
| #define HAVE_LINUX_TIPC_H 1
| #define HAVE_LINUX_WAIT_H 1
| #define HAVE_NETDB_H 1
| #define HAVE_NET_ETHERNET_H 1
| #define HAVE_NETINET_IN_H 1
| #define HAVE_NETPACKET_PACKET_H 1
| #define HAVE_POLL_H 1
| #define HAVE_PTHREAD_H 1
| #define HAVE_PTY_H 1
| #define HAVE_SCHED_H 1
| #define HAVE_SETJMP_H 1
| #define HAVE_SHADOW_H 1
| #define HAVE_SIGNAL_H 1
| #define HAVE_SPAWN_H 1
| #define HAVE_SYS_EPOLL_H 1
| #define HAVE_SYS_EVENTFD_H 1
| #define HAVE_SYS_FILE_H 1
| #define HAVE_SYS_IOCTL_H 1
| #define HAVE_SYS_MMAN_H 1
| #define HAVE_SYS_PARAM_H 1
| #define HAVE_SYS_PIDFD_H 1
| #define HAVE_SYS_POLL_H 1
| #define HAVE_SYS_RANDOM_H 1
| #define HAVE_SYS_RESOURCE_H 1
| #define HAVE_SYS_SELECT_H 1
| #define HAVE_SYS_SENDFILE_H 1
| #define HAVE_SYS_SOCKET_H 1
| #define HAVE_SYS_SOUNDCARD_H 1
| #define HAVE_SYS_STAT_H 1
| #define HAVE_SYS_STATVFS_H 1
| #define HAVE_SYS_SYSCALL_H 1
| #define HAVE_SYS_SYSMACROS_H 1
| #define HAVE_SYS_TIME_H 1
| #define HAVE_SYS_TIMES_H 1
| #define HAVE_SYS_TIMERFD_H 1
| #define HAVE_SYS_TYPES_H 1
| #define HAVE_SYS_UIO_H 1
| #define HAVE_SYS_UN_H 1
| #define HAVE_SYS_UTSNAME_H 1
| #define HAVE_SYS_WAIT_H 1
| #define HAVE_SYS_XATTR_H 1
| #define HAVE_SYSEXITS_H 1
| #define HAVE_SYSLOG_H 1
| #define HAVE_TERMIOS_H 1
| #define HAVE_UTIME_H 1
| #define HAVE_UTMP_H 1
| #define HAVE_DIRENT_H 1
| #define MAJOR_IN_SYSMACROS 1
| #define HAVE_NET_IF_H 1
| #define HAVE_LINUX_NETLINK_H 1
| #define HAVE_LINUX_QRTR_H 1
| #define HAVE_LINUX_VM_SOCKETS_H 1
| #define HAVE_LINUX_CAN_H 1
| #define HAVE_LINUX_CAN_BCM_H 1
| #define HAVE_LINUX_CAN_J1939_H 1
| #define HAVE_LINUX_CAN_RAW_H 1
| #define HAVE_CLOCK_T 1
| #define HAVE_MAKEDEV 1
| #define HAVE_HTOLE64 1
| #define _LARGEFILE_SOURCE 1
| #define _FILE_OFFSET_BITS 64
| #if defined(SCO_DS)
| #undef _OFF_T
| #endif
| #define RETSIGTYPE void
| #define HAVE_SSIZE_T 1
| #define HAVE___UINT128_T 1
| #define HAVE_GCC_UINT128_T 1
| #define SIZEOF_INT 4
| #define SIZEOF_LONG 8
| #define ALIGNOF_LONG 8
| #define SIZEOF_LONG_LONG 8
| #define SIZEOF_VOID_P 8
| #define SIZEOF_SHORT 2
| #define SIZEOF_FLOAT 4
| #define SIZEOF_DOUBLE 8
| #define SIZEOF_FPOS_T 16
| #define SIZEOF_SIZE_T 8
| #define ALIGNOF_SIZE_T 8
| #define SIZEOF_PID_T 4
| #define SIZEOF_UINTPTR_T 8
| #define ALIGNOF_MAX_ALIGN_T 16
| #define HAVE_LONG_DOUBLE 1
| #define SIZEOF_LONG_DOUBLE 16
| #define SIZEOF__BOOL 1
| #define SIZEOF_OFF_T 8
| #define SIZEOF_TIME_T 8
| #define SIZEOF_PTHREAD_T 8
| #define SIZEOF_PTHREAD_KEY_T 4
| #define PTHREAD_KEY_T_IS_COMPATIBLE_WITH_INT 1
| #define PY_HAVE_PERF_TRAMPOLINE 1
| #define HAVE_LIBDL 1
| #define HAVE_FFI_PREP_CIF_VAR 1
| #define HAVE_FFI_PREP_CLOSURE_LOC 1
| #define HAVE_FFI_CLOSURE_ALLOC 1
| #define WITH_DECIMAL_CONTEXTVAR 1
| #define HAVE_LIBSQLITE3 1
| #define HAVE_LIBSQLITE3 1
| #define HAVE_LIBSQLITE3 1
| #define HAVE_LIBSQLITE3 1
| #define HAVE_LIBSQLITE3 1
| #define HAVE_LIBSQLITE3 1
| #define HAVE_LIBSQLITE3 1
| #define HAVE_LIBSQLITE3 1
| #define HAVE_LIBSQLITE3 1
| #define PY_SQLITE_HAVE_SERIALIZE 1
| #define _REENTRANT 1
| #define PTHREAD_SYSTEM_SCHED_SUPPORTED 1
| #define HAVE_PTHREAD_SIGMASK 1
| #define HAVE_PTHREAD_GETCPUCLOCKID 1
| #define ENABLE_IPV6 1
| #define HAVE_LINUX_CAN_RAW_FD_FRAMES 1
| #define HAVE_LINUX_CAN_RAW_JOIN_FILTERS 1
| #define WITH_DOC_STRINGS 1
| #define HAVE_STD_ATOMIC 1
| #define HAVE_BUILTIN_ATOMIC 1
| #define WITH_MIMALLOC 1
| #define WITH_PYMALLOC 1
| #define WITH_FREELISTS 1
| #define PY_COERCE_C_LOCALE 1
| #define HAVE_DLOPEN 1
| #define HAVE_DYNAMIC_LOADING 1
| #define HAVE_ACCEPT4 1
| #define HAVE_ALARM 1
| #define HAVE_BIND_TEXTDOMAIN_CODESET 1
| #define HAVE_CHMOD 1
| #define HAVE_CHOWN 1
| #define HAVE_CLOCK 1
| #define HAVE_CLOSEFROM 1
| #define HAVE_CLOSE_RANGE 1
| #define HAVE_CONFSTR 1
| #define HAVE_COPY_FILE_RANGE 1
| #define HAVE_CTERMID 1
| #define HAVE_DUP 1
| #define HAVE_DUP3 1
| #define HAVE_EXECV 1
| #define HAVE_EXPLICIT_BZERO 1
| #define HAVE_FACCESSAT 1
| #define HAVE_FCHMOD 1
| #define HAVE_FCHMODAT 1
| #define HAVE_FCHOWN 1
| #define HAVE_FCHOWNAT 1
| #define HAVE_FDOPENDIR 1
| #define HAVE_FEXECVE 1
| #define HAVE_FORK 1
| #define HAVE_FPATHCONF 1
| #define HAVE_FSTATAT 1
| #define HAVE_FTIME 1
| #define HAVE_FTRUNCATE 1
| #define HAVE_FUTIMENS 1
| #define HAVE_FUTIMES 1
| #define HAVE_FUTIMESAT 1
| #define HAVE_GAI_STRERROR 1
| #define HAVE_GETEGID 1
| #define HAVE_GETEUID 1
| #define HAVE_GETGID 1
| #define HAVE_GETGRENT 1
| #define HAVE_GETGRGID 1
| #define HAVE_GETGRGID_R 1
| #define HAVE_GETGRNAM_R 1
| #define HAVE_GETGROUPLIST 1
| #define HAVE_GETHOSTNAME 1
| #define HAVE_GETITIMER 1
| #define HAVE_GETLOADAVG 1
| #define HAVE_GETLOGIN 1
| #define HAVE_GETLOGIN_R 1
| #define HAVE_GETPEERNAME 1
| #define HAVE_GETPGID 1
| #define HAVE_GETPID 1
| #define HAVE_GETPPID 1
| #define HAVE_GETPRIORITY 1
| #define HAVE_GETPWENT 1
| #define HAVE_GETPWNAM_R 1
| #define HAVE_GETPWUID 1
| #define HAVE_GETPWUID_R 1
| #define HAVE_GETRESGID 1
| #define HAVE_GETRESUID 1
| #define HAVE_GETRUSAGE 1
| #define HAVE_GETSID 1
| #define HAVE_GETSPENT 1
| #define HAVE_GETSPNAM 1
| #define HAVE_GETUID 1
| #define HAVE_GETWD 1
| #define HAVE_GRANTPT 1
| #define HAVE_IF_NAMEINDEX 1
| #define HAVE_INITGROUPS 1
| #define HAVE_KILL 1
| #define HAVE_KILLPG 1
| #define HAVE_LCHOWN 1
| #define HAVE_LINKAT 1
| #define HAVE_LOCKF 1
| #define HAVE_LSTAT 1
| #define HAVE_LUTIMES 1
| #define HAVE_MADVISE 1
| #define HAVE_MBRTOWC 1
| #define HAVE_MEMRCHR 1
| #define HAVE_MKDIRAT 1
| #define HAVE_MKFIFO 1
| #define HAVE_MKFIFOAT 1
| #define HAVE_MKNOD 1
| #define HAVE_MKNODAT 1
| #define HAVE_MKTIME 1
| #define HAVE_MMAP 1
| #define HAVE_MREMAP 1
| #define HAVE_NICE 1
| #define HAVE_OPENAT 1
| #define HAVE_OPENDIR 1
| #define HAVE_PATHCONF 1
| #define HAVE_PAUSE 1
| #define HAVE_PIPE 1
| #define HAVE_PIPE2 1
| #define HAVE_POLL 1
| #define HAVE_POSIX_FADVISE 1
| #define HAVE_POSIX_FALLOCATE 1
| #define HAVE_POSIX_OPENPT 1
| #define HAVE_POSIX_SPAWN 1
| #define HAVE_POSIX_SPAWNP 1
| #define HAVE_POSIX_SPAWN_FILE_ACTIONS_ADDCLOSEFROM_NP 1
| #define HAVE_PREAD 1
| #define HAVE_PREADV 1
| #define HAVE_PREADV2 1
| #define HAVE_PROCESS_VM_READV 1
| #define HAVE_PTHREAD_CONDATTR_SETCLOCK 1
| #define HAVE_PTHREAD_KILL 1
| #define HAVE_PTSNAME 1
| #define HAVE_PTSNAME_R 1
| #define HAVE_PWRITE 1
| #define HAVE_PWRITEV 1
| #define HAVE_PWRITEV2 1
| #define HAVE_READLINK 1
| #define HAVE_READLINKAT 1
| #define HAVE_READV 1
| #define HAVE_REALPATH 1
| #define HAVE_RENAMEAT 1
| #define HAVE_SCHED_GET_PRIORITY_MAX 1
| #define HAVE_SCHED_RR_GET_INTERVAL 1
| #define HAVE_SCHED_SETAFFINITY 1
| #define HAVE_SCHED_SETPARAM 1
| #define HAVE_SCHED_SETSCHEDULER 1
| #define HAVE_SEM_CLOCKWAIT 1
| #define HAVE_SEM_GETVALUE 1
| #define HAVE_SEM_OPEN 1
| #define HAVE_SEM_TIMEDWAIT 1
| #define HAVE_SEM_UNLINK 1
| #define HAVE_SENDFILE 1
| #define HAVE_SETEGID 1
| #define HAVE_SETEUID 1
| #define HAVE_SETGID 1
| #define HAVE_SETHOSTNAME 1
| #define HAVE_SETITIMER 1
| #define HAVE_SETLOCALE 1
| #define HAVE_SETPGID 1
| #define HAVE_SETPGRP 1
| #define HAVE_SETPRIORITY 1
| #define HAVE_SETREGID 1
| #define HAVE_SETRESGID 1
| #define HAVE_SETRESUID 1
| #define HAVE_SETREUID 1
| #define HAVE_SETSID 1
| #define HAVE_SETUID 1
| #define HAVE_SETVBUF 1
| #define HAVE_SHUTDOWN 1
| #define HAVE_SIGACTION 1
| #define HAVE_SIGALTSTACK 1
| #define HAVE_SIGFILLSET 1
| #define HAVE_SIGINTERRUPT 1
| #define HAVE_SIGPENDING 1
| #define HAVE_SIGRELSE 1
| #define HAVE_SIGTIMEDWAIT 1
| #define HAVE_SIGWAIT 1
| #define HAVE_SIGWAITINFO 1
| #define HAVE_SNPRINTF 1
| #define HAVE_SPLICE 1
| #define HAVE_STRFTIME 1
| #define HAVE_STRSIGNAL 1
| #define HAVE_SYMLINKAT 1
| #define HAVE_SYNC 1
| #define HAVE_SYSCONF 1
| #define HAVE_TCGETPGRP 1
| #define HAVE_TCSETPGRP 1
| #define HAVE_TEMPNAM 1
| #define HAVE_TIMEGM 1
| #define HAVE_TIMES 1
| #define HAVE_TMPFILE 1
| #define HAVE_TMPNAM 1
| #define HAVE_TMPNAM_R 1
| #define HAVE_TRUNCATE 1
| #define HAVE_TTYNAME_R 1
| #define HAVE_UMASK 1
| #define HAVE_UNAME 1
| #define HAVE_UNLINKAT 1
| #define HAVE_UNLOCKPT 1
| #define HAVE_UTIMENSAT 1
| #define HAVE_UTIMES 1
| #define HAVE_VFORK 1
| #define HAVE_WAIT 1
| #define HAVE_WAIT3 1
| #define HAVE_WAIT4 1
| #define HAVE_WAITID 1
| #define HAVE_WAITPID 1
| #define HAVE_WCSCOLL 1
| #define HAVE_WCSFTIME 1
| #define HAVE_WCSXFRM 1
| #define HAVE_WMEMCMP 1
| #define HAVE_WRITEV 1
| #define HAVE_GETENTROPY 1
| #define HAVE_GETGROUPS 1
| #define HAVE_SYSTEM 1
| #define HAVE_DIRFD 1
| #define HAVE_CHROOT 1
| #define HAVE_LINK 1
| #define HAVE_SYMLINK 1
| #define HAVE_FCHDIR 1
| #define HAVE_FSYNC 1
| #define HAVE_FDATASYNC 1
| #define HAVE_EPOLL 1
| #define HAVE_EPOLL_CREATE1 1
| #define HAVE_PRLIMIT 1
| #define HAVE_MEMFD_CREATE 1
| #define HAVE_EVENTFD 1
| #define HAVE_TIMERFD_CREATE 1
| #define HAVE_FLOCK 1
| #define HAVE_GETPAGESIZE 1
| #define HAVE_ZLIB_COPY 1
| #define HAVE_BZLIB_H 1
| #define HAVE_HSTRERROR 1
| #define HAVE_GETSERVBYNAME 1
| #define HAVE_GETSERVBYPORT 1
| #define HAVE_GETHOSTBYNAME 1
| #define HAVE_GETHOSTBYADDR 1
| #define HAVE_GETPROTOBYNAME 1
| #define HAVE_INET_ATON 1
| #define HAVE_INET_NTOA 1
| #define HAVE_INET_PTON 1
| #define HAVE_GETPEERNAME 1
| #define HAVE_GETSOCKNAME 1
| #define HAVE_ACCEPT 1
| #define HAVE_BIND 1
| #define HAVE_CONNECT 1
| #define HAVE_LISTEN 1
| #define HAVE_RECVFROM 1
| #define HAVE_SENDTO 1
| #define HAVE_SETSOCKOPT 1
| #define HAVE_SOCKET 1
| #define HAVE_SETGROUPS 1
| #define HAVE_DECL_UT_NAMESIZE 1
| #define HAVE_UT_NAMESIZE 1
| #define HAVE_OPENPTY 1
| #define HAVE_LOGIN_TTY 1
| #define HAVE_FORKPTY 1
| /* end confdefs.h.  */
| /* Define fseek64 to an innocuous variant, in case <limits.h> declares fseek64.
|    For example, HP-UX 11i <limits.h> declares gettimeofday.  */
| #define fseek64 innocuous_fseek64
| 
| /* System header to define __stub macros and hopefully few prototypes,
|    which can conflict with char fseek64 (); below.  */
| 
| #include <limits.h>
| #undef fseek64
| 
| /* Override any GCC internal prototype to avoid an error.
|    Use char because int might match the return type of a GCC
|    builtin and then its argument prototype would still apply.  */
| #ifdef __cplusplus
| extern "C"
| #endif
| char fseek64 ();
| /* The GNU C library defines this for functions which it implements
|     to always fail with ENOSYS.  Some functions are actually named
|     something starting with __ and the normal name is an alias.  */
| #if defined __stub_fseek64 || defined __stub___fseek64
| choke me
| #endif
| 
| int
| main (void)
| {
| return fseek64 ();
|   ;
|   return 0;
| }
configure:22393: result: no
configure:22399: checking for fseeko
configure:22399: gcc -o conftest    conftest.c -ldl  >&5
configure:22399: $? = 0
configure:22399: result: yes
configure:22405: checking for fstatvfs
configure:22405: gcc -o conftest    conftest.c -ldl  >&5
configure:22405: $? = 0
configure:22405: result: yes
configure:22411: checking for ftell64
configure:22411: gcc -o conftest    conftest.c -ldl  >&5
/usr/bin/ld: /tmp/cca21CRc.o: in function `main':
conftest.c:(.text+0xa): undefined reference to `ftell64'
collect2: error: ld returned 1 exit status
configure:22411: $? = 1
configure: failed program was:
| /* confdefs.h */
| #define _NETBSD_SOURCE 1
| #define __BSD_VISIBLE 1
| #define _DARWIN_C_SOURCE 1
| #define _PYTHONFRAMEWORK ""
| #define _XOPEN_SOURCE 700
| #define _XOPEN_SOURCE_EXTENDED 1
| #define _POSIX_C_SOURCE 200809L
| #define HAVE_STDIO_H 1
| #define HAVE_STDLIB_H 1
| #define HAVE_STRING_H 1
| #define HAVE_INTTYPES_H 1
| #define HAVE_STDINT_H 1
| #define HAVE_STRINGS_H 1
| #define HAVE_SYS_STAT_H 1
| #define HAVE_SYS_TYPES_H 1
| #define HAVE_UNISTD_H 1
| #define HAVE_WCHAR_H 1
| #define STDC_HEADERS 1
| #define _ALL_SOURCE 1
| #define _DARWIN_C_SOURCE 1
| #define _GNU_SOURCE 1
| #define _HPUX_ALT_XOPEN_SOCKET_API 1
| #define _NETBSD_SOURCE 1
| #define _OPENBSD_SOURCE 1
| #define _POSIX_PTHREAD_SEMANTICS 1
| #define __STDC_WANT_IEC_60559_ATTRIBS_EXT__ 1
| #define __STDC_WANT_IEC_60559_BFP_EXT__ 1
| #define __STDC_WANT_IEC_60559_DFP_EXT__ 1
| #define __STDC_WANT_IEC_60559_FUNCS_EXT__ 1
| #define __STDC_WANT_IEC_60559_TYPES_EXT__ 1
| #define __STDC_WANT_LIB_EXT2__ 1
| #define __STDC_WANT_MATH_SPEC_FUNCS__ 1
| #define _TANDEM_SOURCE 1
| #define __EXTENSIONS__ 1
| #define PY_SUPPORT_TIER 1
| #define STDC_HEADERS 1
| #define HAVE_ALLOCA_H 1
| #define HAVE_ASM_TYPES_H 1
| #define HAVE_DLFCN_H 1
| #define HAVE_ENDIAN_H 1
| #define HAVE_ERRNO_H 1
| #define HAVE_FCNTL_H 1
| #define HAVE_GRP_H 1
| #define HAVE_LANGINFO_H 1
| #define HAVE_LIBINTL_H 1
| #define HAVE_LINUX_AUXVEC_H 1
| #define HAVE_SYS_AUXV_H 1
| #define HAVE_LINUX_FS_H 1
| #define HAVE_LINUX_LIMITS_H 1
| #define HAVE_LINUX_MEMFD_H 1
| #define HAVE_LINUX_RANDOM_H 1
| #define HAVE_LINUX_SOUNDCARD_H 1
| #define HAVE_LINUX_TIPC_H 1
| #define HAVE_LINUX_WAIT_H 1
| #define HAVE_NETDB_H 1
| #define HAVE_NET_ETHERNET_H 1
| #define HAVE_NETINET_IN_H 1
| #define HAVE_NETPACKET_PACKET_H 1
| #define HAVE_POLL_H 1
| #define HAVE_PTHREAD_H 1
| #define HAVE_PTY_H 1
| #define HAVE_SCHED_H 1
| #define HAVE_SETJMP_H 1
| #define HAVE_SHADOW_H 1
| #define HAVE_SIGNAL_H 1
| #define HAVE_SPAWN_H 1
| #define HAVE_SYS_EPOLL_H 1
| #define HAVE_SYS_EVENTFD_H 1
| #define HAVE_SYS_FILE_H 1
| #define HAVE_SYS_IOCTL_H 1
| #define HAVE_SYS_MMAN_H 1
| #define HAVE_SYS_PARAM_H 1
| #define HAVE_SYS_PIDFD_H 1
| #define HAVE_SYS_POLL_H 1
| #define HAVE_SYS_RANDOM_H 1
| #define HAVE_SYS_RESOURCE_H 1
| #define HAVE_SYS_SELECT_H 1
| #define HAVE_SYS_SENDFILE_H 1
| #define HAVE_SYS_SOCKET_H 1
| #define HAVE_SYS_SOUNDCARD_H 1
| #define HAVE_SYS_STAT_H 1
| #define HAVE_SYS_STATVFS_H 1
| #define HAVE_SYS_SYSCALL_H 1
| #define HAVE_SYS_SYSMACROS_H 1
| #define HAVE_SYS_TIME_H 1
| #define HAVE_SYS_TIMES_H 1
| #define HAVE_SYS_TIMERFD_H 1
| #define HAVE_SYS_TYPES_H 1
| #define HAVE_SYS_UIO_H 1
| #define HAVE_SYS_UN_H 1
| #define HAVE_SYS_UTSNAME_H 1
| #define HAVE_SYS_WAIT_H 1
| #define HAVE_SYS_XATTR_H 1
| #define HAVE_SYSEXITS_H 1
| #define HAVE_SYSLOG_H 1
| #define HAVE_TERMIOS_H 1
| #define HAVE_UTIME_H 1
| #define HAVE_UTMP_H 1
| #define HAVE_DIRENT_H 1
| #define MAJOR_IN_SYSMACROS 1
| #define HAVE_NET_IF_H 1
| #define HAVE_LINUX_NETLINK_H 1
| #define HAVE_LINUX_QRTR_H 1
| #define HAVE_LINUX_VM_SOCKETS_H 1
| #define HAVE_LINUX_CAN_H 1
| #define HAVE_LINUX_CAN_BCM_H 1
| #define HAVE_LINUX_CAN_J1939_H 1
| #define HAVE_LINUX_CAN_RAW_H 1
| #define HAVE_CLOCK_T 1
| #define HAVE_MAKEDEV 1
| #define HAVE_HTOLE64 1
| #define _LARGEFILE_SOURCE 1
| #define _FILE_OFFSET_BITS 64
| #if defined(SCO_DS)
| #undef _OFF_T
| #endif
| #define RETSIGTYPE void
| #define HAVE_SSIZE_T 1
| #define HAVE___UINT128_T 1
| #define HAVE_GCC_UINT128_T 1
| #define SIZEOF_INT 4
| #define SIZEOF_LONG 8
| #define ALIGNOF_LONG 8
| #define SIZEOF_LONG_LONG 8
| #define SIZEOF_VOID_P 8
| #define SIZEOF_SHORT 2
| #define SIZEOF_FLOAT 4
| #define SIZEOF_DOUBLE 8
| #define SIZEOF_FPOS_T 16
| #define SIZEOF_SIZE_T 8
| #define ALIGNOF_SIZE_T 8
| #define SIZEOF_PID_T 4
| #define SIZEOF_UINTPTR_T 8
| #define ALIGNOF_MAX_ALIGN_T 16
| #define HAVE_LONG_DOUBLE 1
| #define SIZEOF_LONG_DOUBLE 16
| #define SIZEOF__BOOL 1
| #define SIZEOF_OFF_T 8
| #define SIZEOF_TIME_T 8
| #define SIZEOF_PTHREAD_T 8
| #define SIZEOF_PTHREAD_KEY_T 4
| #define PTHREAD_KEY_T_IS_COMPATIBLE_WITH_INT 1
| #define PY_HAVE_PERF_TRAMPOLINE 1
| #define HAVE_LIBDL 1
| #define HAVE_FFI_PREP_CIF_VAR 1
| #define HAVE_FFI_PREP_CLOSURE_LOC 1
| #define HAVE_FFI_CLOSURE_ALLOC 1
| #define WITH_DECIMAL_CONTEXTVAR 1
| #define HAVE_LIBSQLITE3 1
| #define HAVE_LIBSQLITE3 1
| #define HAVE_LIBSQLITE3 1
| #define HAVE_LIBSQLITE3 1
| #define HAVE_LIBSQLITE3 1
| #define HAVE_LIBSQLITE3 1
| #define HAVE_LIBSQLITE3 1
| #define HAVE_LIBSQLITE3 1
| #define HAVE_LIBSQLITE3 1
| #define PY_SQLITE_HAVE_SERIALIZE 1
| #define _REENTRANT 1
| #define PTHREAD_SYSTEM_SCHED_SUPPORTED 1
| #define HAVE_PTHREAD_SIGMASK 1
| #define HAVE_PTHREAD_GETCPUCLOCKID 1
| #define ENABLE_IPV6 1
| #define HAVE_LINUX_CAN_RAW_FD_FRAMES 1
| #define HAVE_LINUX_CAN_RAW_JOIN_FILTERS 1
| #define WITH_DOC_STRINGS 1
| #define HAVE_STD_ATOMIC 1
| #define HAVE_BUILTIN_ATOMIC 1
| #define WITH_MIMALLOC 1
| #define WITH_PYMALLOC 1
| #define WITH_FREELISTS 1
| #define PY_COERCE_C_LOCALE 1
| #define HAVE_DLOPEN 1
| #define HAVE_DYNAMIC_LOADING 1
| #define HAVE_ACCEPT4 1
| #define HAVE_ALARM 1
| #define HAVE_BIND_TEXTDOMAIN_CODESET 1
| #define HAVE_CHMOD 1
| #define HAVE_CHOWN 1
| #define HAVE_CLOCK 1
| #define HAVE_CLOSEFROM 1
| #define HAVE_CLOSE_RANGE 1
| #define HAVE_CONFSTR 1
| #define HAVE_COPY_FILE_RANGE 1
| #define HAVE_CTERMID 1
| #define HAVE_DUP 1
| #define HAVE_DUP3 1
| #define HAVE_EXECV 1
| #define HAVE_EXPLICIT_BZERO 1
| #define HAVE_FACCESSAT 1
| #define HAVE_FCHMOD 1
| #define HAVE_FCHMODAT 1
| #define HAVE_FCHOWN 1
| #define HAVE_FCHOWNAT 1
| #define HAVE_FDOPENDIR 1
| #define HAVE_FEXECVE 1
| #define HAVE_FORK 1
| #define HAVE_FPATHCONF 1
| #define HAVE_FSTATAT 1
| #define HAVE_FTIME 1
| #define HAVE_FTRUNCATE 1
| #define HAVE_FUTIMENS 1
| #define HAVE_FUTIMES 1
| #define HAVE_FUTIMESAT 1
| #define HAVE_GAI_STRERROR 1
| #define HAVE_GETEGID 1
| #define HAVE_GETEUID 1
| #define HAVE_GETGID 1
| #define HAVE_GETGRENT 1
| #define HAVE_GETGRGID 1
| #define HAVE_GETGRGID_R 1
| #define HAVE_GETGRNAM_R 1
| #define HAVE_GETGROUPLIST 1
| #define HAVE_GETHOSTNAME 1
| #define HAVE_GETITIMER 1
| #define HAVE_GETLOADAVG 1
| #define HAVE_GETLOGIN 1
| #define HAVE_GETLOGIN_R 1
| #define HAVE_GETPEERNAME 1
| #define HAVE_GETPGID 1
| #define HAVE_GETPID 1
| #define HAVE_GETPPID 1
| #define HAVE_GETPRIORITY 1
| #define HAVE_GETPWENT 1
| #define HAVE_GETPWNAM_R 1
| #define HAVE_GETPWUID 1
| #define HAVE_GETPWUID_R 1
| #define HAVE_GETRESGID 1
| #define HAVE_GETRESUID 1
| #define HAVE_GETRUSAGE 1
| #define HAVE_GETSID 1
| #define HAVE_GETSPENT 1
| #define HAVE_GETSPNAM 1
| #define HAVE_GETUID 1
| #define HAVE_GETWD 1
| #define HAVE_GRANTPT 1
| #define HAVE_IF_NAMEINDEX 1
| #define HAVE_INITGROUPS 1
| #define HAVE_KILL 1
| #define HAVE_KILLPG 1
| #define HAVE_LCHOWN 1
| #define HAVE_LINKAT 1
| #define HAVE_LOCKF 1
| #define HAVE_LSTAT 1
| #define HAVE_LUTIMES 1
| #define HAVE_MADVISE 1
| #define HAVE_MBRTOWC 1
| #define HAVE_MEMRCHR 1
| #define HAVE_MKDIRAT 1
| #define HAVE_MKFIFO 1
| #define HAVE_MKFIFOAT 1
| #define HAVE_MKNOD 1
| #define HAVE_MKNODAT 1
| #define HAVE_MKTIME 1
| #define HAVE_MMAP 1
| #define HAVE_MREMAP 1
| #define HAVE_NICE 1
| #define HAVE_OPENAT 1
| #define HAVE_OPENDIR 1
| #define HAVE_PATHCONF 1
| #define HAVE_PAUSE 1
| #define HAVE_PIPE 1
| #define HAVE_PIPE2 1
| #define HAVE_POLL 1
| #define HAVE_POSIX_FADVISE 1
| #define HAVE_POSIX_FALLOCATE 1
| #define HAVE_POSIX_OPENPT 1
| #define HAVE_POSIX_SPAWN 1
| #define HAVE_POSIX_SPAWNP 1
| #define HAVE_POSIX_SPAWN_FILE_ACTIONS_ADDCLOSEFROM_NP 1
| #define HAVE_PREAD 1
| #define HAVE_PREADV 1
| #define HAVE_PREADV2 1
| #define HAVE_PROCESS_VM_READV 1
| #define HAVE_PTHREAD_CONDATTR_SETCLOCK 1
| #define HAVE_PTHREAD_KILL 1
| #define HAVE_PTSNAME 1
| #define HAVE_PTSNAME_R 1
| #define HAVE_PWRITE 1
| #define HAVE_PWRITEV 1
| #define HAVE_PWRITEV2 1
| #define HAVE_READLINK 1
| #define HAVE_READLINKAT 1
| #define HAVE_READV 1
| #define HAVE_REALPATH 1
| #define HAVE_RENAMEAT 1
| #define HAVE_SCHED_GET_PRIORITY_MAX 1
| #define HAVE_SCHED_RR_GET_INTERVAL 1
| #define HAVE_SCHED_SETAFFINITY 1
| #define HAVE_SCHED_SETPARAM 1
| #define HAVE_SCHED_SETSCHEDULER 1
| #define HAVE_SEM_CLOCKWAIT 1
| #define HAVE_SEM_GETVALUE 1
| #define HAVE_SEM_OPEN 1
| #define HAVE_SEM_TIMEDWAIT 1
| #define HAVE_SEM_UNLINK 1
| #define HAVE_SENDFILE 1
| #define HAVE_SETEGID 1
| #define HAVE_SETEUID 1
| #define HAVE_SETGID 1
| #define HAVE_SETHOSTNAME 1
| #define HAVE_SETITIMER 1
| #define HAVE_SETLOCALE 1
| #define HAVE_SETPGID 1
| #define HAVE_SETPGRP 1
| #define HAVE_SETPRIORITY 1
| #define HAVE_SETREGID 1
| #define HAVE_SETRESGID 1
| #define HAVE_SETRESUID 1
| #define HAVE_SETREUID 1
| #define HAVE_SETSID 1
| #define HAVE_SETUID 1
| #define HAVE_SETVBUF 1
| #define HAVE_SHUTDOWN 1
| #define HAVE_SIGACTION 1
| #define HAVE_SIGALTSTACK 1
| #define HAVE_SIGFILLSET 1
| #define HAVE_SIGINTERRUPT 1
| #define HAVE_SIGPENDING 1
| #define HAVE_SIGRELSE 1
| #define HAVE_SIGTIMEDWAIT 1
| #define HAVE_SIGWAIT 1
| #define HAVE_SIGWAITINFO 1
| #define HAVE_SNPRINTF 1
| #define HAVE_SPLICE 1
| #define HAVE_STRFTIME 1
| #define HAVE_STRSIGNAL 1
| #define HAVE_SYMLINKAT 1
| #define HAVE_SYNC 1
| #define HAVE_SYSCONF 1
| #define HAVE_TCGETPGRP 1
| #define HAVE_TCSETPGRP 1
| #define HAVE_TEMPNAM 1
| #define HAVE_TIMEGM 1
| #define HAVE_TIMES 1
| #define HAVE_TMPFILE 1
| #define HAVE_TMPNAM 1
| #define HAVE_TMPNAM_R 1
| #define HAVE_TRUNCATE 1
| #define HAVE_TTYNAME_R 1
| #define HAVE_UMASK 1
| #define HAVE_UNAME 1
| #define HAVE_UNLINKAT 1
| #define HAVE_UNLOCKPT 1
| #define HAVE_UTIMENSAT 1
| #define HAVE_UTIMES 1
| #define HAVE_VFORK 1
| #define HAVE_WAIT 1
| #define HAVE_WAIT3 1
| #define HAVE_WAIT4 1
| #define HAVE_WAITID 1
| #define HAVE_WAITPID 1
| #define HAVE_WCSCOLL 1
| #define HAVE_WCSFTIME 1
| #define HAVE_WCSXFRM 1
| #define HAVE_WMEMCMP 1
| #define HAVE_WRITEV 1
| #define HAVE_GETENTROPY 1
| #define HAVE_GETGROUPS 1
| #define HAVE_SYSTEM 1
| #define HAVE_DIRFD 1
| #define HAVE_CHROOT 1
| #define HAVE_LINK 1
| #define HAVE_SYMLINK 1
| #define HAVE_FCHDIR 1
| #define HAVE_FSYNC 1
| #define HAVE_FDATASYNC 1
| #define HAVE_EPOLL 1
| #define HAVE_EPOLL_CREATE1 1
| #define HAVE_PRLIMIT 1
| #define HAVE_MEMFD_CREATE 1
| #define HAVE_EVENTFD 1
| #define HAVE_TIMERFD_CREATE 1
| #define HAVE_FLOCK 1
| #define HAVE_GETPAGESIZE 1
| #define HAVE_ZLIB_COPY 1
| #define HAVE_BZLIB_H 1
| #define HAVE_HSTRERROR 1
| #define HAVE_GETSERVBYNAME 1
| #define HAVE_GETSERVBYPORT 1
| #define HAVE_GETHOSTBYNAME 1
| #define HAVE_GETHOSTBYADDR 1
| #define HAVE_GETPROTOBYNAME 1
| #define HAVE_INET_ATON 1
| #define HAVE_INET_NTOA 1
| #define HAVE_INET_PTON 1
| #define HAVE_GETPEERNAME 1
| #define HAVE_GETSOCKNAME 1
| #define HAVE_ACCEPT 1
| #define HAVE_BIND 1
| #define HAVE_CONNECT 1
| #define HAVE_LISTEN 1
| #define HAVE_RECVFROM 1
| #define HAVE_SENDTO 1
| #define HAVE_SETSOCKOPT 1
| #define HAVE_SOCKET 1
| #define HAVE_SETGROUPS 1
| #define HAVE_DECL_UT_NAMESIZE 1
| #define HAVE_UT_NAMESIZE 1
| #define HAVE_OPENPTY 1
| #define HAVE_LOGIN_TTY 1
| #define HAVE_FORKPTY 1
| #define HAVE_FSEEKO 1
| #define HAVE_FSTATVFS 1
| /* end confdefs.h.  */
| /* Define ftell64 to an innocuous variant, in case <limits.h> declares ftell64.
|    For example, HP-UX 11i <limits.h> declares gettimeofday.  */
| #define ftell64 innocuous_ftell64
| 
| /* System header to define __stub macros and hopefully few prototypes,
|    which can conflict with char ftell64 (); below.  */
| 
| #include <limits.h>
| #undef ftell64
| 
| /* Override any GCC internal prototype to avoid an error.
|    Use char because int might match the return type of a GCC
|    builtin and then its argument prototype would still apply.  */
| #ifdef __cplusplus
| extern "C"
| #endif
| char ftell64 ();
| /* The GNU C library defines this for functions which it implements
|     to always fail with ENOSYS.  Some functions are actually named
|     something starting with __ and the normal name is an alias.  */
| #if defined __stub_ftell64 || defined __stub___ftell64
| choke me
| #endif
| 
| int
| main (void)
| {
| return ftell64 ();
|   ;
|   return 0;
| }
configure:22411: result: no
configure:22417: checking for ftello
configure:22417: gcc -o conftest    conftest.c -ldl  >&5
configure:22417: $? = 0
configure:22417: result: yes
configure:22423: checking for statvfs
configure:22423: gcc -o conftest    conftest.c -ldl  >&5
configure:22423: $? = 0
configure:22423: result: yes
configure:22431: checking for dup2
configure:22431: gcc -o conftest    conftest.c -ldl  >&5
configure:22431: $? = 0
configure:22431: result: yes
configure:22448: checking for getpgrp
configure:22448: gcc -o conftest    conftest.c -ldl  >&5
configure:22448: $? = 0
configure:22448: result: yes
configure:22463: gcc -c   conftest.c >&5
conftest.c: In function 'main':
conftest.c:415:1: error: too many arguments to function 'getpgrp'
  415 | getpgrp(0);
      | ^~~~~~~
In file included from conftest.c:411:
/usr/include/unistd.h:656:16: note: declared here
  656 | extern __pid_t getpgrp (void) __THROW;
      |                ^~~~~~~
configure:22463: $? = 1
configure: failed program was:
| /* confdefs.h */
| #define _NETBSD_SOURCE 1
| #define __BSD_VISIBLE 1
| #define _DARWIN_C_SOURCE 1
| #define _PYTHONFRAMEWORK ""
| #define _XOPEN_SOURCE 700
| #define _XOPEN_SOURCE_EXTENDED 1
| #define _POSIX_C_SOURCE 200809L
| #define HAVE_STDIO_H 1
| #define HAVE_STDLIB_H 1
| #define HAVE_STRING_H 1
| #define HAVE_INTTYPES_H 1
| #define HAVE_STDINT_H 1
| #define HAVE_STRINGS_H 1
| #define HAVE_SYS_STAT_H 1
| #define HAVE_SYS_TYPES_H 1
| #define HAVE_UNISTD_H 1
| #define HAVE_WCHAR_H 1
| #define STDC_HEADERS 1
| #define _ALL_SOURCE 1
| #define _DARWIN_C_SOURCE 1
| #define _GNU_SOURCE 1
| #define _HPUX_ALT_XOPEN_SOCKET_API 1
| #define _NETBSD_SOURCE 1
| #define _OPENBSD_SOURCE 1
| #define _POSIX_PTHREAD_SEMANTICS 1
| #define __STDC_WANT_IEC_60559_ATTRIBS_EXT__ 1
| #define __STDC_WANT_IEC_60559_BFP_EXT__ 1
| #define __STDC_WANT_IEC_60559_DFP_EXT__ 1
| #define __STDC_WANT_IEC_60559_FUNCS_EXT__ 1
| #define __STDC_WANT_IEC_60559_TYPES_EXT__ 1
| #define __STDC_WANT_LIB_EXT2__ 1
| #define __STDC_WANT_MATH_SPEC_FUNCS__ 1
| #define _TANDEM_SOURCE 1
| #define __EXTENSIONS__ 1
| #define PY_SUPPORT_TIER 1
| #define STDC_HEADERS 1
| #define HAVE_ALLOCA_H 1
| #define HAVE_ASM_TYPES_H 1
| #define HAVE_DLFCN_H 1
| #define HAVE_ENDIAN_H 1
| #define HAVE_ERRNO_H 1
| #define HAVE_FCNTL_H 1
| #define HAVE_GRP_H 1
| #define HAVE_LANGINFO_H 1
| #define HAVE_LIBINTL_H 1
| #define HAVE_LINUX_AUXVEC_H 1
| #define HAVE_SYS_AUXV_H 1
| #define HAVE_LINUX_FS_H 1
| #define HAVE_LINUX_LIMITS_H 1
| #define HAVE_LINUX_MEMFD_H 1
| #define HAVE_LINUX_RANDOM_H 1
| #define HAVE_LINUX_SOUNDCARD_H 1
| #define HAVE_LINUX_TIPC_H 1
| #define HAVE_LINUX_WAIT_H 1
| #define HAVE_NETDB_H 1
| #define HAVE_NET_ETHERNET_H 1
| #define HAVE_NETINET_IN_H 1
| #define HAVE_NETPACKET_PACKET_H 1
| #define HAVE_POLL_H 1
| #define HAVE_PTHREAD_H 1
| #define HAVE_PTY_H 1
| #define HAVE_SCHED_H 1
| #define HAVE_SETJMP_H 1
| #define HAVE_SHADOW_H 1
| #define HAVE_SIGNAL_H 1
| #define HAVE_SPAWN_H 1
| #define HAVE_SYS_EPOLL_H 1
| #define HAVE_SYS_EVENTFD_H 1
| #define HAVE_SYS_FILE_H 1
| #define HAVE_SYS_IOCTL_H 1
| #define HAVE_SYS_MMAN_H 1
| #define HAVE_SYS_PARAM_H 1
| #define HAVE_SYS_PIDFD_H 1
| #define HAVE_SYS_POLL_H 1
| #define HAVE_SYS_RANDOM_H 1
| #define HAVE_SYS_RESOURCE_H 1
| #define HAVE_SYS_SELECT_H 1
| #define HAVE_SYS_SENDFILE_H 1
| #define HAVE_SYS_SOCKET_H 1
| #define HAVE_SYS_SOUNDCARD_H 1
| #define HAVE_SYS_STAT_H 1
| #define HAVE_SYS_STATVFS_H 1
| #define HAVE_SYS_SYSCALL_H 1
| #define HAVE_SYS_SYSMACROS_H 1
| #define HAVE_SYS_TIME_H 1
| #define HAVE_SYS_TIMES_H 1
| #define HAVE_SYS_TIMERFD_H 1
| #define HAVE_SYS_TYPES_H 1
| #define HAVE_SYS_UIO_H 1
| #define HAVE_SYS_UN_H 1
| #define HAVE_SYS_UTSNAME_H 1
| #define HAVE_SYS_WAIT_H 1
| #define HAVE_SYS_XATTR_H 1
| #define HAVE_SYSEXITS_H 1
| #define HAVE_SYSLOG_H 1
| #define HAVE_TERMIOS_H 1
| #define HAVE_UTIME_H 1
| #define HAVE_UTMP_H 1
| #define HAVE_DIRENT_H 1
| #define MAJOR_IN_SYSMACROS 1
| #define HAVE_NET_IF_H 1
| #define HAVE_LINUX_NETLINK_H 1
| #define HAVE_LINUX_QRTR_H 1
| #define HAVE_LINUX_VM_SOCKETS_H 1
| #define HAVE_LINUX_CAN_H 1
| #define HAVE_LINUX_CAN_BCM_H 1
| #define HAVE_LINUX_CAN_J1939_H 1
| #define HAVE_LINUX_CAN_RAW_H 1
| #define HAVE_CLOCK_T 1
| #define HAVE_MAKEDEV 1
| #define HAVE_HTOLE64 1
| #define _LARGEFILE_SOURCE 1
| #define _FILE_OFFSET_BITS 64
| #if defined(SCO_DS)
| #undef _OFF_T
| #endif
| #define RETSIGTYPE void
| #define HAVE_SSIZE_T 1
| #define HAVE___UINT128_T 1
| #define HAVE_GCC_UINT128_T 1
| #define SIZEOF_INT 4
| #define SIZEOF_LONG 8
| #define ALIGNOF_LONG 8
| #define SIZEOF_LONG_LONG 8
| #define SIZEOF_VOID_P 8
| #define SIZEOF_SHORT 2
| #define SIZEOF_FLOAT 4
| #define SIZEOF_DOUBLE 8
| #define SIZEOF_FPOS_T 16
| #define SIZEOF_SIZE_T 8
| #define ALIGNOF_SIZE_T 8
| #define SIZEOF_PID_T 4
| #define SIZEOF_UINTPTR_T 8
| #define ALIGNOF_MAX_ALIGN_T 16
| #define HAVE_LONG_DOUBLE 1
| #define SIZEOF_LONG_DOUBLE 16
| #define SIZEOF__BOOL 1
| #define SIZEOF_OFF_T 8
| #define SIZEOF_TIME_T 8
| #define SIZEOF_PTHREAD_T 8
| #define SIZEOF_PTHREAD_KEY_T 4
| #define PTHREAD_KEY_T_IS_COMPATIBLE_WITH_INT 1
| #define PY_HAVE_PERF_TRAMPOLINE 1
| #define HAVE_LIBDL 1
| #define HAVE_FFI_PREP_CIF_VAR 1
| #define HAVE_FFI_PREP_CLOSURE_LOC 1
| #define HAVE_FFI_CLOSURE_ALLOC 1
| #define WITH_DECIMAL_CONTEXTVAR 1
| #define HAVE_LIBSQLITE3 1
| #define HAVE_LIBSQLITE3 1
| #define HAVE_LIBSQLITE3 1
| #define HAVE_LIBSQLITE3 1
| #define HAVE_LIBSQLITE3 1
| #define HAVE_LIBSQLITE3 1
| #define HAVE_LIBSQLITE3 1
| #define HAVE_LIBSQLITE3 1
| #define HAVE_LIBSQLITE3 1
| #define PY_SQLITE_HAVE_SERIALIZE 1
| #define _REENTRANT 1
| #define PTHREAD_SYSTEM_SCHED_SUPPORTED 1
| #define HAVE_PTHREAD_SIGMASK 1
| #define HAVE_PTHREAD_GETCPUCLOCKID 1
| #define ENABLE_IPV6 1
| #define HAVE_LINUX_CAN_RAW_FD_FRAMES 1
| #define HAVE_LINUX_CAN_RAW_JOIN_FILTERS 1
| #define WITH_DOC_STRINGS 1
| #define HAVE_STD_ATOMIC 1
| #define HAVE_BUILTIN_ATOMIC 1
| #define WITH_MIMALLOC 1
| #define WITH_PYMALLOC 1
| #define WITH_FREELISTS 1
| #define PY_COERCE_C_LOCALE 1
| #define HAVE_DLOPEN 1
| #define HAVE_DYNAMIC_LOADING 1
| #define HAVE_ACCEPT4 1
| #define HAVE_ALARM 1
| #define HAVE_BIND_TEXTDOMAIN_CODESET 1
| #define HAVE_CHMOD 1
| #define HAVE_CHOWN 1
| #define HAVE_CLOCK 1
| #define HAVE_CLOSEFROM 1
| #define HAVE_CLOSE_RANGE 1
| #define HAVE_CONFSTR 1
| #define HAVE_COPY_FILE_RANGE 1
| #define HAVE_CTERMID 1
| #define HAVE_DUP 1
| #define HAVE_DUP3 1
| #define HAVE_EXECV 1
| #define HAVE_EXPLICIT_BZERO 1
| #define HAVE_FACCESSAT 1
| #define HAVE_FCHMOD 1
| #define HAVE_FCHMODAT 1
| #define HAVE_FCHOWN 1
| #define HAVE_FCHOWNAT 1
| #define HAVE_FDOPENDIR 1
| #define HAVE_FEXECVE 1
| #define HAVE_FORK 1
| #define HAVE_FPATHCONF 1
| #define HAVE_FSTATAT 1
| #define HAVE_FTIME 1
| #define HAVE_FTRUNCATE 1
| #define HAVE_FUTIMENS 1
| #define HAVE_FUTIMES 1
| #define HAVE_FUTIMESAT 1
| #define HAVE_GAI_STRERROR 1
| #define HAVE_GETEGID 1
| #define HAVE_GETEUID 1
| #define HAVE_GETGID 1
| #define HAVE_GETGRENT 1
| #define HAVE_GETGRGID 1
| #define HAVE_GETGRGID_R 1
| #define HAVE_GETGRNAM_R 1
| #define HAVE_GETGROUPLIST 1
| #define HAVE_GETHOSTNAME 1
| #define HAVE_GETITIMER 1
| #define HAVE_GETLOADAVG 1
| #define HAVE_GETLOGIN 1
| #define HAVE_GETLOGIN_R 1
| #define HAVE_GETPEERNAME 1
| #define HAVE_GETPGID 1
| #define HAVE_GETPID 1
| #define HAVE_GETPPID 1
| #define HAVE_GETPRIORITY 1
| #define HAVE_GETPWENT 1
| #define HAVE_GETPWNAM_R 1
| #define HAVE_GETPWUID 1
| #define HAVE_GETPWUID_R 1
| #define HAVE_GETRESGID 1
| #define HAVE_GETRESUID 1
| #define HAVE_GETRUSAGE 1
| #define HAVE_GETSID 1
| #define HAVE_GETSPENT 1
| #define HAVE_GETSPNAM 1
| #define HAVE_GETUID 1
| #define HAVE_GETWD 1
| #define HAVE_GRANTPT 1
| #define HAVE_IF_NAMEINDEX 1
| #define HAVE_INITGROUPS 1
| #define HAVE_KILL 1
| #define HAVE_KILLPG 1
| #define HAVE_LCHOWN 1
| #define HAVE_LINKAT 1
| #define HAVE_LOCKF 1
| #define HAVE_LSTAT 1
| #define HAVE_LUTIMES 1
| #define HAVE_MADVISE 1
| #define HAVE_MBRTOWC 1
| #define HAVE_MEMRCHR 1
| #define HAVE_MKDIRAT 1
| #define HAVE_MKFIFO 1
| #define HAVE_MKFIFOAT 1
| #define HAVE_MKNOD 1
| #define HAVE_MKNODAT 1
| #define HAVE_MKTIME 1
| #define HAVE_MMAP 1
| #define HAVE_MREMAP 1
| #define HAVE_NICE 1
| #define HAVE_OPENAT 1
| #define HAVE_OPENDIR 1
| #define HAVE_PATHCONF 1
| #define HAVE_PAUSE 1
| #define HAVE_PIPE 1
| #define HAVE_PIPE2 1
| #define HAVE_POLL 1
| #define HAVE_POSIX_FADVISE 1
| #define HAVE_POSIX_FALLOCATE 1
| #define HAVE_POSIX_OPENPT 1
| #define HAVE_POSIX_SPAWN 1
| #define HAVE_POSIX_SPAWNP 1
| #define HAVE_POSIX_SPAWN_FILE_ACTIONS_ADDCLOSEFROM_NP 1
| #define HAVE_PREAD 1
| #define HAVE_PREADV 1
| #define HAVE_PREADV2 1
| #define HAVE_PROCESS_VM_READV 1
| #define HAVE_PTHREAD_CONDATTR_SETCLOCK 1
| #define HAVE_PTHREAD_KILL 1
| #define HAVE_PTSNAME 1
| #define HAVE_PTSNAME_R 1
| #define HAVE_PWRITE 1
| #define HAVE_PWRITEV 1
| #define HAVE_PWRITEV2 1
| #define HAVE_READLINK 1
| #define HAVE_READLINKAT 1
| #define HAVE_READV 1
| #define HAVE_REALPATH 1
| #define HAVE_RENAMEAT 1
| #define HAVE_SCHED_GET_PRIORITY_MAX 1
| #define HAVE_SCHED_RR_GET_INTERVAL 1
| #define HAVE_SCHED_SETAFFINITY 1
| #define HAVE_SCHED_SETPARAM 1
| #define HAVE_SCHED_SETSCHEDULER 1
| #define HAVE_SEM_CLOCKWAIT 1
| #define HAVE_SEM_GETVALUE 1
| #define HAVE_SEM_OPEN 1
| #define HAVE_SEM_TIMEDWAIT 1
| #define HAVE_SEM_UNLINK 1
| #define HAVE_SENDFILE 1
| #define HAVE_SETEGID 1
| #define HAVE_SETEUID 1
| #define HAVE_SETGID 1
| #define HAVE_SETHOSTNAME 1
| #define HAVE_SETITIMER 1
| #define HAVE_SETLOCALE 1
| #define HAVE_SETPGID 1
| #define HAVE_SETPGRP 1
| #define HAVE_SETPRIORITY 1
| #define HAVE_SETREGID 1
| #define HAVE_SETRESGID 1
| #define HAVE_SETRESUID 1
| #define HAVE_SETREUID 1
| #define HAVE_SETSID 1
| #define HAVE_SETUID 1
| #define HAVE_SETVBUF 1
| #define HAVE_SHUTDOWN 1
| #define HAVE_SIGACTION 1
| #define HAVE_SIGALTSTACK 1
| #define HAVE_SIGFILLSET 1
| #define HAVE_SIGINTERRUPT 1
| #define HAVE_SIGPENDING 1
| #define HAVE_SIGRELSE 1
| #define HAVE_SIGTIMEDWAIT 1
| #define HAVE_SIGWAIT 1
| #define HAVE_SIGWAITINFO 1
| #define HAVE_SNPRINTF 1
| #define HAVE_SPLICE 1
| #define HAVE_STRFTIME 1
| #define HAVE_STRSIGNAL 1
| #define HAVE_SYMLINKAT 1
| #define HAVE_SYNC 1
| #define HAVE_SYSCONF 1
| #define HAVE_TCGETPGRP 1
| #define HAVE_TCSETPGRP 1
| #define HAVE_TEMPNAM 1
| #define HAVE_TIMEGM 1
| #define HAVE_TIMES 1
| #define HAVE_TMPFILE 1
| #define HAVE_TMPNAM 1
| #define HAVE_TMPNAM_R 1
| #define HAVE_TRUNCATE 1
| #define HAVE_TTYNAME_R 1
| #define HAVE_UMASK 1
| #define HAVE_UNAME 1
| #define HAVE_UNLINKAT 1
| #define HAVE_UNLOCKPT 1
| #define HAVE_UTIMENSAT 1
| #define HAVE_UTIMES 1
| #define HAVE_VFORK 1
| #define HAVE_WAIT 1
| #define HAVE_WAIT3 1
| #define HAVE_WAIT4 1
| #define HAVE_WAITID 1
| #define HAVE_WAITPID 1
| #define HAVE_WCSCOLL 1
| #define HAVE_WCSFTIME 1
| #define HAVE_WCSXFRM 1
| #define HAVE_WMEMCMP 1
| #define HAVE_WRITEV 1
| #define HAVE_GETENTROPY 1
| #define HAVE_GETGROUPS 1
| #define HAVE_SYSTEM 1
| #define HAVE_DIRFD 1
| #define HAVE_CHROOT 1
| #define HAVE_LINK 1
| #define HAVE_SYMLINK 1
| #define HAVE_FCHDIR 1
| #define HAVE_FSYNC 1
| #define HAVE_FDATASYNC 1
| #define HAVE_EPOLL 1
| #define HAVE_EPOLL_CREATE1 1
| #define HAVE_PRLIMIT 1
| #define HAVE_MEMFD_CREATE 1
| #define HAVE_EVENTFD 1
| #define HAVE_TIMERFD_CREATE 1
| #define HAVE_FLOCK 1
| #define HAVE_GETPAGESIZE 1
| #define HAVE_ZLIB_COPY 1
| #define HAVE_BZLIB_H 1
| #define HAVE_HSTRERROR 1
| #define HAVE_GETSERVBYNAME 1
| #define HAVE_GETSERVBYPORT 1
| #define HAVE_GETHOSTBYNAME 1
| #define HAVE_GETHOSTBYADDR 1
| #define HAVE_GETPROTOBYNAME 1
| #define HAVE_INET_ATON 1
| #define HAVE_INET_NTOA 1
| #define HAVE_INET_PTON 1
| #define HAVE_GETPEERNAME 1
| #define HAVE_GETSOCKNAME 1
| #define HAVE_ACCEPT 1
| #define HAVE_BIND 1
| #define HAVE_CONNECT 1
| #define HAVE_LISTEN 1
| #define HAVE_RECVFROM 1
| #define HAVE_SENDTO 1
| #define HAVE_SETSOCKOPT 1
| #define HAVE_SOCKET 1
| #define HAVE_SETGROUPS 1
| #define HAVE_DECL_UT_NAMESIZE 1
| #define HAVE_UT_NAMESIZE 1
| #define HAVE_OPENPTY 1
| #define HAVE_LOGIN_TTY 1
| #define HAVE_FORKPTY 1
| #define HAVE_FSEEKO 1
| #define HAVE_FSTATVFS 1
| #define HAVE_FTELLO 1
| #define HAVE_STATVFS 1
| #define HAVE_DUP2 1
| #define HAVE_GETPGRP 1
| /* end confdefs.h.  */
| #include <unistd.h>
| int
| main (void)
| {
| getpgrp(0);
|   ;
|   return 0;
| }
configure:22476: checking for setpgrp
configure:22476: result: yes
configure:22491: gcc -c   conftest.c >&5
conftest.c: In function 'main':
conftest.c:416:1: error: too many arguments to function 'setpgrp'
  416 | setpgrp(0,0);
      | ^~~~~~~
In file included from conftest.c:412:
/usr/include/unistd.h:682:12: note: declared here
  682 | extern int setpgrp (void) __THROW;
      |            ^~~~~~~
configure:22491: $? = 1
configure: failed program was:
| /* confdefs.h */
| #define _NETBSD_SOURCE 1
| #define __BSD_VISIBLE 1
| #define _DARWIN_C_SOURCE 1
| #define _PYTHONFRAMEWORK ""
| #define _XOPEN_SOURCE 700
| #define _XOPEN_SOURCE_EXTENDED 1
| #define _POSIX_C_SOURCE 200809L
| #define HAVE_STDIO_H 1
| #define HAVE_STDLIB_H 1
| #define HAVE_STRING_H 1
| #define HAVE_INTTYPES_H 1
| #define HAVE_STDINT_H 1
| #define HAVE_STRINGS_H 1
| #define HAVE_SYS_STAT_H 1
| #define HAVE_SYS_TYPES_H 1
| #define HAVE_UNISTD_H 1
| #define HAVE_WCHAR_H 1
| #define STDC_HEADERS 1
| #define _ALL_SOURCE 1
| #define _DARWIN_C_SOURCE 1
| #define _GNU_SOURCE 1
| #define _HPUX_ALT_XOPEN_SOCKET_API 1
| #define _NETBSD_SOURCE 1
| #define _OPENBSD_SOURCE 1
| #define _POSIX_PTHREAD_SEMANTICS 1
| #define __STDC_WANT_IEC_60559_ATTRIBS_EXT__ 1
| #define __STDC_WANT_IEC_60559_BFP_EXT__ 1
| #define __STDC_WANT_IEC_60559_DFP_EXT__ 1
| #define __STDC_WANT_IEC_60559_FUNCS_EXT__ 1
| #define __STDC_WANT_IEC_60559_TYPES_EXT__ 1
| #define __STDC_WANT_LIB_EXT2__ 1
| #define __STDC_WANT_MATH_SPEC_FUNCS__ 1
| #define _TANDEM_SOURCE 1
| #define __EXTENSIONS__ 1
| #define PY_SUPPORT_TIER 1
| #define STDC_HEADERS 1
| #define HAVE_ALLOCA_H 1
| #define HAVE_ASM_TYPES_H 1
| #define HAVE_DLFCN_H 1
| #define HAVE_ENDIAN_H 1
| #define HAVE_ERRNO_H 1
| #define HAVE_FCNTL_H 1
| #define HAVE_GRP_H 1
| #define HAVE_LANGINFO_H 1
| #define HAVE_LIBINTL_H 1
| #define HAVE_LINUX_AUXVEC_H 1
| #define HAVE_SYS_AUXV_H 1
| #define HAVE_LINUX_FS_H 1
| #define HAVE_LINUX_LIMITS_H 1
| #define HAVE_LINUX_MEMFD_H 1
| #define HAVE_LINUX_RANDOM_H 1
| #define HAVE_LINUX_SOUNDCARD_H 1
| #define HAVE_LINUX_TIPC_H 1
| #define HAVE_LINUX_WAIT_H 1
| #define HAVE_NETDB_H 1
| #define HAVE_NET_ETHERNET_H 1
| #define HAVE_NETINET_IN_H 1
| #define HAVE_NETPACKET_PACKET_H 1
| #define HAVE_POLL_H 1
| #define HAVE_PTHREAD_H 1
| #define HAVE_PTY_H 1
| #define HAVE_SCHED_H 1
| #define HAVE_SETJMP_H 1
| #define HAVE_SHADOW_H 1
| #define HAVE_SIGNAL_H 1
| #define HAVE_SPAWN_H 1
| #define HAVE_SYS_EPOLL_H 1
| #define HAVE_SYS_EVENTFD_H 1
| #define HAVE_SYS_FILE_H 1
| #define HAVE_SYS_IOCTL_H 1
| #define HAVE_SYS_MMAN_H 1
| #define HAVE_SYS_PARAM_H 1
| #define HAVE_SYS_PIDFD_H 1
| #define HAVE_SYS_POLL_H 1
| #define HAVE_SYS_RANDOM_H 1
| #define HAVE_SYS_RESOURCE_H 1
| #define HAVE_SYS_SELECT_H 1
| #define HAVE_SYS_SENDFILE_H 1
| #define HAVE_SYS_SOCKET_H 1
| #define HAVE_SYS_SOUNDCARD_H 1
| #define HAVE_SYS_STAT_H 1
| #define HAVE_SYS_STATVFS_H 1
| #define HAVE_SYS_SYSCALL_H 1
| #define HAVE_SYS_SYSMACROS_H 1
| #define HAVE_SYS_TIME_H 1
| #define HAVE_SYS_TIMES_H 1
| #define HAVE_SYS_TIMERFD_H 1
| #define HAVE_SYS_TYPES_H 1
| #define HAVE_SYS_UIO_H 1
| #define HAVE_SYS_UN_H 1
| #define HAVE_SYS_UTSNAME_H 1
| #define HAVE_SYS_WAIT_H 1
| #define HAVE_SYS_XATTR_H 1
| #define HAVE_SYSEXITS_H 1
| #define HAVE_SYSLOG_H 1
| #define HAVE_TERMIOS_H 1
| #define HAVE_UTIME_H 1
| #define HAVE_UTMP_H 1
| #define HAVE_DIRENT_H 1
| #define MAJOR_IN_SYSMACROS 1
| #define HAVE_NET_IF_H 1
| #define HAVE_LINUX_NETLINK_H 1
| #define HAVE_LINUX_QRTR_H 1
| #define HAVE_LINUX_VM_SOCKETS_H 1
| #define HAVE_LINUX_CAN_H 1
| #define HAVE_LINUX_CAN_BCM_H 1
| #define HAVE_LINUX_CAN_J1939_H 1
| #define HAVE_LINUX_CAN_RAW_H 1
| #define HAVE_CLOCK_T 1
| #define HAVE_MAKEDEV 1
| #define HAVE_HTOLE64 1
| #define _LARGEFILE_SOURCE 1
| #define _FILE_OFFSET_BITS 64
| #if defined(SCO_DS)
| #undef _OFF_T
| #endif
| #define RETSIGTYPE void
| #define HAVE_SSIZE_T 1
| #define HAVE___UINT128_T 1
| #define HAVE_GCC_UINT128_T 1
| #define SIZEOF_INT 4
| #define SIZEOF_LONG 8
| #define ALIGNOF_LONG 8
| #define SIZEOF_LONG_LONG 8
| #define SIZEOF_VOID_P 8
| #define SIZEOF_SHORT 2
| #define SIZEOF_FLOAT 4
| #define SIZEOF_DOUBLE 8
| #define SIZEOF_FPOS_T 16
| #define SIZEOF_SIZE_T 8
| #define ALIGNOF_SIZE_T 8
| #define SIZEOF_PID_T 4
| #define SIZEOF_UINTPTR_T 8
| #define ALIGNOF_MAX_ALIGN_T 16
| #define HAVE_LONG_DOUBLE 1
| #define SIZEOF_LONG_DOUBLE 16
| #define SIZEOF__BOOL 1
| #define SIZEOF_OFF_T 8
| #define SIZEOF_TIME_T 8
| #define SIZEOF_PTHREAD_T 8
| #define SIZEOF_PTHREAD_KEY_T 4
| #define PTHREAD_KEY_T_IS_COMPATIBLE_WITH_INT 1
| #define PY_HAVE_PERF_TRAMPOLINE 1
| #define HAVE_LIBDL 1
| #define HAVE_FFI_PREP_CIF_VAR 1
| #define HAVE_FFI_PREP_CLOSURE_LOC 1
| #define HAVE_FFI_CLOSURE_ALLOC 1
| #define WITH_DECIMAL_CONTEXTVAR 1
| #define HAVE_LIBSQLITE3 1
| #define HAVE_LIBSQLITE3 1
| #define HAVE_LIBSQLITE3 1
| #define HAVE_LIBSQLITE3 1
| #define HAVE_LIBSQLITE3 1
| #define HAVE_LIBSQLITE3 1
| #define HAVE_LIBSQLITE3 1
| #define HAVE_LIBSQLITE3 1
| #define HAVE_LIBSQLITE3 1
| #define PY_SQLITE_HAVE_SERIALIZE 1
| #define _REENTRANT 1
| #define PTHREAD_SYSTEM_SCHED_SUPPORTED 1
| #define HAVE_PTHREAD_SIGMASK 1
| #define HAVE_PTHREAD_GETCPUCLOCKID 1
| #define ENABLE_IPV6 1
| #define HAVE_LINUX_CAN_RAW_FD_FRAMES 1
| #define HAVE_LINUX_CAN_RAW_JOIN_FILTERS 1
| #define WITH_DOC_STRINGS 1
| #define HAVE_STD_ATOMIC 1
| #define HAVE_BUILTIN_ATOMIC 1
| #define WITH_MIMALLOC 1
| #define WITH_PYMALLOC 1
| #define WITH_FREELISTS 1
| #define PY_COERCE_C_LOCALE 1
| #define HAVE_DLOPEN 1
| #define HAVE_DYNAMIC_LOADING 1
| #define HAVE_ACCEPT4 1
| #define HAVE_ALARM 1
| #define HAVE_BIND_TEXTDOMAIN_CODESET 1
| #define HAVE_CHMOD 1
| #define HAVE_CHOWN 1
| #define HAVE_CLOCK 1
| #define HAVE_CLOSEFROM 1
| #define HAVE_CLOSE_RANGE 1
| #define HAVE_CONFSTR 1
| #define HAVE_COPY_FILE_RANGE 1
| #define HAVE_CTERMID 1
| #define HAVE_DUP 1
| #define HAVE_DUP3 1
| #define HAVE_EXECV 1
| #define HAVE_EXPLICIT_BZERO 1
| #define HAVE_FACCESSAT 1
| #define HAVE_FCHMOD 1
| #define HAVE_FCHMODAT 1
| #define HAVE_FCHOWN 1
| #define HAVE_FCHOWNAT 1
| #define HAVE_FDOPENDIR 1
| #define HAVE_FEXECVE 1
| #define HAVE_FORK 1
| #define HAVE_FPATHCONF 1
| #define HAVE_FSTATAT 1
| #define HAVE_FTIME 1
| #define HAVE_FTRUNCATE 1
| #define HAVE_FUTIMENS 1
| #define HAVE_FUTIMES 1
| #define HAVE_FUTIMESAT 1
| #define HAVE_GAI_STRERROR 1
| #define HAVE_GETEGID 1
| #define HAVE_GETEUID 1
| #define HAVE_GETGID 1
| #define HAVE_GETGRENT 1
| #define HAVE_GETGRGID 1
| #define HAVE_GETGRGID_R 1
| #define HAVE_GETGRNAM_R 1
| #define HAVE_GETGROUPLIST 1
| #define HAVE_GETHOSTNAME 1
| #define HAVE_GETITIMER 1
| #define HAVE_GETLOADAVG 1
| #define HAVE_GETLOGIN 1
| #define HAVE_GETLOGIN_R 1
| #define HAVE_GETPEERNAME 1
| #define HAVE_GETPGID 1
| #define HAVE_GETPID 1
| #define HAVE_GETPPID 1
| #define HAVE_GETPRIORITY 1
| #define HAVE_GETPWENT 1
| #define HAVE_GETPWNAM_R 1
| #define HAVE_GETPWUID 1
| #define HAVE_GETPWUID_R 1
| #define HAVE_GETRESGID 1
| #define HAVE_GETRESUID 1
| #define HAVE_GETRUSAGE 1
| #define HAVE_GETSID 1
| #define HAVE_GETSPENT 1
| #define HAVE_GETSPNAM 1
| #define HAVE_GETUID 1
| #define HAVE_GETWD 1
| #define HAVE_GRANTPT 1
| #define HAVE_IF_NAMEINDEX 1
| #define HAVE_INITGROUPS 1
| #define HAVE_KILL 1
| #define HAVE_KILLPG 1
| #define HAVE_LCHOWN 1
| #define HAVE_LINKAT 1
| #define HAVE_LOCKF 1
| #define HAVE_LSTAT 1
| #define HAVE_LUTIMES 1
| #define HAVE_MADVISE 1
| #define HAVE_MBRTOWC 1
| #define HAVE_MEMRCHR 1
| #define HAVE_MKDIRAT 1
| #define HAVE_MKFIFO 1
| #define HAVE_MKFIFOAT 1
| #define HAVE_MKNOD 1
| #define HAVE_MKNODAT 1
| #define HAVE_MKTIME 1
| #define HAVE_MMAP 1
| #define HAVE_MREMAP 1
| #define HAVE_NICE 1
| #define HAVE_OPENAT 1
| #define HAVE_OPENDIR 1
| #define HAVE_PATHCONF 1
| #define HAVE_PAUSE 1
| #define HAVE_PIPE 1
| #define HAVE_PIPE2 1
| #define HAVE_POLL 1
| #define HAVE_POSIX_FADVISE 1
| #define HAVE_POSIX_FALLOCATE 1
| #define HAVE_POSIX_OPENPT 1
| #define HAVE_POSIX_SPAWN 1
| #define HAVE_POSIX_SPAWNP 1
| #define HAVE_POSIX_SPAWN_FILE_ACTIONS_ADDCLOSEFROM_NP 1
| #define HAVE_PREAD 1
| #define HAVE_PREADV 1
| #define HAVE_PREADV2 1
| #define HAVE_PROCESS_VM_READV 1
| #define HAVE_PTHREAD_CONDATTR_SETCLOCK 1
| #define HAVE_PTHREAD_KILL 1
| #define HAVE_PTSNAME 1
| #define HAVE_PTSNAME_R 1
| #define HAVE_PWRITE 1
| #define HAVE_PWRITEV 1
| #define HAVE_PWRITEV2 1
| #define HAVE_READLINK 1
| #define HAVE_READLINKAT 1
| #define HAVE_READV 1
| #define HAVE_REALPATH 1
| #define HAVE_RENAMEAT 1
| #define HAVE_SCHED_GET_PRIORITY_MAX 1
| #define HAVE_SCHED_RR_GET_INTERVAL 1
| #define HAVE_SCHED_SETAFFINITY 1
| #define HAVE_SCHED_SETPARAM 1
| #define HAVE_SCHED_SETSCHEDULER 1
| #define HAVE_SEM_CLOCKWAIT 1
| #define HAVE_SEM_GETVALUE 1
| #define HAVE_SEM_OPEN 1
| #define HAVE_SEM_TIMEDWAIT 1
| #define HAVE_SEM_UNLINK 1
| #define HAVE_SENDFILE 1
| #define HAVE_SETEGID 1
| #define HAVE_SETEUID 1
| #define HAVE_SETGID 1
| #define HAVE_SETHOSTNAME 1
| #define HAVE_SETITIMER 1
| #define HAVE_SETLOCALE 1
| #define HAVE_SETPGID 1
| #define HAVE_SETPGRP 1
| #define HAVE_SETPRIORITY 1
| #define HAVE_SETREGID 1
| #define HAVE_SETRESGID 1
| #define HAVE_SETRESUID 1
| #define HAVE_SETREUID 1
| #define HAVE_SETSID 1
| #define HAVE_SETUID 1
| #define HAVE_SETVBUF 1
| #define HAVE_SHUTDOWN 1
| #define HAVE_SIGACTION 1
| #define HAVE_SIGALTSTACK 1
| #define HAVE_SIGFILLSET 1
| #define HAVE_SIGINTERRUPT 1
| #define HAVE_SIGPENDING 1
| #define HAVE_SIGRELSE 1
| #define HAVE_SIGTIMEDWAIT 1
| #define HAVE_SIGWAIT 1
| #define HAVE_SIGWAITINFO 1
| #define HAVE_SNPRINTF 1
| #define HAVE_SPLICE 1
| #define HAVE_STRFTIME 1
| #define HAVE_STRSIGNAL 1
| #define HAVE_SYMLINKAT 1
| #define HAVE_SYNC 1
| #define HAVE_SYSCONF 1
| #define HAVE_TCGETPGRP 1
| #define HAVE_TCSETPGRP 1
| #define HAVE_TEMPNAM 1
| #define HAVE_TIMEGM 1
| #define HAVE_TIMES 1
| #define HAVE_TMPFILE 1
| #define HAVE_TMPNAM 1
| #define HAVE_TMPNAM_R 1
| #define HAVE_TRUNCATE 1
| #define HAVE_TTYNAME_R 1
| #define HAVE_UMASK 1
| #define HAVE_UNAME 1
| #define HAVE_UNLINKAT 1
| #define HAVE_UNLOCKPT 1
| #define HAVE_UTIMENSAT 1
| #define HAVE_UTIMES 1
| #define HAVE_VFORK 1
| #define HAVE_WAIT 1
| #define HAVE_WAIT3 1
| #define HAVE_WAIT4 1
| #define HAVE_WAITID 1
| #define HAVE_WAITPID 1
| #define HAVE_WCSCOLL 1
| #define HAVE_WCSFTIME 1
| #define HAVE_WCSXFRM 1
| #define HAVE_WMEMCMP 1
| #define HAVE_WRITEV 1
| #define HAVE_GETENTROPY 1
| #define HAVE_GETGROUPS 1
| #define HAVE_SYSTEM 1
| #define HAVE_DIRFD 1
| #define HAVE_CHROOT 1
| #define HAVE_LINK 1
| #define HAVE_SYMLINK 1
| #define HAVE_FCHDIR 1
| #define HAVE_FSYNC 1
| #define HAVE_FDATASYNC 1
| #define HAVE_EPOLL 1
| #define HAVE_EPOLL_CREATE1 1
| #define HAVE_PRLIMIT 1
| #define HAVE_MEMFD_CREATE 1
| #define HAVE_EVENTFD 1
| #define HAVE_TIMERFD_CREATE 1
| #define HAVE_FLOCK 1
| #define HAVE_GETPAGESIZE 1
| #define HAVE_ZLIB_COPY 1
| #define HAVE_BZLIB_H 1
| #define HAVE_HSTRERROR 1
| #define HAVE_GETSERVBYNAME 1
| #define HAVE_GETSERVBYPORT 1
| #define HAVE_GETHOSTBYNAME 1
| #define HAVE_GETHOSTBYADDR 1
| #define HAVE_GETPROTOBYNAME 1
| #define HAVE_INET_ATON 1
| #define HAVE_INET_NTOA 1
| #define HAVE_INET_PTON 1
| #define HAVE_GETPEERNAME 1
| #define HAVE_GETSOCKNAME 1
| #define HAVE_ACCEPT 1
| #define HAVE_BIND 1
| #define HAVE_CONNECT 1
| #define HAVE_LISTEN 1
| #define HAVE_RECVFROM 1
| #define HAVE_SENDTO 1
| #define HAVE_SETSOCKOPT 1
| #define HAVE_SOCKET 1
| #define HAVE_SETGROUPS 1
| #define HAVE_DECL_UT_NAMESIZE 1
| #define HAVE_UT_NAMESIZE 1
| #define HAVE_OPENPTY 1
| #define HAVE_LOGIN_TTY 1
| #define HAVE_FORKPTY 1
| #define HAVE_FSEEKO 1
| #define HAVE_FSTATVFS 1
| #define HAVE_FTELLO 1
| #define HAVE_STATVFS 1
| #define HAVE_DUP2 1
| #define HAVE_GETPGRP 1
| #define HAVE_SETPGRP 1
| /* end confdefs.h.  */
| #include <unistd.h>
| int
| main (void)
| {
| setpgrp(0,0);
|   ;
|   return 0;
| }
configure:22503: checking for setns
configure:22503: gcc -o conftest    conftest.c -ldl  >&5
configure:22503: $? = 0
configure:22503: result: yes
configure:22509: checking for unshare
configure:22509: gcc -o conftest    conftest.c -ldl  >&5
configure:22509: $? = 0
configure:22509: result: yes
configure:22520: checking for clock_gettime
configure:22520: gcc -o conftest    conftest.c -ldl  >&5
configure:22520: $? = 0
configure:22520: result: yes
configure:22582: checking for clock_getres
configure:22582: gcc -o conftest    conftest.c -ldl  >&5
configure:22582: $? = 0
configure:22582: result: yes
configure:22645: checking for clock_settime
configure:22645: gcc -o conftest    conftest.c -ldl  >&5
configure:22645: $? = 0
configure:22645: result: yes
configure:22708: checking for clock_nanosleep
configure:22708: gcc -o conftest    conftest.c -ldl  >&5
configure:22708: $? = 0
configure:22708: result: yes
configure:22767: checking for nanosleep
configure:22767: gcc -o conftest    conftest.c -ldl  >&5
configure:22767: $? = 0
configure:22767: result: yes
configure:22822: checking for major, minor, and makedev
configure:22851: gcc -o conftest    conftest.c -ldl  >&5
configure:22851: $? = 0
configure:22861: result: yes
configure:22878: checking for getaddrinfo
configure:22901: gcc -o conftest    conftest.c -ldl  >&5
configure:22901: $? = 0
configure:22911: result: yes
configure:22917: checking getaddrinfo bug
configure:23027: gcc -o conftest    conftest.c -ldl  >&5
configure:23027: $? = 0
configure:23027: ./conftest
configure:23027: $? = 0
configure:23038: result: no
configure:23058: checking for getnameinfo
configure:23058: gcc -o conftest    conftest.c -ldl  >&5
configure:23058: $? = 0
configure:23058: result: yes
configure:23067: checking whether struct tm is in sys/time.h or time.h
configure:23088: gcc -c   conftest.c >&5
configure:23088: $? = 0
configure:23096: result: time.h
configure:23104: checking for struct tm.tm_zone
configure:23104: gcc -c   conftest.c >&5
configure:23104: $? = 0
configure:23104: result: yes
configure:23170: checking for struct stat.st_rdev
configure:23170: gcc -c   conftest.c >&5
configure:23170: $? = 0
configure:23170: result: yes
configure:23179: checking for struct stat.st_blksize
configure:23179: gcc -c   conftest.c >&5
configure:23179: $? = 0
configure:23179: result: yes
configure:23188: checking for struct stat.st_flags
configure:23188: gcc -c   conftest.c >&5
conftest.c: In function 'main':
conftest.c:459:12: error: 'struct stat' has no member named 'st_flags'
  459 | if (ac_aggr.st_flags)
      |            ^
configure:23188: $? = 1
configure: failed program was:
| /* confdefs.h */
| #define _NETBSD_SOURCE 1
| #define __BSD_VISIBLE 1
| #define _DARWIN_C_SOURCE 1
| #define _PYTHONFRAMEWORK ""
| #define _XOPEN_SOURCE 700
| #define _XOPEN_SOURCE_EXTENDED 1
| #define _POSIX_C_SOURCE 200809L
| #define HAVE_STDIO_H 1
| #define HAVE_STDLIB_H 1
| #define HAVE_STRING_H 1
| #define HAVE_INTTYPES_H 1
| #define HAVE_STDINT_H 1
| #define HAVE_STRINGS_H 1
| #define HAVE_SYS_STAT_H 1
| #define HAVE_SYS_TYPES_H 1
| #define HAVE_UNISTD_H 1
| #define HAVE_WCHAR_H 1
| #define STDC_HEADERS 1
| #define _ALL_SOURCE 1
| #define _DARWIN_C_SOURCE 1
| #define _GNU_SOURCE 1
| #define _HPUX_ALT_XOPEN_SOCKET_API 1
| #define _NETBSD_SOURCE 1
| #define _OPENBSD_SOURCE 1
| #define _POSIX_PTHREAD_SEMANTICS 1
| #define __STDC_WANT_IEC_60559_ATTRIBS_EXT__ 1
| #define __STDC_WANT_IEC_60559_BFP_EXT__ 1
| #define __STDC_WANT_IEC_60559_DFP_EXT__ 1
| #define __STDC_WANT_IEC_60559_FUNCS_EXT__ 1
| #define __STDC_WANT_IEC_60559_TYPES_EXT__ 1
| #define __STDC_WANT_LIB_EXT2__ 1
| #define __STDC_WANT_MATH_SPEC_FUNCS__ 1
| #define _TANDEM_SOURCE 1
| #define __EXTENSIONS__ 1
| #define PY_SUPPORT_TIER 1
| #define STDC_HEADERS 1
| #define HAVE_ALLOCA_H 1
| #define HAVE_ASM_TYPES_H 1
| #define HAVE_DLFCN_H 1
| #define HAVE_ENDIAN_H 1
| #define HAVE_ERRNO_H 1
| #define HAVE_FCNTL_H 1
| #define HAVE_GRP_H 1
| #define HAVE_LANGINFO_H 1
| #define HAVE_LIBINTL_H 1
| #define HAVE_LINUX_AUXVEC_H 1
| #define HAVE_SYS_AUXV_H 1
| #define HAVE_LINUX_FS_H 1
| #define HAVE_LINUX_LIMITS_H 1
| #define HAVE_LINUX_MEMFD_H 1
| #define HAVE_LINUX_RANDOM_H 1
| #define HAVE_LINUX_SOUNDCARD_H 1
| #define HAVE_LINUX_TIPC_H 1
| #define HAVE_LINUX_WAIT_H 1
| #define HAVE_NETDB_H 1
| #define HAVE_NET_ETHERNET_H 1
| #define HAVE_NETINET_IN_H 1
| #define HAVE_NETPACKET_PACKET_H 1
| #define HAVE_POLL_H 1
| #define HAVE_PTHREAD_H 1
| #define HAVE_PTY_H 1
| #define HAVE_SCHED_H 1
| #define HAVE_SETJMP_H 1
| #define HAVE_SHADOW_H 1
| #define HAVE_SIGNAL_H 1
| #define HAVE_SPAWN_H 1
| #define HAVE_SYS_EPOLL_H 1
| #define HAVE_SYS_EVENTFD_H 1
| #define HAVE_SYS_FILE_H 1
| #define HAVE_SYS_IOCTL_H 1
| #define HAVE_SYS_MMAN_H 1
| #define HAVE_SYS_PARAM_H 1
| #define HAVE_SYS_PIDFD_H 1
| #define HAVE_SYS_POLL_H 1
| #define HAVE_SYS_RANDOM_H 1
| #define HAVE_SYS_RESOURCE_H 1
| #define HAVE_SYS_SELECT_H 1
| #define HAVE_SYS_SENDFILE_H 1
| #define HAVE_SYS_SOCKET_H 1
| #define HAVE_SYS_SOUNDCARD_H 1
| #define HAVE_SYS_STAT_H 1
| #define HAVE_SYS_STATVFS_H 1
| #define HAVE_SYS_SYSCALL_H 1
| #define HAVE_SYS_SYSMACROS_H 1
| #define HAVE_SYS_TIME_H 1
| #define HAVE_SYS_TIMES_H 1
| #define HAVE_SYS_TIMERFD_H 1
| #define HAVE_SYS_TYPES_H 1
| #define HAVE_SYS_UIO_H 1
| #define HAVE_SYS_UN_H 1
| #define HAVE_SYS_UTSNAME_H 1
| #define HAVE_SYS_WAIT_H 1
| #define HAVE_SYS_XATTR_H 1
| #define HAVE_SYSEXITS_H 1
| #define HAVE_SYSLOG_H 1
| #define HAVE_TERMIOS_H 1
| #define HAVE_UTIME_H 1
| #define HAVE_UTMP_H 1
| #define HAVE_DIRENT_H 1
| #define MAJOR_IN_SYSMACROS 1
| #define HAVE_NET_IF_H 1
| #define HAVE_LINUX_NETLINK_H 1
| #define HAVE_LINUX_QRTR_H 1
| #define HAVE_LINUX_VM_SOCKETS_H 1
| #define HAVE_LINUX_CAN_H 1
| #define HAVE_LINUX_CAN_BCM_H 1
| #define HAVE_LINUX_CAN_J1939_H 1
| #define HAVE_LINUX_CAN_RAW_H 1
| #define HAVE_CLOCK_T 1
| #define HAVE_MAKEDEV 1
| #define HAVE_HTOLE64 1
| #define _LARGEFILE_SOURCE 1
| #define _FILE_OFFSET_BITS 64
| #if defined(SCO_DS)
| #undef _OFF_T
| #endif
| #define RETSIGTYPE void
| #define HAVE_SSIZE_T 1
| #define HAVE___UINT128_T 1
| #define HAVE_GCC_UINT128_T 1
| #define SIZEOF_INT 4
| #define SIZEOF_LONG 8
| #define ALIGNOF_LONG 8
| #define SIZEOF_LONG_LONG 8
| #define SIZEOF_VOID_P 8
| #define SIZEOF_SHORT 2
| #define SIZEOF_FLOAT 4
| #define SIZEOF_DOUBLE 8
| #define SIZEOF_FPOS_T 16
| #define SIZEOF_SIZE_T 8
| #define ALIGNOF_SIZE_T 8
| #define SIZEOF_PID_T 4
| #define SIZEOF_UINTPTR_T 8
| #define ALIGNOF_MAX_ALIGN_T 16
| #define HAVE_LONG_DOUBLE 1
| #define SIZEOF_LONG_DOUBLE 16
| #define SIZEOF__BOOL 1
| #define SIZEOF_OFF_T 8
| #define SIZEOF_TIME_T 8
| #define SIZEOF_PTHREAD_T 8
| #define SIZEOF_PTHREAD_KEY_T 4
| #define PTHREAD_KEY_T_IS_COMPATIBLE_WITH_INT 1
| #define PY_HAVE_PERF_TRAMPOLINE 1
| #define HAVE_LIBDL 1
| #define HAVE_FFI_PREP_CIF_VAR 1
| #define HAVE_FFI_PREP_CLOSURE_LOC 1
| #define HAVE_FFI_CLOSURE_ALLOC 1
| #define WITH_DECIMAL_CONTEXTVAR 1
| #define HAVE_LIBSQLITE3 1
| #define HAVE_LIBSQLITE3 1
| #define HAVE_LIBSQLITE3 1
| #define HAVE_LIBSQLITE3 1
| #define HAVE_LIBSQLITE3 1
| #define HAVE_LIBSQLITE3 1
| #define HAVE_LIBSQLITE3 1
| #define HAVE_LIBSQLITE3 1
| #define HAVE_LIBSQLITE3 1
| #define PY_SQLITE_HAVE_SERIALIZE 1
| #define _REENTRANT 1
| #define PTHREAD_SYSTEM_SCHED_SUPPORTED 1
| #define HAVE_PTHREAD_SIGMASK 1
| #define HAVE_PTHREAD_GETCPUCLOCKID 1
| #define ENABLE_IPV6 1
| #define HAVE_LINUX_CAN_RAW_FD_FRAMES 1
| #define HAVE_LINUX_CAN_RAW_JOIN_FILTERS 1
| #define WITH_DOC_STRINGS 1
| #define HAVE_STD_ATOMIC 1
| #define HAVE_BUILTIN_ATOMIC 1
| #define WITH_MIMALLOC 1
| #define WITH_PYMALLOC 1
| #define WITH_FREELISTS 1
| #define PY_COERCE_C_LOCALE 1
| #define HAVE_DLOPEN 1
| #define HAVE_DYNAMIC_LOADING 1
| #define HAVE_ACCEPT4 1
| #define HAVE_ALARM 1
| #define HAVE_BIND_TEXTDOMAIN_CODESET 1
| #define HAVE_CHMOD 1
| #define HAVE_CHOWN 1
| #define HAVE_CLOCK 1
| #define HAVE_CLOSEFROM 1
| #define HAVE_CLOSE_RANGE 1
| #define HAVE_CONFSTR 1
| #define HAVE_COPY_FILE_RANGE 1
| #define HAVE_CTERMID 1
| #define HAVE_DUP 1
| #define HAVE_DUP3 1
| #define HAVE_EXECV 1
| #define HAVE_EXPLICIT_BZERO 1
| #define HAVE_FACCESSAT 1
| #define HAVE_FCHMOD 1
| #define HAVE_FCHMODAT 1
| #define HAVE_FCHOWN 1
| #define HAVE_FCHOWNAT 1
| #define HAVE_FDOPENDIR 1
| #define HAVE_FEXECVE 1
| #define HAVE_FORK 1
| #define HAVE_FPATHCONF 1
| #define HAVE_FSTATAT 1
| #define HAVE_FTIME 1
| #define HAVE_FTRUNCATE 1
| #define HAVE_FUTIMENS 1
| #define HAVE_FUTIMES 1
| #define HAVE_FUTIMESAT 1
| #define HAVE_GAI_STRERROR 1
| #define HAVE_GETEGID 1
| #define HAVE_GETEUID 1
| #define HAVE_GETGID 1
| #define HAVE_GETGRENT 1
| #define HAVE_GETGRGID 1
| #define HAVE_GETGRGID_R 1
| #define HAVE_GETGRNAM_R 1
| #define HAVE_GETGROUPLIST 1
| #define HAVE_GETHOSTNAME 1
| #define HAVE_GETITIMER 1
| #define HAVE_GETLOADAVG 1
| #define HAVE_GETLOGIN 1
| #define HAVE_GETLOGIN_R 1
| #define HAVE_GETPEERNAME 1
| #define HAVE_GETPGID 1
| #define HAVE_GETPID 1
| #define HAVE_GETPPID 1
| #define HAVE_GETPRIORITY 1
| #define HAVE_GETPWENT 1
| #define HAVE_GETPWNAM_R 1
| #define HAVE_GETPWUID 1
| #define HAVE_GETPWUID_R 1
| #define HAVE_GETRESGID 1
| #define HAVE_GETRESUID 1
| #define HAVE_GETRUSAGE 1
| #define HAVE_GETSID 1
| #define HAVE_GETSPENT 1
| #define HAVE_GETSPNAM 1
| #define HAVE_GETUID 1
| #define HAVE_GETWD 1
| #define HAVE_GRANTPT 1
| #define HAVE_IF_NAMEINDEX 1
| #define HAVE_INITGROUPS 1
| #define HAVE_KILL 1
| #define HAVE_KILLPG 1
| #define HAVE_LCHOWN 1
| #define HAVE_LINKAT 1
| #define HAVE_LOCKF 1
| #define HAVE_LSTAT 1
| #define HAVE_LUTIMES 1
| #define HAVE_MADVISE 1
| #define HAVE_MBRTOWC 1
| #define HAVE_MEMRCHR 1
| #define HAVE_MKDIRAT 1
| #define HAVE_MKFIFO 1
| #define HAVE_MKFIFOAT 1
| #define HAVE_MKNOD 1
| #define HAVE_MKNODAT 1
| #define HAVE_MKTIME 1
| #define HAVE_MMAP 1
| #define HAVE_MREMAP 1
| #define HAVE_NICE 1
| #define HAVE_OPENAT 1
| #define HAVE_OPENDIR 1
| #define HAVE_PATHCONF 1
| #define HAVE_PAUSE 1
| #define HAVE_PIPE 1
| #define HAVE_PIPE2 1
| #define HAVE_POLL 1
| #define HAVE_POSIX_FADVISE 1
| #define HAVE_POSIX_FALLOCATE 1
| #define HAVE_POSIX_OPENPT 1
| #define HAVE_POSIX_SPAWN 1
| #define HAVE_POSIX_SPAWNP 1
| #define HAVE_POSIX_SPAWN_FILE_ACTIONS_ADDCLOSEFROM_NP 1
| #define HAVE_PREAD 1
| #define HAVE_PREADV 1
| #define HAVE_PREADV2 1
| #define HAVE_PROCESS_VM_READV 1
| #define HAVE_PTHREAD_CONDATTR_SETCLOCK 1
| #define HAVE_PTHREAD_KILL 1
| #define HAVE_PTSNAME 1
| #define HAVE_PTSNAME_R 1
| #define HAVE_PWRITE 1
| #define HAVE_PWRITEV 1
| #define HAVE_PWRITEV2 1
| #define HAVE_READLINK 1
| #define HAVE_READLINKAT 1
| #define HAVE_READV 1
| #define HAVE_REALPATH 1
| #define HAVE_RENAMEAT 1
| #define HAVE_SCHED_GET_PRIORITY_MAX 1
| #define HAVE_SCHED_RR_GET_INTERVAL 1
| #define HAVE_SCHED_SETAFFINITY 1
| #define HAVE_SCHED_SETPARAM 1
| #define HAVE_SCHED_SETSCHEDULER 1
| #define HAVE_SEM_CLOCKWAIT 1
| #define HAVE_SEM_GETVALUE 1
| #define HAVE_SEM_OPEN 1
| #define HAVE_SEM_TIMEDWAIT 1
| #define HAVE_SEM_UNLINK 1
| #define HAVE_SENDFILE 1
| #define HAVE_SETEGID 1
| #define HAVE_SETEUID 1
| #define HAVE_SETGID 1
| #define HAVE_SETHOSTNAME 1
| #define HAVE_SETITIMER 1
| #define HAVE_SETLOCALE 1
| #define HAVE_SETPGID 1
| #define HAVE_SETPGRP 1
| #define HAVE_SETPRIORITY 1
| #define HAVE_SETREGID 1
| #define HAVE_SETRESGID 1
| #define HAVE_SETRESUID 1
| #define HAVE_SETREUID 1
| #define HAVE_SETSID 1
| #define HAVE_SETUID 1
| #define HAVE_SETVBUF 1
| #define HAVE_SHUTDOWN 1
| #define HAVE_SIGACTION 1
| #define HAVE_SIGALTSTACK 1
| #define HAVE_SIGFILLSET 1
| #define HAVE_SIGINTERRUPT 1
| #define HAVE_SIGPENDING 1
| #define HAVE_SIGRELSE 1
| #define HAVE_SIGTIMEDWAIT 1
| #define HAVE_SIGWAIT 1
| #define HAVE_SIGWAITINFO 1
| #define HAVE_SNPRINTF 1
| #define HAVE_SPLICE 1
| #define HAVE_STRFTIME 1
| #define HAVE_STRSIGNAL 1
| #define HAVE_SYMLINKAT 1
| #define HAVE_SYNC 1
| #define HAVE_SYSCONF 1
| #define HAVE_TCGETPGRP 1
| #define HAVE_TCSETPGRP 1
| #define HAVE_TEMPNAM 1
| #define HAVE_TIMEGM 1
| #define HAVE_TIMES 1
| #define HAVE_TMPFILE 1
| #define HAVE_TMPNAM 1
| #define HAVE_TMPNAM_R 1
| #define HAVE_TRUNCATE 1
| #define HAVE_TTYNAME_R 1
| #define HAVE_UMASK 1
| #define HAVE_UNAME 1
| #define HAVE_UNLINKAT 1
| #define HAVE_UNLOCKPT 1
| #define HAVE_UTIMENSAT 1
| #define HAVE_UTIMES 1
| #define HAVE_VFORK 1
| #define HAVE_WAIT 1
| #define HAVE_WAIT3 1
| #define HAVE_WAIT4 1
| #define HAVE_WAITID 1
| #define HAVE_WAITPID 1
| #define HAVE_WCSCOLL 1
| #define HAVE_WCSFTIME 1
| #define HAVE_WCSXFRM 1
| #define HAVE_WMEMCMP 1
| #define HAVE_WRITEV 1
| #define HAVE_GETENTROPY 1
| #define HAVE_GETGROUPS 1
| #define HAVE_SYSTEM 1
| #define HAVE_DIRFD 1
| #define HAVE_CHROOT 1
| #define HAVE_LINK 1
| #define HAVE_SYMLINK 1
| #define HAVE_FCHDIR 1
| #define HAVE_FSYNC 1
| #define HAVE_FDATASYNC 1
| #define HAVE_EPOLL 1
| #define HAVE_EPOLL_CREATE1 1
| #define HAVE_PRLIMIT 1
| #define HAVE_MEMFD_CREATE 1
| #define HAVE_EVENTFD 1
| #define HAVE_TIMERFD_CREATE 1
| #define HAVE_FLOCK 1
| #define HAVE_GETPAGESIZE 1
| #define HAVE_ZLIB_COPY 1
| #define HAVE_BZLIB_H 1
| #define HAVE_HSTRERROR 1
| #define HAVE_GETSERVBYNAME 1
| #define HAVE_GETSERVBYPORT 1
| #define HAVE_GETHOSTBYNAME 1
| #define HAVE_GETHOSTBYADDR 1
| #define HAVE_GETPROTOBYNAME 1
| #define HAVE_INET_ATON 1
| #define HAVE_INET_NTOA 1
| #define HAVE_INET_PTON 1
| #define HAVE_GETPEERNAME 1
| #define HAVE_GETSOCKNAME 1
| #define HAVE_ACCEPT 1
| #define HAVE_BIND 1
| #define HAVE_CONNECT 1
| #define HAVE_LISTEN 1
| #define HAVE_RECVFROM 1
| #define HAVE_SENDTO 1
| #define HAVE_SETSOCKOPT 1
| #define HAVE_SOCKET 1
| #define HAVE_SETGROUPS 1
| #define HAVE_DECL_UT_NAMESIZE 1
| #define HAVE_UT_NAMESIZE 1
| #define HAVE_OPENPTY 1
| #define HAVE_LOGIN_TTY 1
| #define HAVE_FORKPTY 1
| #define HAVE_FSEEKO 1
| #define HAVE_FSTATVFS 1
| #define HAVE_FTELLO 1
| #define HAVE_STATVFS 1
| #define HAVE_DUP2 1
| #define HAVE_GETPGRP 1
| #define HAVE_SETPGRP 1
| #define HAVE_SETNS 1
| #define HAVE_UNSHARE 1
| #define HAVE_CLOCK_GETTIME 1
| #define HAVE_CLOCK_GETRES 1
| #define HAVE_CLOCK_SETTIME 1
| #define HAVE_CLOCK_NANOSLEEP 1
| #define HAVE_NANOSLEEP 1
| #define HAVE_DEVICE_MACROS 1
| #define SYS_SELECT_WITH_SYS_TIME 1
| #define HAVE_GETADDRINFO 1
| #define HAVE_GETNAMEINFO 1
| #define HAVE_STRUCT_TM_TM_ZONE 1
| #define HAVE_TM_ZONE 1
| #define HAVE_STRUCT_STAT_ST_RDEV 1
| #define HAVE_STRUCT_STAT_ST_BLKSIZE 1
| /* end confdefs.h.  */
| #include <stddef.h>
| #ifdef HAVE_STDIO_H
| # include <stdio.h>
| #endif
| #ifdef HAVE_STDLIB_H
| # include <stdlib.h>
| #endif
| #ifdef HAVE_STRING_H
| # include <string.h>
| #endif
| #ifdef HAVE_INTTYPES_H
| # include <inttypes.h>
| #endif
| #ifdef HAVE_STDINT_H
| # include <stdint.h>
| #endif
| #ifdef HAVE_STRINGS_H
| # include <strings.h>
| #endif
| #ifdef HAVE_SYS_TYPES_H
| # include <sys/types.h>
| #endif
| #ifdef HAVE_SYS_STAT_H
| # include <sys/stat.h>
| #endif
| #ifdef HAVE_UNISTD_H
| # include <unistd.h>
| #endif
| int
| main (void)
| {
| static struct stat ac_aggr;
| if (ac_aggr.st_flags)
| return 0;
|   ;
|   return 0;
| }
configure:23188: gcc -c   conftest.c >&5
conftest.c: In function 'main':
conftest.c:459:19: error: 'struct stat' has no member named 'st_flags'
  459 | if (sizeof ac_aggr.st_flags)
      |                   ^
configure:23188: $? = 1
configure: failed program was:
| /* confdefs.h */
| #define _NETBSD_SOURCE 1
| #define __BSD_VISIBLE 1
| #define _DARWIN_C_SOURCE 1
| #define _PYTHONFRAMEWORK ""
| #define _XOPEN_SOURCE 700
| #define _XOPEN_SOURCE_EXTENDED 1
| #define _POSIX_C_SOURCE 200809L
| #define HAVE_STDIO_H 1
| #define HAVE_STDLIB_H 1
| #define HAVE_STRING_H 1
| #define HAVE_INTTYPES_H 1
| #define HAVE_STDINT_H 1
| #define HAVE_STRINGS_H 1
| #define HAVE_SYS_STAT_H 1
| #define HAVE_SYS_TYPES_H 1
| #define HAVE_UNISTD_H 1
| #define HAVE_WCHAR_H 1
| #define STDC_HEADERS 1
| #define _ALL_SOURCE 1
| #define _DARWIN_C_SOURCE 1
| #define _GNU_SOURCE 1
| #define _HPUX_ALT_XOPEN_SOCKET_API 1
| #define _NETBSD_SOURCE 1
| #define _OPENBSD_SOURCE 1
| #define _POSIX_PTHREAD_SEMANTICS 1
| #define __STDC_WANT_IEC_60559_ATTRIBS_EXT__ 1
| #define __STDC_WANT_IEC_60559_BFP_EXT__ 1
| #define __STDC_WANT_IEC_60559_DFP_EXT__ 1
| #define __STDC_WANT_IEC_60559_FUNCS_EXT__ 1
| #define __STDC_WANT_IEC_60559_TYPES_EXT__ 1
| #define __STDC_WANT_LIB_EXT2__ 1
| #define __STDC_WANT_MATH_SPEC_FUNCS__ 1
| #define _TANDEM_SOURCE 1
| #define __EXTENSIONS__ 1
| #define PY_SUPPORT_TIER 1
| #define STDC_HEADERS 1
| #define HAVE_ALLOCA_H 1
| #define HAVE_ASM_TYPES_H 1
| #define HAVE_DLFCN_H 1
| #define HAVE_ENDIAN_H 1
| #define HAVE_ERRNO_H 1
| #define HAVE_FCNTL_H 1
| #define HAVE_GRP_H 1
| #define HAVE_LANGINFO_H 1
| #define HAVE_LIBINTL_H 1
| #define HAVE_LINUX_AUXVEC_H 1
| #define HAVE_SYS_AUXV_H 1
| #define HAVE_LINUX_FS_H 1
| #define HAVE_LINUX_LIMITS_H 1
| #define HAVE_LINUX_MEMFD_H 1
| #define HAVE_LINUX_RANDOM_H 1
| #define HAVE_LINUX_SOUNDCARD_H 1
| #define HAVE_LINUX_TIPC_H 1
| #define HAVE_LINUX_WAIT_H 1
| #define HAVE_NETDB_H 1
| #define HAVE_NET_ETHERNET_H 1
| #define HAVE_NETINET_IN_H 1
| #define HAVE_NETPACKET_PACKET_H 1
| #define HAVE_POLL_H 1
| #define HAVE_PTHREAD_H 1
| #define HAVE_PTY_H 1
| #define HAVE_SCHED_H 1
| #define HAVE_SETJMP_H 1
| #define HAVE_SHADOW_H 1
| #define HAVE_SIGNAL_H 1
| #define HAVE_SPAWN_H 1
| #define HAVE_SYS_EPOLL_H 1
| #define HAVE_SYS_EVENTFD_H 1
| #define HAVE_SYS_FILE_H 1
| #define HAVE_SYS_IOCTL_H 1
| #define HAVE_SYS_MMAN_H 1
| #define HAVE_SYS_PARAM_H 1
| #define HAVE_SYS_PIDFD_H 1
| #define HAVE_SYS_POLL_H 1
| #define HAVE_SYS_RANDOM_H 1
| #define HAVE_SYS_RESOURCE_H 1
| #define HAVE_SYS_SELECT_H 1
| #define HAVE_SYS_SENDFILE_H 1
| #define HAVE_SYS_SOCKET_H 1
| #define HAVE_SYS_SOUNDCARD_H 1
| #define HAVE_SYS_STAT_H 1
| #define HAVE_SYS_STATVFS_H 1
| #define HAVE_SYS_SYSCALL_H 1
| #define HAVE_SYS_SYSMACROS_H 1
| #define HAVE_SYS_TIME_H 1
| #define HAVE_SYS_TIMES_H 1
| #define HAVE_SYS_TIMERFD_H 1
| #define HAVE_SYS_TYPES_H 1
| #define HAVE_SYS_UIO_H 1
| #define HAVE_SYS_UN_H 1
| #define HAVE_SYS_UTSNAME_H 1
| #define HAVE_SYS_WAIT_H 1
| #define HAVE_SYS_XATTR_H 1
| #define HAVE_SYSEXITS_H 1
| #define HAVE_SYSLOG_H 1
| #define HAVE_TERMIOS_H 1
| #define HAVE_UTIME_H 1
| #define HAVE_UTMP_H 1
| #define HAVE_DIRENT_H 1
| #define MAJOR_IN_SYSMACROS 1
| #define HAVE_NET_IF_H 1
| #define HAVE_LINUX_NETLINK_H 1
| #define HAVE_LINUX_QRTR_H 1
| #define HAVE_LINUX_VM_SOCKETS_H 1
| #define HAVE_LINUX_CAN_H 1
| #define HAVE_LINUX_CAN_BCM_H 1
| #define HAVE_LINUX_CAN_J1939_H 1
| #define HAVE_LINUX_CAN_RAW_H 1
| #define HAVE_CLOCK_T 1
| #define HAVE_MAKEDEV 1
| #define HAVE_HTOLE64 1
| #define _LARGEFILE_SOURCE 1
| #define _FILE_OFFSET_BITS 64
| #if defined(SCO_DS)
| #undef _OFF_T
| #endif
| #define RETSIGTYPE void
| #define HAVE_SSIZE_T 1
| #define HAVE___UINT128_T 1
| #define HAVE_GCC_UINT128_T 1
| #define SIZEOF_INT 4
| #define SIZEOF_LONG 8
| #define ALIGNOF_LONG 8
| #define SIZEOF_LONG_LONG 8
| #define SIZEOF_VOID_P 8
| #define SIZEOF_SHORT 2
| #define SIZEOF_FLOAT 4
| #define SIZEOF_DOUBLE 8
| #define SIZEOF_FPOS_T 16
| #define SIZEOF_SIZE_T 8
| #define ALIGNOF_SIZE_T 8
| #define SIZEOF_PID_T 4
| #define SIZEOF_UINTPTR_T 8
| #define ALIGNOF_MAX_ALIGN_T 16
| #define HAVE_LONG_DOUBLE 1
| #define SIZEOF_LONG_DOUBLE 16
| #define SIZEOF__BOOL 1
| #define SIZEOF_OFF_T 8
| #define SIZEOF_TIME_T 8
| #define SIZEOF_PTHREAD_T 8
| #define SIZEOF_PTHREAD_KEY_T 4
| #define PTHREAD_KEY_T_IS_COMPATIBLE_WITH_INT 1
| #define PY_HAVE_PERF_TRAMPOLINE 1
| #define HAVE_LIBDL 1
| #define HAVE_FFI_PREP_CIF_VAR 1
| #define HAVE_FFI_PREP_CLOSURE_LOC 1
| #define HAVE_FFI_CLOSURE_ALLOC 1
| #define WITH_DECIMAL_CONTEXTVAR 1
| #define HAVE_LIBSQLITE3 1
| #define HAVE_LIBSQLITE3 1
| #define HAVE_LIBSQLITE3 1
| #define HAVE_LIBSQLITE3 1
| #define HAVE_LIBSQLITE3 1
| #define HAVE_LIBSQLITE3 1
| #define HAVE_LIBSQLITE3 1
| #define HAVE_LIBSQLITE3 1
| #define HAVE_LIBSQLITE3 1
| #define PY_SQLITE_HAVE_SERIALIZE 1
| #define _REENTRANT 1
| #define PTHREAD_SYSTEM_SCHED_SUPPORTED 1
| #define HAVE_PTHREAD_SIGMASK 1
| #define HAVE_PTHREAD_GETCPUCLOCKID 1
| #define ENABLE_IPV6 1
| #define HAVE_LINUX_CAN_RAW_FD_FRAMES 1
| #define HAVE_LINUX_CAN_RAW_JOIN_FILTERS 1
| #define WITH_DOC_STRINGS 1
| #define HAVE_STD_ATOMIC 1
| #define HAVE_BUILTIN_ATOMIC 1
| #define WITH_MIMALLOC 1
| #define WITH_PYMALLOC 1
| #define WITH_FREELISTS 1
| #define PY_COERCE_C_LOCALE 1
| #define HAVE_DLOPEN 1
| #define HAVE_DYNAMIC_LOADING 1
| #define HAVE_ACCEPT4 1
| #define HAVE_ALARM 1
| #define HAVE_BIND_TEXTDOMAIN_CODESET 1
| #define HAVE_CHMOD 1
| #define HAVE_CHOWN 1
| #define HAVE_CLOCK 1
| #define HAVE_CLOSEFROM 1
| #define HAVE_CLOSE_RANGE 1
| #define HAVE_CONFSTR 1
| #define HAVE_COPY_FILE_RANGE 1
| #define HAVE_CTERMID 1
| #define HAVE_DUP 1
| #define HAVE_DUP3 1
| #define HAVE_EXECV 1
| #define HAVE_EXPLICIT_BZERO 1
| #define HAVE_FACCESSAT 1
| #define HAVE_FCHMOD 1
| #define HAVE_FCHMODAT 1
| #define HAVE_FCHOWN 1
| #define HAVE_FCHOWNAT 1
| #define HAVE_FDOPENDIR 1
| #define HAVE_FEXECVE 1
| #define HAVE_FORK 1
| #define HAVE_FPATHCONF 1
| #define HAVE_FSTATAT 1
| #define HAVE_FTIME 1
| #define HAVE_FTRUNCATE 1
| #define HAVE_FUTIMENS 1
| #define HAVE_FUTIMES 1
| #define HAVE_FUTIMESAT 1
| #define HAVE_GAI_STRERROR 1
| #define HAVE_GETEGID 1
| #define HAVE_GETEUID 1
| #define HAVE_GETGID 1
| #define HAVE_GETGRENT 1
| #define HAVE_GETGRGID 1
| #define HAVE_GETGRGID_R 1
| #define HAVE_GETGRNAM_R 1
| #define HAVE_GETGROUPLIST 1
| #define HAVE_GETHOSTNAME 1
| #define HAVE_GETITIMER 1
| #define HAVE_GETLOADAVG 1
| #define HAVE_GETLOGIN 1
| #define HAVE_GETLOGIN_R 1
| #define HAVE_GETPEERNAME 1
| #define HAVE_GETPGID 1
| #define HAVE_GETPID 1
| #define HAVE_GETPPID 1
| #define HAVE_GETPRIORITY 1
| #define HAVE_GETPWENT 1
| #define HAVE_GETPWNAM_R 1
| #define HAVE_GETPWUID 1
| #define HAVE_GETPWUID_R 1
| #define HAVE_GETRESGID 1
| #define HAVE_GETRESUID 1
| #define HAVE_GETRUSAGE 1
| #define HAVE_GETSID 1
| #define HAVE_GETSPENT 1
| #define HAVE_GETSPNAM 1
| #define HAVE_GETUID 1
| #define HAVE_GETWD 1
| #define HAVE_GRANTPT 1
| #define HAVE_IF_NAMEINDEX 1
| #define HAVE_INITGROUPS 1
| #define HAVE_KILL 1
| #define HAVE_KILLPG 1
| #define HAVE_LCHOWN 1
| #define HAVE_LINKAT 1
| #define HAVE_LOCKF 1
| #define HAVE_LSTAT 1
| #define HAVE_LUTIMES 1
| #define HAVE_MADVISE 1
| #define HAVE_MBRTOWC 1
| #define HAVE_MEMRCHR 1
| #define HAVE_MKDIRAT 1
| #define HAVE_MKFIFO 1
| #define HAVE_MKFIFOAT 1
| #define HAVE_MKNOD 1
| #define HAVE_MKNODAT 1
| #define HAVE_MKTIME 1
| #define HAVE_MMAP 1
| #define HAVE_MREMAP 1
| #define HAVE_NICE 1
| #define HAVE_OPENAT 1
| #define HAVE_OPENDIR 1
| #define HAVE_PATHCONF 1
| #define HAVE_PAUSE 1
| #define HAVE_PIPE 1
| #define HAVE_PIPE2 1
| #define HAVE_POLL 1
| #define HAVE_POSIX_FADVISE 1
| #define HAVE_POSIX_FALLOCATE 1
| #define HAVE_POSIX_OPENPT 1
| #define HAVE_POSIX_SPAWN 1
| #define HAVE_POSIX_SPAWNP 1
| #define HAVE_POSIX_SPAWN_FILE_ACTIONS_ADDCLOSEFROM_NP 1
| #define HAVE_PREAD 1
| #define HAVE_PREADV 1
| #define HAVE_PREADV2 1
| #define HAVE_PROCESS_VM_READV 1
| #define HAVE_PTHREAD_CONDATTR_SETCLOCK 1
| #define HAVE_PTHREAD_KILL 1
| #define HAVE_PTSNAME 1
| #define HAVE_PTSNAME_R 1
| #define HAVE_PWRITE 1
| #define HAVE_PWRITEV 1
| #define HAVE_PWRITEV2 1
| #define HAVE_READLINK 1
| #define HAVE_READLINKAT 1
| #define HAVE_READV 1
| #define HAVE_REALPATH 1
| #define HAVE_RENAMEAT 1
| #define HAVE_SCHED_GET_PRIORITY_MAX 1
| #define HAVE_SCHED_RR_GET_INTERVAL 1
| #define HAVE_SCHED_SETAFFINITY 1
| #define HAVE_SCHED_SETPARAM 1
| #define HAVE_SCHED_SETSCHEDULER 1
| #define HAVE_SEM_CLOCKWAIT 1
| #define HAVE_SEM_GETVALUE 1
| #define HAVE_SEM_OPEN 1
| #define HAVE_SEM_TIMEDWAIT 1
| #define HAVE_SEM_UNLINK 1
| #define HAVE_SENDFILE 1
| #define HAVE_SETEGID 1
| #define HAVE_SETEUID 1
| #define HAVE_SETGID 1
| #define HAVE_SETHOSTNAME 1
| #define HAVE_SETITIMER 1
| #define HAVE_SETLOCALE 1
| #define HAVE_SETPGID 1
| #define HAVE_SETPGRP 1
| #define HAVE_SETPRIORITY 1
| #define HAVE_SETREGID 1
| #define HAVE_SETRESGID 1
| #define HAVE_SETRESUID 1
| #define HAVE_SETREUID 1
| #define HAVE_SETSID 1
| #define HAVE_SETUID 1
| #define HAVE_SETVBUF 1
| #define HAVE_SHUTDOWN 1
| #define HAVE_SIGACTION 1
| #define HAVE_SIGALTSTACK 1
| #define HAVE_SIGFILLSET 1
| #define HAVE_SIGINTERRUPT 1
| #define HAVE_SIGPENDING 1
| #define HAVE_SIGRELSE 1
| #define HAVE_SIGTIMEDWAIT 1
| #define HAVE_SIGWAIT 1
| #define HAVE_SIGWAITINFO 1
| #define HAVE_SNPRINTF 1
| #define HAVE_SPLICE 1
| #define HAVE_STRFTIME 1
| #define HAVE_STRSIGNAL 1
| #define HAVE_SYMLINKAT 1
| #define HAVE_SYNC 1
| #define HAVE_SYSCONF 1
| #define HAVE_TCGETPGRP 1
| #define HAVE_TCSETPGRP 1
| #define HAVE_TEMPNAM 1
| #define HAVE_TIMEGM 1
| #define HAVE_TIMES 1
| #define HAVE_TMPFILE 1
| #define HAVE_TMPNAM 1
| #define HAVE_TMPNAM_R 1
| #define HAVE_TRUNCATE 1
| #define HAVE_TTYNAME_R 1
| #define HAVE_UMASK 1
| #define HAVE_UNAME 1
| #define HAVE_UNLINKAT 1
| #define HAVE_UNLOCKPT 1
| #define HAVE_UTIMENSAT 1
| #define HAVE_UTIMES 1
| #define HAVE_VFORK 1
| #define HAVE_WAIT 1
| #define HAVE_WAIT3 1
| #define HAVE_WAIT4 1
| #define HAVE_WAITID 1
| #define HAVE_WAITPID 1
| #define HAVE_WCSCOLL 1
| #define HAVE_WCSFTIME 1
| #define HAVE_WCSXFRM 1
| #define HAVE_WMEMCMP 1
| #define HAVE_WRITEV 1
| #define HAVE_GETENTROPY 1
| #define HAVE_GETGROUPS 1
| #define HAVE_SYSTEM 1
| #define HAVE_DIRFD 1
| #define HAVE_CHROOT 1
| #define HAVE_LINK 1
| #define HAVE_SYMLINK 1
| #define HAVE_FCHDIR 1
| #define HAVE_FSYNC 1
| #define HAVE_FDATASYNC 1
| #define HAVE_EPOLL 1
| #define HAVE_EPOLL_CREATE1 1
| #define HAVE_PRLIMIT 1
| #define HAVE_MEMFD_CREATE 1
| #define HAVE_EVENTFD 1
| #define HAVE_TIMERFD_CREATE 1
| #define HAVE_FLOCK 1
| #define HAVE_GETPAGESIZE 1
| #define HAVE_ZLIB_COPY 1
| #define HAVE_BZLIB_H 1
| #define HAVE_HSTRERROR 1
| #define HAVE_GETSERVBYNAME 1
| #define HAVE_GETSERVBYPORT 1
| #define HAVE_GETHOSTBYNAME 1
| #define HAVE_GETHOSTBYADDR 1
| #define HAVE_GETPROTOBYNAME 1
| #define HAVE_INET_ATON 1
| #define HAVE_INET_NTOA 1
| #define HAVE_INET_PTON 1
| #define HAVE_GETPEERNAME 1
| #define HAVE_GETSOCKNAME 1
| #define HAVE_ACCEPT 1
| #define HAVE_BIND 1
| #define HAVE_CONNECT 1
| #define HAVE_LISTEN 1
| #define HAVE_RECVFROM 1
| #define HAVE_SENDTO 1
| #define HAVE_SETSOCKOPT 1
| #define HAVE_SOCKET 1
| #define HAVE_SETGROUPS 1
| #define HAVE_DECL_UT_NAMESIZE 1
| #define HAVE_UT_NAMESIZE 1
| #define HAVE_OPENPTY 1
| #define HAVE_LOGIN_TTY 1
| #define HAVE_FORKPTY 1
| #define HAVE_FSEEKO 1
| #define HAVE_FSTATVFS 1
| #define HAVE_FTELLO 1
| #define HAVE_STATVFS 1
| #define HAVE_DUP2 1
| #define HAVE_GETPGRP 1
| #define HAVE_SETPGRP 1
| #define HAVE_SETNS 1
| #define HAVE_UNSHARE 1
| #define HAVE_CLOCK_GETTIME 1
| #define HAVE_CLOCK_GETRES 1
| #define HAVE_CLOCK_SETTIME 1
| #define HAVE_CLOCK_NANOSLEEP 1
| #define HAVE_NANOSLEEP 1
| #define HAVE_DEVICE_MACROS 1
| #define SYS_SELECT_WITH_SYS_TIME 1
| #define HAVE_GETADDRINFO 1
| #define HAVE_GETNAMEINFO 1
| #define HAVE_STRUCT_TM_TM_ZONE 1
| #define HAVE_TM_ZONE 1
| #define HAVE_STRUCT_STAT_ST_RDEV 1
| #define HAVE_STRUCT_STAT_ST_BLKSIZE 1
| /* end confdefs.h.  */
| #include <stddef.h>
| #ifdef HAVE_STDIO_H
| # include <stdio.h>
| #endif
| #ifdef HAVE_STDLIB_H
| # include <stdlib.h>
| #endif
| #ifdef HAVE_STRING_H
| # include <string.h>
| #endif
| #ifdef HAVE_INTTYPES_H
| # include <inttypes.h>
| #endif
| #ifdef HAVE_STDINT_H
| # include <stdint.h>
| #endif
| #ifdef HAVE_STRINGS_H
| # include <strings.h>
| #endif
| #ifdef HAVE_SYS_TYPES_H
| # include <sys/types.h>
| #endif
| #ifdef HAVE_SYS_STAT_H
| # include <sys/stat.h>
| #endif
| #ifdef HAVE_UNISTD_H
| # include <unistd.h>
| #endif
| int
| main (void)
| {
| static struct stat ac_aggr;
| if (sizeof ac_aggr.st_flags)
| return 0;
|   ;
|   return 0;
| }
configure:23188: result: no
configure:23197: checking for struct stat.st_gen
configure:23197: gcc -c   conftest.c >&5
conftest.c: In function 'main':
conftest.c:459:13: error: 'struct stat' has no member named 'st_gen'; did you mean 'st_dev'?
  459 | if (ac_aggr.st_gen)
      |             ^~~~~~
      |             st_dev
configure:23197: $? = 1
configure: failed program was:
| /* confdefs.h */
| #define _NETBSD_SOURCE 1
| #define __BSD_VISIBLE 1
| #define _DARWIN_C_SOURCE 1
| #define _PYTHONFRAMEWORK ""
| #define _XOPEN_SOURCE 700
| #define _XOPEN_SOURCE_EXTENDED 1
| #define _POSIX_C_SOURCE 200809L
| #define HAVE_STDIO_H 1
| #define HAVE_STDLIB_H 1
| #define HAVE_STRING_H 1
| #define HAVE_INTTYPES_H 1
| #define HAVE_STDINT_H 1
| #define HAVE_STRINGS_H 1
| #define HAVE_SYS_STAT_H 1
| #define HAVE_SYS_TYPES_H 1
| #define HAVE_UNISTD_H 1
| #define HAVE_WCHAR_H 1
| #define STDC_HEADERS 1
| #define _ALL_SOURCE 1
| #define _DARWIN_C_SOURCE 1
| #define _GNU_SOURCE 1
| #define _HPUX_ALT_XOPEN_SOCKET_API 1
| #define _NETBSD_SOURCE 1
| #define _OPENBSD_SOURCE 1
| #define _POSIX_PTHREAD_SEMANTICS 1
| #define __STDC_WANT_IEC_60559_ATTRIBS_EXT__ 1
| #define __STDC_WANT_IEC_60559_BFP_EXT__ 1
| #define __STDC_WANT_IEC_60559_DFP_EXT__ 1
| #define __STDC_WANT_IEC_60559_FUNCS_EXT__ 1
| #define __STDC_WANT_IEC_60559_TYPES_EXT__ 1
| #define __STDC_WANT_LIB_EXT2__ 1
| #define __STDC_WANT_MATH_SPEC_FUNCS__ 1
| #define _TANDEM_SOURCE 1
| #define __EXTENSIONS__ 1
| #define PY_SUPPORT_TIER 1
| #define STDC_HEADERS 1
| #define HAVE_ALLOCA_H 1
| #define HAVE_ASM_TYPES_H 1
| #define HAVE_DLFCN_H 1
| #define HAVE_ENDIAN_H 1
| #define HAVE_ERRNO_H 1
| #define HAVE_FCNTL_H 1
| #define HAVE_GRP_H 1
| #define HAVE_LANGINFO_H 1
| #define HAVE_LIBINTL_H 1
| #define HAVE_LINUX_AUXVEC_H 1
| #define HAVE_SYS_AUXV_H 1
| #define HAVE_LINUX_FS_H 1
| #define HAVE_LINUX_LIMITS_H 1
| #define HAVE_LINUX_MEMFD_H 1
| #define HAVE_LINUX_RANDOM_H 1
| #define HAVE_LINUX_SOUNDCARD_H 1
| #define HAVE_LINUX_TIPC_H 1
| #define HAVE_LINUX_WAIT_H 1
| #define HAVE_NETDB_H 1
| #define HAVE_NET_ETHERNET_H 1
| #define HAVE_NETINET_IN_H 1
| #define HAVE_NETPACKET_PACKET_H 1
| #define HAVE_POLL_H 1
| #define HAVE_PTHREAD_H 1
| #define HAVE_PTY_H 1
| #define HAVE_SCHED_H 1
| #define HAVE_SETJMP_H 1
| #define HAVE_SHADOW_H 1
| #define HAVE_SIGNAL_H 1
| #define HAVE_SPAWN_H 1
| #define HAVE_SYS_EPOLL_H 1
| #define HAVE_SYS_EVENTFD_H 1
| #define HAVE_SYS_FILE_H 1
| #define HAVE_SYS_IOCTL_H 1
| #define HAVE_SYS_MMAN_H 1
| #define HAVE_SYS_PARAM_H 1
| #define HAVE_SYS_PIDFD_H 1
| #define HAVE_SYS_POLL_H 1
| #define HAVE_SYS_RANDOM_H 1
| #define HAVE_SYS_RESOURCE_H 1
| #define HAVE_SYS_SELECT_H 1
| #define HAVE_SYS_SENDFILE_H 1
| #define HAVE_SYS_SOCKET_H 1
| #define HAVE_SYS_SOUNDCARD_H 1
| #define HAVE_SYS_STAT_H 1
| #define HAVE_SYS_STATVFS_H 1
| #define HAVE_SYS_SYSCALL_H 1
| #define HAVE_SYS_SYSMACROS_H 1
| #define HAVE_SYS_TIME_H 1
| #define HAVE_SYS_TIMES_H 1
| #define HAVE_SYS_TIMERFD_H 1
| #define HAVE_SYS_TYPES_H 1
| #define HAVE_SYS_UIO_H 1
| #define HAVE_SYS_UN_H 1
| #define HAVE_SYS_UTSNAME_H 1
| #define HAVE_SYS_WAIT_H 1
| #define HAVE_SYS_XATTR_H 1
| #define HAVE_SYSEXITS_H 1
| #define HAVE_SYSLOG_H 1
| #define HAVE_TERMIOS_H 1
| #define HAVE_UTIME_H 1
| #define HAVE_UTMP_H 1
| #define HAVE_DIRENT_H 1
| #define MAJOR_IN_SYSMACROS 1
| #define HAVE_NET_IF_H 1
| #define HAVE_LINUX_NETLINK_H 1
| #define HAVE_LINUX_QRTR_H 1
| #define HAVE_LINUX_VM_SOCKETS_H 1
| #define HAVE_LINUX_CAN_H 1
| #define HAVE_LINUX_CAN_BCM_H 1
| #define HAVE_LINUX_CAN_J1939_H 1
| #define HAVE_LINUX_CAN_RAW_H 1
| #define HAVE_CLOCK_T 1
| #define HAVE_MAKEDEV 1
| #define HAVE_HTOLE64 1
| #define _LARGEFILE_SOURCE 1
| #define _FILE_OFFSET_BITS 64
| #if defined(SCO_DS)
| #undef _OFF_T
| #endif
| #define RETSIGTYPE void
| #define HAVE_SSIZE_T 1
| #define HAVE___UINT128_T 1
| #define HAVE_GCC_UINT128_T 1
| #define SIZEOF_INT 4
| #define SIZEOF_LONG 8
| #define ALIGNOF_LONG 8
| #define SIZEOF_LONG_LONG 8
| #define SIZEOF_VOID_P 8
| #define SIZEOF_SHORT 2
| #define SIZEOF_FLOAT 4
| #define SIZEOF_DOUBLE 8
| #define SIZEOF_FPOS_T 16
| #define SIZEOF_SIZE_T 8
| #define ALIGNOF_SIZE_T 8
| #define SIZEOF_PID_T 4
| #define SIZEOF_UINTPTR_T 8
| #define ALIGNOF_MAX_ALIGN_T 16
| #define HAVE_LONG_DOUBLE 1
| #define SIZEOF_LONG_DOUBLE 16
| #define SIZEOF__BOOL 1
| #define SIZEOF_OFF_T 8
| #define SIZEOF_TIME_T 8
| #define SIZEOF_PTHREAD_T 8
| #define SIZEOF_PTHREAD_KEY_T 4
| #define PTHREAD_KEY_T_IS_COMPATIBLE_WITH_INT 1
| #define PY_HAVE_PERF_TRAMPOLINE 1
| #define HAVE_LIBDL 1
| #define HAVE_FFI_PREP_CIF_VAR 1
| #define HAVE_FFI_PREP_CLOSURE_LOC 1
| #define HAVE_FFI_CLOSURE_ALLOC 1
| #define WITH_DECIMAL_CONTEXTVAR 1
| #define HAVE_LIBSQLITE3 1
| #define HAVE_LIBSQLITE3 1
| #define HAVE_LIBSQLITE3 1
| #define HAVE_LIBSQLITE3 1
| #define HAVE_LIBSQLITE3 1
| #define HAVE_LIBSQLITE3 1
| #define HAVE_LIBSQLITE3 1
| #define HAVE_LIBSQLITE3 1
| #define HAVE_LIBSQLITE3 1
| #define PY_SQLITE_HAVE_SERIALIZE 1
| #define _REENTRANT 1
| #define PTHREAD_SYSTEM_SCHED_SUPPORTED 1
| #define HAVE_PTHREAD_SIGMASK 1
| #define HAVE_PTHREAD_GETCPUCLOCKID 1
| #define ENABLE_IPV6 1
| #define HAVE_LINUX_CAN_RAW_FD_FRAMES 1
| #define HAVE_LINUX_CAN_RAW_JOIN_FILTERS 1
| #define WITH_DOC_STRINGS 1
| #define HAVE_STD_ATOMIC 1
| #define HAVE_BUILTIN_ATOMIC 1
| #define WITH_MIMALLOC 1
| #define WITH_PYMALLOC 1
| #define WITH_FREELISTS 1
| #define PY_COERCE_C_LOCALE 1
| #define HAVE_DLOPEN 1
| #define HAVE_DYNAMIC_LOADING 1
| #define HAVE_ACCEPT4 1
| #define HAVE_ALARM 1
| #define HAVE_BIND_TEXTDOMAIN_CODESET 1
| #define HAVE_CHMOD 1
| #define HAVE_CHOWN 1
| #define HAVE_CLOCK 1
| #define HAVE_CLOSEFROM 1
| #define HAVE_CLOSE_RANGE 1
| #define HAVE_CONFSTR 1
| #define HAVE_COPY_FILE_RANGE 1
| #define HAVE_CTERMID 1
| #define HAVE_DUP 1
| #define HAVE_DUP3 1
| #define HAVE_EXECV 1
| #define HAVE_EXPLICIT_BZERO 1
| #define HAVE_FACCESSAT 1
| #define HAVE_FCHMOD 1
| #define HAVE_FCHMODAT 1
| #define HAVE_FCHOWN 1
| #define HAVE_FCHOWNAT 1
| #define HAVE_FDOPENDIR 1
| #define HAVE_FEXECVE 1
| #define HAVE_FORK 1
| #define HAVE_FPATHCONF 1
| #define HAVE_FSTATAT 1
| #define HAVE_FTIME 1
| #define HAVE_FTRUNCATE 1
| #define HAVE_FUTIMENS 1
| #define HAVE_FUTIMES 1
| #define HAVE_FUTIMESAT 1
| #define HAVE_GAI_STRERROR 1
| #define HAVE_GETEGID 1
| #define HAVE_GETEUID 1
| #define HAVE_GETGID 1
| #define HAVE_GETGRENT 1
| #define HAVE_GETGRGID 1
| #define HAVE_GETGRGID_R 1
| #define HAVE_GETGRNAM_R 1
| #define HAVE_GETGROUPLIST 1
| #define HAVE_GETHOSTNAME 1
| #define HAVE_GETITIMER 1
| #define HAVE_GETLOADAVG 1
| #define HAVE_GETLOGIN 1
| #define HAVE_GETLOGIN_R 1
| #define HAVE_GETPEERNAME 1
| #define HAVE_GETPGID 1
| #define HAVE_GETPID 1
| #define HAVE_GETPPID 1
| #define HAVE_GETPRIORITY 1
| #define HAVE_GETPWENT 1
| #define HAVE_GETPWNAM_R 1
| #define HAVE_GETPWUID 1
| #define HAVE_GETPWUID_R 1
| #define HAVE_GETRESGID 1
| #define HAVE_GETRESUID 1
| #define HAVE_GETRUSAGE 1
| #define HAVE_GETSID 1
| #define HAVE_GETSPENT 1
| #define HAVE_GETSPNAM 1
| #define HAVE_GETUID 1
| #define HAVE_GETWD 1
| #define HAVE_GRANTPT 1
| #define HAVE_IF_NAMEINDEX 1
| #define HAVE_INITGROUPS 1
| #define HAVE_KILL 1
| #define HAVE_KILLPG 1
| #define HAVE_LCHOWN 1
| #define HAVE_LINKAT 1
| #define HAVE_LOCKF 1
| #define HAVE_LSTAT 1
| #define HAVE_LUTIMES 1
| #define HAVE_MADVISE 1
| #define HAVE_MBRTOWC 1
| #define HAVE_MEMRCHR 1
| #define HAVE_MKDIRAT 1
| #define HAVE_MKFIFO 1
| #define HAVE_MKFIFOAT 1
| #define HAVE_MKNOD 1
| #define HAVE_MKNODAT 1
| #define HAVE_MKTIME 1
| #define HAVE_MMAP 1
| #define HAVE_MREMAP 1
| #define HAVE_NICE 1
| #define HAVE_OPENAT 1
| #define HAVE_OPENDIR 1
| #define HAVE_PATHCONF 1
| #define HAVE_PAUSE 1
| #define HAVE_PIPE 1
| #define HAVE_PIPE2 1
| #define HAVE_POLL 1
| #define HAVE_POSIX_FADVISE 1
| #define HAVE_POSIX_FALLOCATE 1
| #define HAVE_POSIX_OPENPT 1
| #define HAVE_POSIX_SPAWN 1
| #define HAVE_POSIX_SPAWNP 1
| #define HAVE_POSIX_SPAWN_FILE_ACTIONS_ADDCLOSEFROM_NP 1
| #define HAVE_PREAD 1
| #define HAVE_PREADV 1
| #define HAVE_PREADV2 1
| #define HAVE_PROCESS_VM_READV 1
| #define HAVE_PTHREAD_CONDATTR_SETCLOCK 1
| #define HAVE_PTHREAD_KILL 1
| #define HAVE_PTSNAME 1
| #define HAVE_PTSNAME_R 1
| #define HAVE_PWRITE 1
| #define HAVE_PWRITEV 1
| #define HAVE_PWRITEV2 1
| #define HAVE_READLINK 1
| #define HAVE_READLINKAT 1
| #define HAVE_READV 1
| #define HAVE_REALPATH 1
| #define HAVE_RENAMEAT 1
| #define HAVE_SCHED_GET_PRIORITY_MAX 1
| #define HAVE_SCHED_RR_GET_INTERVAL 1
| #define HAVE_SCHED_SETAFFINITY 1
| #define HAVE_SCHED_SETPARAM 1
| #define HAVE_SCHED_SETSCHEDULER 1
| #define HAVE_SEM_CLOCKWAIT 1
| #define HAVE_SEM_GETVALUE 1
| #define HAVE_SEM_OPEN 1
| #define HAVE_SEM_TIMEDWAIT 1
| #define HAVE_SEM_UNLINK 1
| #define HAVE_SENDFILE 1
| #define HAVE_SETEGID 1
| #define HAVE_SETEUID 1
| #define HAVE_SETGID 1
| #define HAVE_SETHOSTNAME 1
| #define HAVE_SETITIMER 1
| #define HAVE_SETLOCALE 1
| #define HAVE_SETPGID 1
| #define HAVE_SETPGRP 1
| #define HAVE_SETPRIORITY 1
| #define HAVE_SETREGID 1
| #define HAVE_SETRESGID 1
| #define HAVE_SETRESUID 1
| #define HAVE_SETREUID 1
| #define HAVE_SETSID 1
| #define HAVE_SETUID 1
| #define HAVE_SETVBUF 1
| #define HAVE_SHUTDOWN 1
| #define HAVE_SIGACTION 1
| #define HAVE_SIGALTSTACK 1
| #define HAVE_SIGFILLSET 1
| #define HAVE_SIGINTERRUPT 1
| #define HAVE_SIGPENDING 1
| #define HAVE_SIGRELSE 1
| #define HAVE_SIGTIMEDWAIT 1
| #define HAVE_SIGWAIT 1
| #define HAVE_SIGWAITINFO 1
| #define HAVE_SNPRINTF 1
| #define HAVE_SPLICE 1
| #define HAVE_STRFTIME 1
| #define HAVE_STRSIGNAL 1
| #define HAVE_SYMLINKAT 1
| #define HAVE_SYNC 1
| #define HAVE_SYSCONF 1
| #define HAVE_TCGETPGRP 1
| #define HAVE_TCSETPGRP 1
| #define HAVE_TEMPNAM 1
| #define HAVE_TIMEGM 1
| #define HAVE_TIMES 1
| #define HAVE_TMPFILE 1
| #define HAVE_TMPNAM 1
| #define HAVE_TMPNAM_R 1
| #define HAVE_TRUNCATE 1
| #define HAVE_TTYNAME_R 1
| #define HAVE_UMASK 1
| #define HAVE_UNAME 1
| #define HAVE_UNLINKAT 1
| #define HAVE_UNLOCKPT 1
| #define HAVE_UTIMENSAT 1
| #define HAVE_UTIMES 1
| #define HAVE_VFORK 1
| #define HAVE_WAIT 1
| #define HAVE_WAIT3 1
| #define HAVE_WAIT4 1
| #define HAVE_WAITID 1
| #define HAVE_WAITPID 1
| #define HAVE_WCSCOLL 1
| #define HAVE_WCSFTIME 1
| #define HAVE_WCSXFRM 1
| #define HAVE_WMEMCMP 1
| #define HAVE_WRITEV 1
| #define HAVE_GETENTROPY 1
| #define HAVE_GETGROUPS 1
| #define HAVE_SYSTEM 1
| #define HAVE_DIRFD 1
| #define HAVE_CHROOT 1
| #define HAVE_LINK 1
| #define HAVE_SYMLINK 1
| #define HAVE_FCHDIR 1
| #define HAVE_FSYNC 1
| #define HAVE_FDATASYNC 1
| #define HAVE_EPOLL 1
| #define HAVE_EPOLL_CREATE1 1
| #define HAVE_PRLIMIT 1
| #define HAVE_MEMFD_CREATE 1
| #define HAVE_EVENTFD 1
| #define HAVE_TIMERFD_CREATE 1
| #define HAVE_FLOCK 1
| #define HAVE_GETPAGESIZE 1
| #define HAVE_ZLIB_COPY 1
| #define HAVE_BZLIB_H 1
| #define HAVE_HSTRERROR 1
| #define HAVE_GETSERVBYNAME 1
| #define HAVE_GETSERVBYPORT 1
| #define HAVE_GETHOSTBYNAME 1
| #define HAVE_GETHOSTBYADDR 1
| #define HAVE_GETPROTOBYNAME 1
| #define HAVE_INET_ATON 1
| #define HAVE_INET_NTOA 1
| #define HAVE_INET_PTON 1
| #define HAVE_GETPEERNAME 1
| #define HAVE_GETSOCKNAME 1
| #define HAVE_ACCEPT 1
| #define HAVE_BIND 1
| #define HAVE_CONNECT 1
| #define HAVE_LISTEN 1
| #define HAVE_RECVFROM 1
| #define HAVE_SENDTO 1
| #define HAVE_SETSOCKOPT 1
| #define HAVE_SOCKET 1
| #define HAVE_SETGROUPS 1
| #define HAVE_DECL_UT_NAMESIZE 1
| #define HAVE_UT_NAMESIZE 1
| #define HAVE_OPENPTY 1
| #define HAVE_LOGIN_TTY 1
| #define HAVE_FORKPTY 1
| #define HAVE_FSEEKO 1
| #define HAVE_FSTATVFS 1
| #define HAVE_FTELLO 1
| #define HAVE_STATVFS 1
| #define HAVE_DUP2 1
| #define HAVE_GETPGRP 1
| #define HAVE_SETPGRP 1
| #define HAVE_SETNS 1
| #define HAVE_UNSHARE 1
| #define HAVE_CLOCK_GETTIME 1
| #define HAVE_CLOCK_GETRES 1
| #define HAVE_CLOCK_SETTIME 1
| #define HAVE_CLOCK_NANOSLEEP 1
| #define HAVE_NANOSLEEP 1
| #define HAVE_DEVICE_MACROS 1
| #define SYS_SELECT_WITH_SYS_TIME 1
| #define HAVE_GETADDRINFO 1
| #define HAVE_GETNAMEINFO 1
| #define HAVE_STRUCT_TM_TM_ZONE 1
| #define HAVE_TM_ZONE 1
| #define HAVE_STRUCT_STAT_ST_RDEV 1
| #define HAVE_STRUCT_STAT_ST_BLKSIZE 1
| /* end confdefs.h.  */
| #include <stddef.h>
| #ifdef HAVE_STDIO_H
| # include <stdio.h>
| #endif
| #ifdef HAVE_STDLIB_H
| # include <stdlib.h>
| #endif
| #ifdef HAVE_STRING_H
| # include <string.h>
| #endif
| #ifdef HAVE_INTTYPES_H
| # include <inttypes.h>
| #endif
| #ifdef HAVE_STDINT_H
| # include <stdint.h>
| #endif
| #ifdef HAVE_STRINGS_H
| # include <strings.h>
| #endif
| #ifdef HAVE_SYS_TYPES_H
| # include <sys/types.h>
| #endif
| #ifdef HAVE_SYS_STAT_H
| # include <sys/stat.h>
| #endif
| #ifdef HAVE_UNISTD_H
| # include <unistd.h>
| #endif
| int
| main (void)
| {
| static struct stat ac_aggr;
| if (ac_aggr.st_gen)
| return 0;
|   ;
|   return 0;
| }
configure:23197: gcc -c   conftest.c >&5
conftest.c: In function 'main':
conftest.c:459:20: error: 'struct stat' has no member named 'st_gen'; did you mean 'st_dev'?
  459 | if (sizeof ac_aggr.st_gen)
      |                    ^~~~~~
      |                    st_dev
configure:23197: $? = 1
configure: failed program was:
| /* confdefs.h */
| #define _NETBSD_SOURCE 1
| #define __BSD_VISIBLE 1
| #define _DARWIN_C_SOURCE 1
| #define _PYTHONFRAMEWORK ""
| #define _XOPEN_SOURCE 700
| #define _XOPEN_SOURCE_EXTENDED 1
| #define _POSIX_C_SOURCE 200809L
| #define HAVE_STDIO_H 1
| #define HAVE_STDLIB_H 1
| #define HAVE_STRING_H 1
| #define HAVE_INTTYPES_H 1
| #define HAVE_STDINT_H 1
| #define HAVE_STRINGS_H 1
| #define HAVE_SYS_STAT_H 1
| #define HAVE_SYS_TYPES_H 1
| #define HAVE_UNISTD_H 1
| #define HAVE_WCHAR_H 1
| #define STDC_HEADERS 1
| #define _ALL_SOURCE 1
| #define _DARWIN_C_SOURCE 1
| #define _GNU_SOURCE 1
| #define _HPUX_ALT_XOPEN_SOCKET_API 1
| #define _NETBSD_SOURCE 1
| #define _OPENBSD_SOURCE 1
| #define _POSIX_PTHREAD_SEMANTICS 1
| #define __STDC_WANT_IEC_60559_ATTRIBS_EXT__ 1
| #define __STDC_WANT_IEC_60559_BFP_EXT__ 1
| #define __STDC_WANT_IEC_60559_DFP_EXT__ 1
| #define __STDC_WANT_IEC_60559_FUNCS_EXT__ 1
| #define __STDC_WANT_IEC_60559_TYPES_EXT__ 1
| #define __STDC_WANT_LIB_EXT2__ 1
| #define __STDC_WANT_MATH_SPEC_FUNCS__ 1
| #define _TANDEM_SOURCE 1
| #define __EXTENSIONS__ 1
| #define PY_SUPPORT_TIER 1
| #define STDC_HEADERS 1
| #define HAVE_ALLOCA_H 1
| #define HAVE_ASM_TYPES_H 1
| #define HAVE_DLFCN_H 1
| #define HAVE_ENDIAN_H 1
| #define HAVE_ERRNO_H 1
| #define HAVE_FCNTL_H 1
| #define HAVE_GRP_H 1
| #define HAVE_LANGINFO_H 1
| #define HAVE_LIBINTL_H 1
| #define HAVE_LINUX_AUXVEC_H 1
| #define HAVE_SYS_AUXV_H 1
| #define HAVE_LINUX_FS_H 1
| #define HAVE_LINUX_LIMITS_H 1
| #define HAVE_LINUX_MEMFD_H 1
| #define HAVE_LINUX_RANDOM_H 1
| #define HAVE_LINUX_SOUNDCARD_H 1
| #define HAVE_LINUX_TIPC_H 1
| #define HAVE_LINUX_WAIT_H 1
| #define HAVE_NETDB_H 1
| #define HAVE_NET_ETHERNET_H 1
| #define HAVE_NETINET_IN_H 1
| #define HAVE_NETPACKET_PACKET_H 1
| #define HAVE_POLL_H 1
| #define HAVE_PTHREAD_H 1
| #define HAVE_PTY_H 1
| #define HAVE_SCHED_H 1
| #define HAVE_SETJMP_H 1
| #define HAVE_SHADOW_H 1
| #define HAVE_SIGNAL_H 1
| #define HAVE_SPAWN_H 1
| #define HAVE_SYS_EPOLL_H 1
| #define HAVE_SYS_EVENTFD_H 1
| #define HAVE_SYS_FILE_H 1
| #define HAVE_SYS_IOCTL_H 1
| #define HAVE_SYS_MMAN_H 1
| #define HAVE_SYS_PARAM_H 1
| #define HAVE_SYS_PIDFD_H 1
| #define HAVE_SYS_POLL_H 1
| #define HAVE_SYS_RANDOM_H 1
| #define HAVE_SYS_RESOURCE_H 1
| #define HAVE_SYS_SELECT_H 1
| #define HAVE_SYS_SENDFILE_H 1
| #define HAVE_SYS_SOCKET_H 1
| #define HAVE_SYS_SOUNDCARD_H 1
| #define HAVE_SYS_STAT_H 1
| #define HAVE_SYS_STATVFS_H 1
| #define HAVE_SYS_SYSCALL_H 1
| #define HAVE_SYS_SYSMACROS_H 1
| #define HAVE_SYS_TIME_H 1
| #define HAVE_SYS_TIMES_H 1
| #define HAVE_SYS_TIMERFD_H 1
| #define HAVE_SYS_TYPES_H 1
| #define HAVE_SYS_UIO_H 1
| #define HAVE_SYS_UN_H 1
| #define HAVE_SYS_UTSNAME_H 1
| #define HAVE_SYS_WAIT_H 1
| #define HAVE_SYS_XATTR_H 1
| #define HAVE_SYSEXITS_H 1
| #define HAVE_SYSLOG_H 1
| #define HAVE_TERMIOS_H 1
| #define HAVE_UTIME_H 1
| #define HAVE_UTMP_H 1
| #define HAVE_DIRENT_H 1
| #define MAJOR_IN_SYSMACROS 1
| #define HAVE_NET_IF_H 1
| #define HAVE_LINUX_NETLINK_H 1
| #define HAVE_LINUX_QRTR_H 1
| #define HAVE_LINUX_VM_SOCKETS_H 1
| #define HAVE_LINUX_CAN_H 1
| #define HAVE_LINUX_CAN_BCM_H 1
| #define HAVE_LINUX_CAN_J1939_H 1
| #define HAVE_LINUX_CAN_RAW_H 1
| #define HAVE_CLOCK_T 1
| #define HAVE_MAKEDEV 1
| #define HAVE_HTOLE64 1
| #define _LARGEFILE_SOURCE 1
| #define _FILE_OFFSET_BITS 64
| #if defined(SCO_DS)
| #undef _OFF_T
| #endif
| #define RETSIGTYPE void
| #define HAVE_SSIZE_T 1
| #define HAVE___UINT128_T 1
| #define HAVE_GCC_UINT128_T 1
| #define SIZEOF_INT 4
| #define SIZEOF_LONG 8
| #define ALIGNOF_LONG 8
| #define SIZEOF_LONG_LONG 8
| #define SIZEOF_VOID_P 8
| #define SIZEOF_SHORT 2
| #define SIZEOF_FLOAT 4
| #define SIZEOF_DOUBLE 8
| #define SIZEOF_FPOS_T 16
| #define SIZEOF_SIZE_T 8
| #define ALIGNOF_SIZE_T 8
| #define SIZEOF_PID_T 4
| #define SIZEOF_UINTPTR_T 8
| #define ALIGNOF_MAX_ALIGN_T 16
| #define HAVE_LONG_DOUBLE 1
| #define SIZEOF_LONG_DOUBLE 16
| #define SIZEOF__BOOL 1
| #define SIZEOF_OFF_T 8
| #define SIZEOF_TIME_T 8
| #define SIZEOF_PTHREAD_T 8
| #define SIZEOF_PTHREAD_KEY_T 4
| #define PTHREAD_KEY_T_IS_COMPATIBLE_WITH_INT 1
| #define PY_HAVE_PERF_TRAMPOLINE 1
| #define HAVE_LIBDL 1
| #define HAVE_FFI_PREP_CIF_VAR 1
| #define HAVE_FFI_PREP_CLOSURE_LOC 1
| #define HAVE_FFI_CLOSURE_ALLOC 1
| #define WITH_DECIMAL_CONTEXTVAR 1
| #define HAVE_LIBSQLITE3 1
| #define HAVE_LIBSQLITE3 1
| #define HAVE_LIBSQLITE3 1
| #define HAVE_LIBSQLITE3 1
| #define HAVE_LIBSQLITE3 1
| #define HAVE_LIBSQLITE3 1
| #define HAVE_LIBSQLITE3 1
| #define HAVE_LIBSQLITE3 1
| #define HAVE_LIBSQLITE3 1
| #define PY_SQLITE_HAVE_SERIALIZE 1
| #define _REENTRANT 1
| #define PTHREAD_SYSTEM_SCHED_SUPPORTED 1
| #define HAVE_PTHREAD_SIGMASK 1
| #define HAVE_PTHREAD_GETCPUCLOCKID 1
| #define ENABLE_IPV6 1
| #define HAVE_LINUX_CAN_RAW_FD_FRAMES 1
| #define HAVE_LINUX_CAN_RAW_JOIN_FILTERS 1
| #define WITH_DOC_STRINGS 1
| #define HAVE_STD_ATOMIC 1
| #define HAVE_BUILTIN_ATOMIC 1
| #define WITH_MIMALLOC 1
| #define WITH_PYMALLOC 1
| #define WITH_FREELISTS 1
| #define PY_COERCE_C_LOCALE 1
| #define HAVE_DLOPEN 1
| #define HAVE_DYNAMIC_LOADING 1
| #define HAVE_ACCEPT4 1
| #define HAVE_ALARM 1
| #define HAVE_BIND_TEXTDOMAIN_CODESET 1
| #define HAVE_CHMOD 1
| #define HAVE_CHOWN 1
| #define HAVE_CLOCK 1
| #define HAVE_CLOSEFROM 1
| #define HAVE_CLOSE_RANGE 1
| #define HAVE_CONFSTR 1
| #define HAVE_COPY_FILE_RANGE 1
| #define HAVE_CTERMID 1
| #define HAVE_DUP 1
| #define HAVE_DUP3 1
| #define HAVE_EXECV 1
| #define HAVE_EXPLICIT_BZERO 1
| #define HAVE_FACCESSAT 1
| #define HAVE_FCHMOD 1
| #define HAVE_FCHMODAT 1
| #define HAVE_FCHOWN 1
| #define HAVE_FCHOWNAT 1
| #define HAVE_FDOPENDIR 1
| #define HAVE_FEXECVE 1
| #define HAVE_FORK 1
| #define HAVE_FPATHCONF 1
| #define HAVE_FSTATAT 1
| #define HAVE_FTIME 1
| #define HAVE_FTRUNCATE 1
| #define HAVE_FUTIMENS 1
| #define HAVE_FUTIMES 1
| #define HAVE_FUTIMESAT 1
| #define HAVE_GAI_STRERROR 1
| #define HAVE_GETEGID 1
| #define HAVE_GETEUID 1
| #define HAVE_GETGID 1
| #define HAVE_GETGRENT 1
| #define HAVE_GETGRGID 1
| #define HAVE_GETGRGID_R 1
| #define HAVE_GETGRNAM_R 1
| #define HAVE_GETGROUPLIST 1
| #define HAVE_GETHOSTNAME 1
| #define HAVE_GETITIMER 1
| #define HAVE_GETLOADAVG 1
| #define HAVE_GETLOGIN 1
| #define HAVE_GETLOGIN_R 1
| #define HAVE_GETPEERNAME 1
| #define HAVE_GETPGID 1
| #define HAVE_GETPID 1
| #define HAVE_GETPPID 1
| #define HAVE_GETPRIORITY 1
| #define HAVE_GETPWENT 1
| #define HAVE_GETPWNAM_R 1
| #define HAVE_GETPWUID 1
| #define HAVE_GETPWUID_R 1
| #define HAVE_GETRESGID 1
| #define HAVE_GETRESUID 1
| #define HAVE_GETRUSAGE 1
| #define HAVE_GETSID 1
| #define HAVE_GETSPENT 1
| #define HAVE_GETSPNAM 1
| #define HAVE_GETUID 1
| #define HAVE_GETWD 1
| #define HAVE_GRANTPT 1
| #define HAVE_IF_NAMEINDEX 1
| #define HAVE_INITGROUPS 1
| #define HAVE_KILL 1
| #define HAVE_KILLPG 1
| #define HAVE_LCHOWN 1
| #define HAVE_LINKAT 1
| #define HAVE_LOCKF 1
| #define HAVE_LSTAT 1
| #define HAVE_LUTIMES 1
| #define HAVE_MADVISE 1
| #define HAVE_MBRTOWC 1
| #define HAVE_MEMRCHR 1
| #define HAVE_MKDIRAT 1
| #define HAVE_MKFIFO 1
| #define HAVE_MKFIFOAT 1
| #define HAVE_MKNOD 1
| #define HAVE_MKNODAT 1
| #define HAVE_MKTIME 1
| #define HAVE_MMAP 1
| #define HAVE_MREMAP 1
| #define HAVE_NICE 1
| #define HAVE_OPENAT 1
| #define HAVE_OPENDIR 1
| #define HAVE_PATHCONF 1
| #define HAVE_PAUSE 1
| #define HAVE_PIPE 1
| #define HAVE_PIPE2 1
| #define HAVE_POLL 1
| #define HAVE_POSIX_FADVISE 1
| #define HAVE_POSIX_FALLOCATE 1
| #define HAVE_POSIX_OPENPT 1
| #define HAVE_POSIX_SPAWN 1
| #define HAVE_POSIX_SPAWNP 1
| #define HAVE_POSIX_SPAWN_FILE_ACTIONS_ADDCLOSEFROM_NP 1
| #define HAVE_PREAD 1
| #define HAVE_PREADV 1
| #define HAVE_PREADV2 1
| #define HAVE_PROCESS_VM_READV 1
| #define HAVE_PTHREAD_CONDATTR_SETCLOCK 1
| #define HAVE_PTHREAD_KILL 1
| #define HAVE_PTSNAME 1
| #define HAVE_PTSNAME_R 1
| #define HAVE_PWRITE 1
| #define HAVE_PWRITEV 1
| #define HAVE_PWRITEV2 1
| #define HAVE_READLINK 1
| #define HAVE_READLINKAT 1
| #define HAVE_READV 1
| #define HAVE_REALPATH 1
| #define HAVE_RENAMEAT 1
| #define HAVE_SCHED_GET_PRIORITY_MAX 1
| #define HAVE_SCHED_RR_GET_INTERVAL 1
| #define HAVE_SCHED_SETAFFINITY 1
| #define HAVE_SCHED_SETPARAM 1
| #define HAVE_SCHED_SETSCHEDULER 1
| #define HAVE_SEM_CLOCKWAIT 1
| #define HAVE_SEM_GETVALUE 1
| #define HAVE_SEM_OPEN 1
| #define HAVE_SEM_TIMEDWAIT 1
| #define HAVE_SEM_UNLINK 1
| #define HAVE_SENDFILE 1
| #define HAVE_SETEGID 1
| #define HAVE_SETEUID 1
| #define HAVE_SETGID 1
| #define HAVE_SETHOSTNAME 1
| #define HAVE_SETITIMER 1
| #define HAVE_SETLOCALE 1
| #define HAVE_SETPGID 1
| #define HAVE_SETPGRP 1
| #define HAVE_SETPRIORITY 1
| #define HAVE_SETREGID 1
| #define HAVE_SETRESGID 1
| #define HAVE_SETRESUID 1
| #define HAVE_SETREUID 1
| #define HAVE_SETSID 1
| #define HAVE_SETUID 1
| #define HAVE_SETVBUF 1
| #define HAVE_SHUTDOWN 1
| #define HAVE_SIGACTION 1
| #define HAVE_SIGALTSTACK 1
| #define HAVE_SIGFILLSET 1
| #define HAVE_SIGINTERRUPT 1
| #define HAVE_SIGPENDING 1
| #define HAVE_SIGRELSE 1
| #define HAVE_SIGTIMEDWAIT 1
| #define HAVE_SIGWAIT 1
| #define HAVE_SIGWAITINFO 1
| #define HAVE_SNPRINTF 1
| #define HAVE_SPLICE 1
| #define HAVE_STRFTIME 1
| #define HAVE_STRSIGNAL 1
| #define HAVE_SYMLINKAT 1
| #define HAVE_SYNC 1
| #define HAVE_SYSCONF 1
| #define HAVE_TCGETPGRP 1
| #define HAVE_TCSETPGRP 1
| #define HAVE_TEMPNAM 1
| #define HAVE_TIMEGM 1
| #define HAVE_TIMES 1
| #define HAVE_TMPFILE 1
| #define HAVE_TMPNAM 1
| #define HAVE_TMPNAM_R 1
| #define HAVE_TRUNCATE 1
| #define HAVE_TTYNAME_R 1
| #define HAVE_UMASK 1
| #define HAVE_UNAME 1
| #define HAVE_UNLINKAT 1
| #define HAVE_UNLOCKPT 1
| #define HAVE_UTIMENSAT 1
| #define HAVE_UTIMES 1
| #define HAVE_VFORK 1
| #define HAVE_WAIT 1
| #define HAVE_WAIT3 1
| #define HAVE_WAIT4 1
| #define HAVE_WAITID 1
| #define HAVE_WAITPID 1
| #define HAVE_WCSCOLL 1
| #define HAVE_WCSFTIME 1
| #define HAVE_WCSXFRM 1
| #define HAVE_WMEMCMP 1
| #define HAVE_WRITEV 1
| #define HAVE_GETENTROPY 1
| #define HAVE_GETGROUPS 1
| #define HAVE_SYSTEM 1
| #define HAVE_DIRFD 1
| #define HAVE_CHROOT 1
| #define HAVE_LINK 1
| #define HAVE_SYMLINK 1
| #define HAVE_FCHDIR 1
| #define HAVE_FSYNC 1
| #define HAVE_FDATASYNC 1
| #define HAVE_EPOLL 1
| #define HAVE_EPOLL_CREATE1 1
| #define HAVE_PRLIMIT 1
| #define HAVE_MEMFD_CREATE 1
| #define HAVE_EVENTFD 1
| #define HAVE_TIMERFD_CREATE 1
| #define HAVE_FLOCK 1
| #define HAVE_GETPAGESIZE 1
| #define HAVE_ZLIB_COPY 1
| #define HAVE_BZLIB_H 1
| #define HAVE_HSTRERROR 1
| #define HAVE_GETSERVBYNAME 1
| #define HAVE_GETSERVBYPORT 1
| #define HAVE_GETHOSTBYNAME 1
| #define HAVE_GETHOSTBYADDR 1
| #define HAVE_GETPROTOBYNAME 1
| #define HAVE_INET_ATON 1
| #define HAVE_INET_NTOA 1
| #define HAVE_INET_PTON 1
| #define HAVE_GETPEERNAME 1
| #define HAVE_GETSOCKNAME 1
| #define HAVE_ACCEPT 1
| #define HAVE_BIND 1
| #define HAVE_CONNECT 1
| #define HAVE_LISTEN 1
| #define HAVE_RECVFROM 1
| #define HAVE_SENDTO 1
| #define HAVE_SETSOCKOPT 1
| #define HAVE_SOCKET 1
| #define HAVE_SETGROUPS 1
| #define HAVE_DECL_UT_NAMESIZE 1
| #define HAVE_UT_NAMESIZE 1
| #define HAVE_OPENPTY 1
| #define HAVE_LOGIN_TTY 1
| #define HAVE_FORKPTY 1
| #define HAVE_FSEEKO 1
| #define HAVE_FSTATVFS 1
| #define HAVE_FTELLO 1
| #define HAVE_STATVFS 1
| #define HAVE_DUP2 1
| #define HAVE_GETPGRP 1
| #define HAVE_SETPGRP 1
| #define HAVE_SETNS 1
| #define HAVE_UNSHARE 1
| #define HAVE_CLOCK_GETTIME 1
| #define HAVE_CLOCK_GETRES 1
| #define HAVE_CLOCK_SETTIME 1
| #define HAVE_CLOCK_NANOSLEEP 1
| #define HAVE_NANOSLEEP 1
| #define HAVE_DEVICE_MACROS 1
| #define SYS_SELECT_WITH_SYS_TIME 1
| #define HAVE_GETADDRINFO 1
| #define HAVE_GETNAMEINFO 1
| #define HAVE_STRUCT_TM_TM_ZONE 1
| #define HAVE_TM_ZONE 1
| #define HAVE_STRUCT_STAT_ST_RDEV 1
| #define HAVE_STRUCT_STAT_ST_BLKSIZE 1
| /* end confdefs.h.  */
| #include <stddef.h>
| #ifdef HAVE_STDIO_H
| # include <stdio.h>
| #endif
| #ifdef HAVE_STDLIB_H
| # include <stdlib.h>
| #endif
| #ifdef HAVE_STRING_H
| # include <string.h>
| #endif
| #ifdef HAVE_INTTYPES_H
| # include <inttypes.h>
| #endif
| #ifdef HAVE_STDINT_H
| # include <stdint.h>
| #endif
| #ifdef HAVE_STRINGS_H
| # include <strings.h>
| #endif
| #ifdef HAVE_SYS_TYPES_H
| # include <sys/types.h>
| #endif
| #ifdef HAVE_SYS_STAT_H
| # include <sys/stat.h>
| #endif
| #ifdef HAVE_UNISTD_H
| # include <unistd.h>
| #endif
| int
| main (void)
| {
| static struct stat ac_aggr;
| if (sizeof ac_aggr.st_gen)
| return 0;
|   ;
|   return 0;
| }
configure:23197: result: no
configure:23206: checking for struct stat.st_birthtime
configure:23206: gcc -c   conftest.c >&5
conftest.c: In function 'main':
conftest.c:459:12: error: 'struct stat' has no member named 'st_birthtime'
  459 | if (ac_aggr.st_birthtime)
      |            ^
configure:23206: $? = 1
configure: failed program was:
| /* confdefs.h */
| #define _NETBSD_SOURCE 1
| #define __BSD_VISIBLE 1
| #define _DARWIN_C_SOURCE 1
| #define _PYTHONFRAMEWORK ""
| #define _XOPEN_SOURCE 700
| #define _XOPEN_SOURCE_EXTENDED 1
| #define _POSIX_C_SOURCE 200809L
| #define HAVE_STDIO_H 1
| #define HAVE_STDLIB_H 1
| #define HAVE_STRING_H 1
| #define HAVE_INTTYPES_H 1
| #define HAVE_STDINT_H 1
| #define HAVE_STRINGS_H 1
| #define HAVE_SYS_STAT_H 1
| #define HAVE_SYS_TYPES_H 1
| #define HAVE_UNISTD_H 1
| #define HAVE_WCHAR_H 1
| #define STDC_HEADERS 1
| #define _ALL_SOURCE 1
| #define _DARWIN_C_SOURCE 1
| #define _GNU_SOURCE 1
| #define _HPUX_ALT_XOPEN_SOCKET_API 1
| #define _NETBSD_SOURCE 1
| #define _OPENBSD_SOURCE 1
| #define _POSIX_PTHREAD_SEMANTICS 1
| #define __STDC_WANT_IEC_60559_ATTRIBS_EXT__ 1
| #define __STDC_WANT_IEC_60559_BFP_EXT__ 1
| #define __STDC_WANT_IEC_60559_DFP_EXT__ 1
| #define __STDC_WANT_IEC_60559_FUNCS_EXT__ 1
| #define __STDC_WANT_IEC_60559_TYPES_EXT__ 1
| #define __STDC_WANT_LIB_EXT2__ 1
| #define __STDC_WANT_MATH_SPEC_FUNCS__ 1
| #define _TANDEM_SOURCE 1
| #define __EXTENSIONS__ 1
| #define PY_SUPPORT_TIER 1
| #define STDC_HEADERS 1
| #define HAVE_ALLOCA_H 1
| #define HAVE_ASM_TYPES_H 1
| #define HAVE_DLFCN_H 1
| #define HAVE_ENDIAN_H 1
| #define HAVE_ERRNO_H 1
| #define HAVE_FCNTL_H 1
| #define HAVE_GRP_H 1
| #define HAVE_LANGINFO_H 1
| #define HAVE_LIBINTL_H 1
| #define HAVE_LINUX_AUXVEC_H 1
| #define HAVE_SYS_AUXV_H 1
| #define HAVE_LINUX_FS_H 1
| #define HAVE_LINUX_LIMITS_H 1
| #define HAVE_LINUX_MEMFD_H 1
| #define HAVE_LINUX_RANDOM_H 1
| #define HAVE_LINUX_SOUNDCARD_H 1
| #define HAVE_LINUX_TIPC_H 1
| #define HAVE_LINUX_WAIT_H 1
| #define HAVE_NETDB_H 1
| #define HAVE_NET_ETHERNET_H 1
| #define HAVE_NETINET_IN_H 1
| #define HAVE_NETPACKET_PACKET_H 1
| #define HAVE_POLL_H 1
| #define HAVE_PTHREAD_H 1
| #define HAVE_PTY_H 1
| #define HAVE_SCHED_H 1
| #define HAVE_SETJMP_H 1
| #define HAVE_SHADOW_H 1
| #define HAVE_SIGNAL_H 1
| #define HAVE_SPAWN_H 1
| #define HAVE_SYS_EPOLL_H 1
| #define HAVE_SYS_EVENTFD_H 1
| #define HAVE_SYS_FILE_H 1
| #define HAVE_SYS_IOCTL_H 1
| #define HAVE_SYS_MMAN_H 1
| #define HAVE_SYS_PARAM_H 1
| #define HAVE_SYS_PIDFD_H 1
| #define HAVE_SYS_POLL_H 1
| #define HAVE_SYS_RANDOM_H 1
| #define HAVE_SYS_RESOURCE_H 1
| #define HAVE_SYS_SELECT_H 1
| #define HAVE_SYS_SENDFILE_H 1
| #define HAVE_SYS_SOCKET_H 1
| #define HAVE_SYS_SOUNDCARD_H 1
| #define HAVE_SYS_STAT_H 1
| #define HAVE_SYS_STATVFS_H 1
| #define HAVE_SYS_SYSCALL_H 1
| #define HAVE_SYS_SYSMACROS_H 1
| #define HAVE_SYS_TIME_H 1
| #define HAVE_SYS_TIMES_H 1
| #define HAVE_SYS_TIMERFD_H 1
| #define HAVE_SYS_TYPES_H 1
| #define HAVE_SYS_UIO_H 1
| #define HAVE_SYS_UN_H 1
| #define HAVE_SYS_UTSNAME_H 1
| #define HAVE_SYS_WAIT_H 1
| #define HAVE_SYS_XATTR_H 1
| #define HAVE_SYSEXITS_H 1
| #define HAVE_SYSLOG_H 1
| #define HAVE_TERMIOS_H 1
| #define HAVE_UTIME_H 1
| #define HAVE_UTMP_H 1
| #define HAVE_DIRENT_H 1
| #define MAJOR_IN_SYSMACROS 1
| #define HAVE_NET_IF_H 1
| #define HAVE_LINUX_NETLINK_H 1
| #define HAVE_LINUX_QRTR_H 1
| #define HAVE_LINUX_VM_SOCKETS_H 1
| #define HAVE_LINUX_CAN_H 1
| #define HAVE_LINUX_CAN_BCM_H 1
| #define HAVE_LINUX_CAN_J1939_H 1
| #define HAVE_LINUX_CAN_RAW_H 1
| #define HAVE_CLOCK_T 1
| #define HAVE_MAKEDEV 1
| #define HAVE_HTOLE64 1
| #define _LARGEFILE_SOURCE 1
| #define _FILE_OFFSET_BITS 64
| #if defined(SCO_DS)
| #undef _OFF_T
| #endif
| #define RETSIGTYPE void
| #define HAVE_SSIZE_T 1
| #define HAVE___UINT128_T 1
| #define HAVE_GCC_UINT128_T 1
| #define SIZEOF_INT 4
| #define SIZEOF_LONG 8
| #define ALIGNOF_LONG 8
| #define SIZEOF_LONG_LONG 8
| #define SIZEOF_VOID_P 8
| #define SIZEOF_SHORT 2
| #define SIZEOF_FLOAT 4
| #define SIZEOF_DOUBLE 8
| #define SIZEOF_FPOS_T 16
| #define SIZEOF_SIZE_T 8
| #define ALIGNOF_SIZE_T 8
| #define SIZEOF_PID_T 4
| #define SIZEOF_UINTPTR_T 8
| #define ALIGNOF_MAX_ALIGN_T 16
| #define HAVE_LONG_DOUBLE 1
| #define SIZEOF_LONG_DOUBLE 16
| #define SIZEOF__BOOL 1
| #define SIZEOF_OFF_T 8
| #define SIZEOF_TIME_T 8
| #define SIZEOF_PTHREAD_T 8
| #define SIZEOF_PTHREAD_KEY_T 4
| #define PTHREAD_KEY_T_IS_COMPATIBLE_WITH_INT 1
| #define PY_HAVE_PERF_TRAMPOLINE 1
| #define HAVE_LIBDL 1
| #define HAVE_FFI_PREP_CIF_VAR 1
| #define HAVE_FFI_PREP_CLOSURE_LOC 1
| #define HAVE_FFI_CLOSURE_ALLOC 1
| #define WITH_DECIMAL_CONTEXTVAR 1
| #define HAVE_LIBSQLITE3 1
| #define HAVE_LIBSQLITE3 1
| #define HAVE_LIBSQLITE3 1
| #define HAVE_LIBSQLITE3 1
| #define HAVE_LIBSQLITE3 1
| #define HAVE_LIBSQLITE3 1
| #define HAVE_LIBSQLITE3 1
| #define HAVE_LIBSQLITE3 1
| #define HAVE_LIBSQLITE3 1
| #define PY_SQLITE_HAVE_SERIALIZE 1
| #define _REENTRANT 1
| #define PTHREAD_SYSTEM_SCHED_SUPPORTED 1
| #define HAVE_PTHREAD_SIGMASK 1
| #define HAVE_PTHREAD_GETCPUCLOCKID 1
| #define ENABLE_IPV6 1
| #define HAVE_LINUX_CAN_RAW_FD_FRAMES 1
| #define HAVE_LINUX_CAN_RAW_JOIN_FILTERS 1
| #define WITH_DOC_STRINGS 1
| #define HAVE_STD_ATOMIC 1
| #define HAVE_BUILTIN_ATOMIC 1
| #define WITH_MIMALLOC 1
| #define WITH_PYMALLOC 1
| #define WITH_FREELISTS 1
| #define PY_COERCE_C_LOCALE 1
| #define HAVE_DLOPEN 1
| #define HAVE_DYNAMIC_LOADING 1
| #define HAVE_ACCEPT4 1
| #define HAVE_ALARM 1
| #define HAVE_BIND_TEXTDOMAIN_CODESET 1
| #define HAVE_CHMOD 1
| #define HAVE_CHOWN 1
| #define HAVE_CLOCK 1
| #define HAVE_CLOSEFROM 1
| #define HAVE_CLOSE_RANGE 1
| #define HAVE_CONFSTR 1
| #define HAVE_COPY_FILE_RANGE 1
| #define HAVE_CTERMID 1
| #define HAVE_DUP 1
| #define HAVE_DUP3 1
| #define HAVE_EXECV 1
| #define HAVE_EXPLICIT_BZERO 1
| #define HAVE_FACCESSAT 1
| #define HAVE_FCHMOD 1
| #define HAVE_FCHMODAT 1
| #define HAVE_FCHOWN 1
| #define HAVE_FCHOWNAT 1
| #define HAVE_FDOPENDIR 1
| #define HAVE_FEXECVE 1
| #define HAVE_FORK 1
| #define HAVE_FPATHCONF 1
| #define HAVE_FSTATAT 1
| #define HAVE_FTIME 1
| #define HAVE_FTRUNCATE 1
| #define HAVE_FUTIMENS 1
| #define HAVE_FUTIMES 1
| #define HAVE_FUTIMESAT 1
| #define HAVE_GAI_STRERROR 1
| #define HAVE_GETEGID 1
| #define HAVE_GETEUID 1
| #define HAVE_GETGID 1
| #define HAVE_GETGRENT 1
| #define HAVE_GETGRGID 1
| #define HAVE_GETGRGID_R 1
| #define HAVE_GETGRNAM_R 1
| #define HAVE_GETGROUPLIST 1
| #define HAVE_GETHOSTNAME 1
| #define HAVE_GETITIMER 1
| #define HAVE_GETLOADAVG 1
| #define HAVE_GETLOGIN 1
| #define HAVE_GETLOGIN_R 1
| #define HAVE_GETPEERNAME 1
| #define HAVE_GETPGID 1
| #define HAVE_GETPID 1
| #define HAVE_GETPPID 1
| #define HAVE_GETPRIORITY 1
| #define HAVE_GETPWENT 1
| #define HAVE_GETPWNAM_R 1
| #define HAVE_GETPWUID 1
| #define HAVE_GETPWUID_R 1
| #define HAVE_GETRESGID 1
| #define HAVE_GETRESUID 1
| #define HAVE_GETRUSAGE 1
| #define HAVE_GETSID 1
| #define HAVE_GETSPENT 1
| #define HAVE_GETSPNAM 1
| #define HAVE_GETUID 1
| #define HAVE_GETWD 1
| #define HAVE_GRANTPT 1
| #define HAVE_IF_NAMEINDEX 1
| #define HAVE_INITGROUPS 1
| #define HAVE_KILL 1
| #define HAVE_KILLPG 1
| #define HAVE_LCHOWN 1
| #define HAVE_LINKAT 1
| #define HAVE_LOCKF 1
| #define HAVE_LSTAT 1
| #define HAVE_LUTIMES 1
| #define HAVE_MADVISE 1
| #define HAVE_MBRTOWC 1
| #define HAVE_MEMRCHR 1
| #define HAVE_MKDIRAT 1
| #define HAVE_MKFIFO 1
| #define HAVE_MKFIFOAT 1
| #define HAVE_MKNOD 1
| #define HAVE_MKNODAT 1
| #define HAVE_MKTIME 1
| #define HAVE_MMAP 1
| #define HAVE_MREMAP 1
| #define HAVE_NICE 1
| #define HAVE_OPENAT 1
| #define HAVE_OPENDIR 1
| #define HAVE_PATHCONF 1
| #define HAVE_PAUSE 1
| #define HAVE_PIPE 1
| #define HAVE_PIPE2 1
| #define HAVE_POLL 1
| #define HAVE_POSIX_FADVISE 1
| #define HAVE_POSIX_FALLOCATE 1
| #define HAVE_POSIX_OPENPT 1
| #define HAVE_POSIX_SPAWN 1
| #define HAVE_POSIX_SPAWNP 1
| #define HAVE_POSIX_SPAWN_FILE_ACTIONS_ADDCLOSEFROM_NP 1
| #define HAVE_PREAD 1
| #define HAVE_PREADV 1
| #define HAVE_PREADV2 1
| #define HAVE_PROCESS_VM_READV 1
| #define HAVE_PTHREAD_CONDATTR_SETCLOCK 1
| #define HAVE_PTHREAD_KILL 1
| #define HAVE_PTSNAME 1
| #define HAVE_PTSNAME_R 1
| #define HAVE_PWRITE 1
| #define HAVE_PWRITEV 1
| #define HAVE_PWRITEV2 1
| #define HAVE_READLINK 1
| #define HAVE_READLINKAT 1
| #define HAVE_READV 1
| #define HAVE_REALPATH 1
| #define HAVE_RENAMEAT 1
| #define HAVE_SCHED_GET_PRIORITY_MAX 1
| #define HAVE_SCHED_RR_GET_INTERVAL 1
| #define HAVE_SCHED_SETAFFINITY 1
| #define HAVE_SCHED_SETPARAM 1
| #define HAVE_SCHED_SETSCHEDULER 1
| #define HAVE_SEM_CLOCKWAIT 1
| #define HAVE_SEM_GETVALUE 1
| #define HAVE_SEM_OPEN 1
| #define HAVE_SEM_TIMEDWAIT 1
| #define HAVE_SEM_UNLINK 1
| #define HAVE_SENDFILE 1
| #define HAVE_SETEGID 1
| #define HAVE_SETEUID 1
| #define HAVE_SETGID 1
| #define HAVE_SETHOSTNAME 1
| #define HAVE_SETITIMER 1
| #define HAVE_SETLOCALE 1
| #define HAVE_SETPGID 1
| #define HAVE_SETPGRP 1
| #define HAVE_SETPRIORITY 1
| #define HAVE_SETREGID 1
| #define HAVE_SETRESGID 1
| #define HAVE_SETRESUID 1
| #define HAVE_SETREUID 1
| #define HAVE_SETSID 1
| #define HAVE_SETUID 1
| #define HAVE_SETVBUF 1
| #define HAVE_SHUTDOWN 1
| #define HAVE_SIGACTION 1
| #define HAVE_SIGALTSTACK 1
| #define HAVE_SIGFILLSET 1
| #define HAVE_SIGINTERRUPT 1
| #define HAVE_SIGPENDING 1
| #define HAVE_SIGRELSE 1
| #define HAVE_SIGTIMEDWAIT 1
| #define HAVE_SIGWAIT 1
| #define HAVE_SIGWAITINFO 1
| #define HAVE_SNPRINTF 1
| #define HAVE_SPLICE 1
| #define HAVE_STRFTIME 1
| #define HAVE_STRSIGNAL 1
| #define HAVE_SYMLINKAT 1
| #define HAVE_SYNC 1
| #define HAVE_SYSCONF 1
| #define HAVE_TCGETPGRP 1
| #define HAVE_TCSETPGRP 1
| #define HAVE_TEMPNAM 1
| #define HAVE_TIMEGM 1
| #define HAVE_TIMES 1
| #define HAVE_TMPFILE 1
| #define HAVE_TMPNAM 1
| #define HAVE_TMPNAM_R 1
| #define HAVE_TRUNCATE 1
| #define HAVE_TTYNAME_R 1
| #define HAVE_UMASK 1
| #define HAVE_UNAME 1
| #define HAVE_UNLINKAT 1
| #define HAVE_UNLOCKPT 1
| #define HAVE_UTIMENSAT 1
| #define HAVE_UTIMES 1
| #define HAVE_VFORK 1
| #define HAVE_WAIT 1
| #define HAVE_WAIT3 1
| #define HAVE_WAIT4 1
| #define HAVE_WAITID 1
| #define HAVE_WAITPID 1
| #define HAVE_WCSCOLL 1
| #define HAVE_WCSFTIME 1
| #define HAVE_WCSXFRM 1
| #define HAVE_WMEMCMP 1
| #define HAVE_WRITEV 1
| #define HAVE_GETENTROPY 1
| #define HAVE_GETGROUPS 1
| #define HAVE_SYSTEM 1
| #define HAVE_DIRFD 1
| #define HAVE_CHROOT 1
| #define HAVE_LINK 1
| #define HAVE_SYMLINK 1
| #define HAVE_FCHDIR 1
| #define HAVE_FSYNC 1
| #define HAVE_FDATASYNC 1
| #define HAVE_EPOLL 1
| #define HAVE_EPOLL_CREATE1 1
| #define HAVE_PRLIMIT 1
| #define HAVE_MEMFD_CREATE 1
| #define HAVE_EVENTFD 1
| #define HAVE_TIMERFD_CREATE 1
| #define HAVE_FLOCK 1
| #define HAVE_GETPAGESIZE 1
| #define HAVE_ZLIB_COPY 1
| #define HAVE_BZLIB_H 1
| #define HAVE_HSTRERROR 1
| #define HAVE_GETSERVBYNAME 1
| #define HAVE_GETSERVBYPORT 1
| #define HAVE_GETHOSTBYNAME 1
| #define HAVE_GETHOSTBYADDR 1
| #define HAVE_GETPROTOBYNAME 1
| #define HAVE_INET_ATON 1
| #define HAVE_INET_NTOA 1
| #define HAVE_INET_PTON 1
| #define HAVE_GETPEERNAME 1
| #define HAVE_GETSOCKNAME 1
| #define HAVE_ACCEPT 1
| #define HAVE_BIND 1
| #define HAVE_CONNECT 1
| #define HAVE_LISTEN 1
| #define HAVE_RECVFROM 1
| #define HAVE_SENDTO 1
| #define HAVE_SETSOCKOPT 1
| #define HAVE_SOCKET 1
| #define HAVE_SETGROUPS 1
| #define HAVE_DECL_UT_NAMESIZE 1
| #define HAVE_UT_NAMESIZE 1
| #define HAVE_OPENPTY 1
| #define HAVE_LOGIN_TTY 1
| #define HAVE_FORKPTY 1
| #define HAVE_FSEEKO 1
| #define HAVE_FSTATVFS 1
| #define HAVE_FTELLO 1
| #define HAVE_STATVFS 1
| #define HAVE_DUP2 1
| #define HAVE_GETPGRP 1
| #define HAVE_SETPGRP 1
| #define HAVE_SETNS 1
| #define HAVE_UNSHARE 1
| #define HAVE_CLOCK_GETTIME 1
| #define HAVE_CLOCK_GETRES 1
| #define HAVE_CLOCK_SETTIME 1
| #define HAVE_CLOCK_NANOSLEEP 1
| #define HAVE_NANOSLEEP 1
| #define HAVE_DEVICE_MACROS 1
| #define SYS_SELECT_WITH_SYS_TIME 1
| #define HAVE_GETADDRINFO 1
| #define HAVE_GETNAMEINFO 1
| #define HAVE_STRUCT_TM_TM_ZONE 1
| #define HAVE_TM_ZONE 1
| #define HAVE_STRUCT_STAT_ST_RDEV 1
| #define HAVE_STRUCT_STAT_ST_BLKSIZE 1
| /* end confdefs.h.  */
| #include <stddef.h>
| #ifdef HAVE_STDIO_H
| # include <stdio.h>
| #endif
| #ifdef HAVE_STDLIB_H
| # include <stdlib.h>
| #endif
| #ifdef HAVE_STRING_H
| # include <string.h>
| #endif
| #ifdef HAVE_INTTYPES_H
| # include <inttypes.h>
| #endif
| #ifdef HAVE_STDINT_H
| # include <stdint.h>
| #endif
| #ifdef HAVE_STRINGS_H
| # include <strings.h>
| #endif
| #ifdef HAVE_SYS_TYPES_H
| # include <sys/types.h>
| #endif
| #ifdef HAVE_SYS_STAT_H
| # include <sys/stat.h>
| #endif
| #ifdef HAVE_UNISTD_H
| # include <unistd.h>
| #endif
| int
| main (void)
| {
| static struct stat ac_aggr;
| if (ac_aggr.st_birthtime)
| return 0;
|   ;
|   return 0;
| }
configure:23206: gcc -c   conftest.c >&5
conftest.c: In function 'main':
conftest.c:459:19: error: 'struct stat' has no member named 'st_birthtime'
  459 | if (sizeof ac_aggr.st_birthtime)
      |                   ^
configure:23206: $? = 1
configure: failed program was:
| /* confdefs.h */
| #define _NETBSD_SOURCE 1
| #define __BSD_VISIBLE 1
| #define _DARWIN_C_SOURCE 1
| #define _PYTHONFRAMEWORK ""
| #define _XOPEN_SOURCE 700
| #define _XOPEN_SOURCE_EXTENDED 1
| #define _POSIX_C_SOURCE 200809L
| #define HAVE_STDIO_H 1
| #define HAVE_STDLIB_H 1
| #define HAVE_STRING_H 1
| #define HAVE_INTTYPES_H 1
| #define HAVE_STDINT_H 1
| #define HAVE_STRINGS_H 1
| #define HAVE_SYS_STAT_H 1
| #define HAVE_SYS_TYPES_H 1
| #define HAVE_UNISTD_H 1
| #define HAVE_WCHAR_H 1
| #define STDC_HEADERS 1
| #define _ALL_SOURCE 1
| #define _DARWIN_C_SOURCE 1
| #define _GNU_SOURCE 1
| #define _HPUX_ALT_XOPEN_SOCKET_API 1
| #define _NETBSD_SOURCE 1
| #define _OPENBSD_SOURCE 1
| #define _POSIX_PTHREAD_SEMANTICS 1
| #define __STDC_WANT_IEC_60559_ATTRIBS_EXT__ 1
| #define __STDC_WANT_IEC_60559_BFP_EXT__ 1
| #define __STDC_WANT_IEC_60559_DFP_EXT__ 1
| #define __STDC_WANT_IEC_60559_FUNCS_EXT__ 1
| #define __STDC_WANT_IEC_60559_TYPES_EXT__ 1
| #define __STDC_WANT_LIB_EXT2__ 1
| #define __STDC_WANT_MATH_SPEC_FUNCS__ 1
| #define _TANDEM_SOURCE 1
| #define __EXTENSIONS__ 1
| #define PY_SUPPORT_TIER 1
| #define STDC_HEADERS 1
| #define HAVE_ALLOCA_H 1
| #define HAVE_ASM_TYPES_H 1
| #define HAVE_DLFCN_H 1
| #define HAVE_ENDIAN_H 1
| #define HAVE_ERRNO_H 1
| #define HAVE_FCNTL_H 1
| #define HAVE_GRP_H 1
| #define HAVE_LANGINFO_H 1
| #define HAVE_LIBINTL_H 1
| #define HAVE_LINUX_AUXVEC_H 1
| #define HAVE_SYS_AUXV_H 1
| #define HAVE_LINUX_FS_H 1
| #define HAVE_LINUX_LIMITS_H 1
| #define HAVE_LINUX_MEMFD_H 1
| #define HAVE_LINUX_RANDOM_H 1
| #define HAVE_LINUX_SOUNDCARD_H 1
| #define HAVE_LINUX_TIPC_H 1
| #define HAVE_LINUX_WAIT_H 1
| #define HAVE_NETDB_H 1
| #define HAVE_NET_ETHERNET_H 1
| #define HAVE_NETINET_IN_H 1
| #define HAVE_NETPACKET_PACKET_H 1
| #define HAVE_POLL_H 1
| #define HAVE_PTHREAD_H 1
| #define HAVE_PTY_H 1
| #define HAVE_SCHED_H 1
| #define HAVE_SETJMP_H 1
| #define HAVE_SHADOW_H 1
| #define HAVE_SIGNAL_H 1
| #define HAVE_SPAWN_H 1
| #define HAVE_SYS_EPOLL_H 1
| #define HAVE_SYS_EVENTFD_H 1
| #define HAVE_SYS_FILE_H 1
| #define HAVE_SYS_IOCTL_H 1
| #define HAVE_SYS_MMAN_H 1
| #define HAVE_SYS_PARAM_H 1
| #define HAVE_SYS_PIDFD_H 1
| #define HAVE_SYS_POLL_H 1
| #define HAVE_SYS_RANDOM_H 1
| #define HAVE_SYS_RESOURCE_H 1
| #define HAVE_SYS_SELECT_H 1
| #define HAVE_SYS_SENDFILE_H 1
| #define HAVE_SYS_SOCKET_H 1
| #define HAVE_SYS_SOUNDCARD_H 1
| #define HAVE_SYS_STAT_H 1
| #define HAVE_SYS_STATVFS_H 1
| #define HAVE_SYS_SYSCALL_H 1
| #define HAVE_SYS_SYSMACROS_H 1
| #define HAVE_SYS_TIME_H 1
| #define HAVE_SYS_TIMES_H 1
| #define HAVE_SYS_TIMERFD_H 1
| #define HAVE_SYS_TYPES_H 1
| #define HAVE_SYS_UIO_H 1
| #define HAVE_SYS_UN_H 1
| #define HAVE_SYS_UTSNAME_H 1
| #define HAVE_SYS_WAIT_H 1
| #define HAVE_SYS_XATTR_H 1
| #define HAVE_SYSEXITS_H 1
| #define HAVE_SYSLOG_H 1
| #define HAVE_TERMIOS_H 1
| #define HAVE_UTIME_H 1
| #define HAVE_UTMP_H 1
| #define HAVE_DIRENT_H 1
| #define MAJOR_IN_SYSMACROS 1
| #define HAVE_NET_IF_H 1
| #define HAVE_LINUX_NETLINK_H 1
| #define HAVE_LINUX_QRTR_H 1
| #define HAVE_LINUX_VM_SOCKETS_H 1
| #define HAVE_LINUX_CAN_H 1
| #define HAVE_LINUX_CAN_BCM_H 1
| #define HAVE_LINUX_CAN_J1939_H 1
| #define HAVE_LINUX_CAN_RAW_H 1
| #define HAVE_CLOCK_T 1
| #define HAVE_MAKEDEV 1
| #define HAVE_HTOLE64 1
| #define _LARGEFILE_SOURCE 1
| #define _FILE_OFFSET_BITS 64
| #if defined(SCO_DS)
| #undef _OFF_T
| #endif
| #define RETSIGTYPE void
| #define HAVE_SSIZE_T 1
| #define HAVE___UINT128_T 1
| #define HAVE_GCC_UINT128_T 1
| #define SIZEOF_INT 4
| #define SIZEOF_LONG 8
| #define ALIGNOF_LONG 8
| #define SIZEOF_LONG_LONG 8
| #define SIZEOF_VOID_P 8
| #define SIZEOF_SHORT 2
| #define SIZEOF_FLOAT 4
| #define SIZEOF_DOUBLE 8
| #define SIZEOF_FPOS_T 16
| #define SIZEOF_SIZE_T 8
| #define ALIGNOF_SIZE_T 8
| #define SIZEOF_PID_T 4
| #define SIZEOF_UINTPTR_T 8
| #define ALIGNOF_MAX_ALIGN_T 16
| #define HAVE_LONG_DOUBLE 1
| #define SIZEOF_LONG_DOUBLE 16
| #define SIZEOF__BOOL 1
| #define SIZEOF_OFF_T 8
| #define SIZEOF_TIME_T 8
| #define SIZEOF_PTHREAD_T 8
| #define SIZEOF_PTHREAD_KEY_T 4
| #define PTHREAD_KEY_T_IS_COMPATIBLE_WITH_INT 1
| #define PY_HAVE_PERF_TRAMPOLINE 1
| #define HAVE_LIBDL 1
| #define HAVE_FFI_PREP_CIF_VAR 1
| #define HAVE_FFI_PREP_CLOSURE_LOC 1
| #define HAVE_FFI_CLOSURE_ALLOC 1
| #define WITH_DECIMAL_CONTEXTVAR 1
| #define HAVE_LIBSQLITE3 1
| #define HAVE_LIBSQLITE3 1
| #define HAVE_LIBSQLITE3 1
| #define HAVE_LIBSQLITE3 1
| #define HAVE_LIBSQLITE3 1
| #define HAVE_LIBSQLITE3 1
| #define HAVE_LIBSQLITE3 1
| #define HAVE_LIBSQLITE3 1
| #define HAVE_LIBSQLITE3 1
| #define PY_SQLITE_HAVE_SERIALIZE 1
| #define _REENTRANT 1
| #define PTHREAD_SYSTEM_SCHED_SUPPORTED 1
| #define HAVE_PTHREAD_SIGMASK 1
| #define HAVE_PTHREAD_GETCPUCLOCKID 1
| #define ENABLE_IPV6 1
| #define HAVE_LINUX_CAN_RAW_FD_FRAMES 1
| #define HAVE_LINUX_CAN_RAW_JOIN_FILTERS 1
| #define WITH_DOC_STRINGS 1
| #define HAVE_STD_ATOMIC 1
| #define HAVE_BUILTIN_ATOMIC 1
| #define WITH_MIMALLOC 1
| #define WITH_PYMALLOC 1
| #define WITH_FREELISTS 1
| #define PY_COERCE_C_LOCALE 1
| #define HAVE_DLOPEN 1
| #define HAVE_DYNAMIC_LOADING 1
| #define HAVE_ACCEPT4 1
| #define HAVE_ALARM 1
| #define HAVE_BIND_TEXTDOMAIN_CODESET 1
| #define HAVE_CHMOD 1
| #define HAVE_CHOWN 1
| #define HAVE_CLOCK 1
| #define HAVE_CLOSEFROM 1
| #define HAVE_CLOSE_RANGE 1
| #define HAVE_CONFSTR 1
| #define HAVE_COPY_FILE_RANGE 1
| #define HAVE_CTERMID 1
| #define HAVE_DUP 1
| #define HAVE_DUP3 1
| #define HAVE_EXECV 1
| #define HAVE_EXPLICIT_BZERO 1
| #define HAVE_FACCESSAT 1
| #define HAVE_FCHMOD 1
| #define HAVE_FCHMODAT 1
| #define HAVE_FCHOWN 1
| #define HAVE_FCHOWNAT 1
| #define HAVE_FDOPENDIR 1
| #define HAVE_FEXECVE 1
| #define HAVE_FORK 1
| #define HAVE_FPATHCONF 1
| #define HAVE_FSTATAT 1
| #define HAVE_FTIME 1
| #define HAVE_FTRUNCATE 1
| #define HAVE_FUTIMENS 1
| #define HAVE_FUTIMES 1
| #define HAVE_FUTIMESAT 1
| #define HAVE_GAI_STRERROR 1
| #define HAVE_GETEGID 1
| #define HAVE_GETEUID 1
| #define HAVE_GETGID 1
| #define HAVE_GETGRENT 1
| #define HAVE_GETGRGID 1
| #define HAVE_GETGRGID_R 1
| #define HAVE_GETGRNAM_R 1
| #define HAVE_GETGROUPLIST 1
| #define HAVE_GETHOSTNAME 1
| #define HAVE_GETITIMER 1
| #define HAVE_GETLOADAVG 1
| #define HAVE_GETLOGIN 1
| #define HAVE_GETLOGIN_R 1
| #define HAVE_GETPEERNAME 1
| #define HAVE_GETPGID 1
| #define HAVE_GETPID 1
| #define HAVE_GETPPID 1
| #define HAVE_GETPRIORITY 1
| #define HAVE_GETPWENT 1
| #define HAVE_GETPWNAM_R 1
| #define HAVE_GETPWUID 1
| #define HAVE_GETPWUID_R 1
| #define HAVE_GETRESGID 1
| #define HAVE_GETRESUID 1
| #define HAVE_GETRUSAGE 1
| #define HAVE_GETSID 1
| #define HAVE_GETSPENT 1
| #define HAVE_GETSPNAM 1
| #define HAVE_GETUID 1
| #define HAVE_GETWD 1
| #define HAVE_GRANTPT 1
| #define HAVE_IF_NAMEINDEX 1
| #define HAVE_INITGROUPS 1
| #define HAVE_KILL 1
| #define HAVE_KILLPG 1
| #define HAVE_LCHOWN 1
| #define HAVE_LINKAT 1
| #define HAVE_LOCKF 1
| #define HAVE_LSTAT 1
| #define HAVE_LUTIMES 1
| #define HAVE_MADVISE 1
| #define HAVE_MBRTOWC 1
| #define HAVE_MEMRCHR 1
| #define HAVE_MKDIRAT 1
| #define HAVE_MKFIFO 1
| #define HAVE_MKFIFOAT 1
| #define HAVE_MKNOD 1
| #define HAVE_MKNODAT 1
| #define HAVE_MKTIME 1
| #define HAVE_MMAP 1
| #define HAVE_MREMAP 1
| #define HAVE_NICE 1
| #define HAVE_OPENAT 1
| #define HAVE_OPENDIR 1
| #define HAVE_PATHCONF 1
| #define HAVE_PAUSE 1
| #define HAVE_PIPE 1
| #define HAVE_PIPE2 1
| #define HAVE_POLL 1
| #define HAVE_POSIX_FADVISE 1
| #define HAVE_POSIX_FALLOCATE 1
| #define HAVE_POSIX_OPENPT 1
| #define HAVE_POSIX_SPAWN 1
| #define HAVE_POSIX_SPAWNP 1
| #define HAVE_POSIX_SPAWN_FILE_ACTIONS_ADDCLOSEFROM_NP 1
| #define HAVE_PREAD 1
| #define HAVE_PREADV 1
| #define HAVE_PREADV2 1
| #define HAVE_PROCESS_VM_READV 1
| #define HAVE_PTHREAD_CONDATTR_SETCLOCK 1
| #define HAVE_PTHREAD_KILL 1
| #define HAVE_PTSNAME 1
| #define HAVE_PTSNAME_R 1
| #define HAVE_PWRITE 1
| #define HAVE_PWRITEV 1
| #define HAVE_PWRITEV2 1
| #define HAVE_READLINK 1
| #define HAVE_READLINKAT 1
| #define HAVE_READV 1
| #define HAVE_REALPATH 1
| #define HAVE_RENAMEAT 1
| #define HAVE_SCHED_GET_PRIORITY_MAX 1
| #define HAVE_SCHED_RR_GET_INTERVAL 1
| #define HAVE_SCHED_SETAFFINITY 1
| #define HAVE_SCHED_SETPARAM 1
| #define HAVE_SCHED_SETSCHEDULER 1
| #define HAVE_SEM_CLOCKWAIT 1
| #define HAVE_SEM_GETVALUE 1
| #define HAVE_SEM_OPEN 1
| #define HAVE_SEM_TIMEDWAIT 1
| #define HAVE_SEM_UNLINK 1
| #define HAVE_SENDFILE 1
| #define HAVE_SETEGID 1
| #define HAVE_SETEUID 1
| #define HAVE_SETGID 1
| #define HAVE_SETHOSTNAME 1
| #define HAVE_SETITIMER 1
| #define HAVE_SETLOCALE 1
| #define HAVE_SETPGID 1
| #define HAVE_SETPGRP 1
| #define HAVE_SETPRIORITY 1
| #define HAVE_SETREGID 1
| #define HAVE_SETRESGID 1
| #define HAVE_SETRESUID 1
| #define HAVE_SETREUID 1
| #define HAVE_SETSID 1
| #define HAVE_SETUID 1
| #define HAVE_SETVBUF 1
| #define HAVE_SHUTDOWN 1
| #define HAVE_SIGACTION 1
| #define HAVE_SIGALTSTACK 1
| #define HAVE_SIGFILLSET 1
| #define HAVE_SIGINTERRUPT 1
| #define HAVE_SIGPENDING 1
| #define HAVE_SIGRELSE 1
| #define HAVE_SIGTIMEDWAIT 1
| #define HAVE_SIGWAIT 1
| #define HAVE_SIGWAITINFO 1
| #define HAVE_SNPRINTF 1
| #define HAVE_SPLICE 1
| #define HAVE_STRFTIME 1
| #define HAVE_STRSIGNAL 1
| #define HAVE_SYMLINKAT 1
| #define HAVE_SYNC 1
| #define HAVE_SYSCONF 1
| #define HAVE_TCGETPGRP 1
| #define HAVE_TCSETPGRP 1
| #define HAVE_TEMPNAM 1
| #define HAVE_TIMEGM 1
| #define HAVE_TIMES 1
| #define HAVE_TMPFILE 1
| #define HAVE_TMPNAM 1
| #define HAVE_TMPNAM_R 1
| #define HAVE_TRUNCATE 1
| #define HAVE_TTYNAME_R 1
| #define HAVE_UMASK 1
| #define HAVE_UNAME 1
| #define HAVE_UNLINKAT 1
| #define HAVE_UNLOCKPT 1
| #define HAVE_UTIMENSAT 1
| #define HAVE_UTIMES 1
| #define HAVE_VFORK 1
| #define HAVE_WAIT 1
| #define HAVE_WAIT3 1
| #define HAVE_WAIT4 1
| #define HAVE_WAITID 1
| #define HAVE_WAITPID 1
| #define HAVE_WCSCOLL 1
| #define HAVE_WCSFTIME 1
| #define HAVE_WCSXFRM 1
| #define HAVE_WMEMCMP 1
| #define HAVE_WRITEV 1
| #define HAVE_GETENTROPY 1
| #define HAVE_GETGROUPS 1
| #define HAVE_SYSTEM 1
| #define HAVE_DIRFD 1
| #define HAVE_CHROOT 1
| #define HAVE_LINK 1
| #define HAVE_SYMLINK 1
| #define HAVE_FCHDIR 1
| #define HAVE_FSYNC 1
| #define HAVE_FDATASYNC 1
| #define HAVE_EPOLL 1
| #define HAVE_EPOLL_CREATE1 1
| #define HAVE_PRLIMIT 1
| #define HAVE_MEMFD_CREATE 1
| #define HAVE_EVENTFD 1
| #define HAVE_TIMERFD_CREATE 1
| #define HAVE_FLOCK 1
| #define HAVE_GETPAGESIZE 1
| #define HAVE_ZLIB_COPY 1
| #define HAVE_BZLIB_H 1
| #define HAVE_HSTRERROR 1
| #define HAVE_GETSERVBYNAME 1
| #define HAVE_GETSERVBYPORT 1
| #define HAVE_GETHOSTBYNAME 1
| #define HAVE_GETHOSTBYADDR 1
| #define HAVE_GETPROTOBYNAME 1
| #define HAVE_INET_ATON 1
| #define HAVE_INET_NTOA 1
| #define HAVE_INET_PTON 1
| #define HAVE_GETPEERNAME 1
| #define HAVE_GETSOCKNAME 1
| #define HAVE_ACCEPT 1
| #define HAVE_BIND 1
| #define HAVE_CONNECT 1
| #define HAVE_LISTEN 1
| #define HAVE_RECVFROM 1
| #define HAVE_SENDTO 1
| #define HAVE_SETSOCKOPT 1
| #define HAVE_SOCKET 1
| #define HAVE_SETGROUPS 1
| #define HAVE_DECL_UT_NAMESIZE 1
| #define HAVE_UT_NAMESIZE 1
| #define HAVE_OPENPTY 1
| #define HAVE_LOGIN_TTY 1
| #define HAVE_FORKPTY 1
| #define HAVE_FSEEKO 1
| #define HAVE_FSTATVFS 1
| #define HAVE_FTELLO 1
| #define HAVE_STATVFS 1
| #define HAVE_DUP2 1
| #define HAVE_GETPGRP 1
| #define HAVE_SETPGRP 1
| #define HAVE_SETNS 1
| #define HAVE_UNSHARE 1
| #define HAVE_CLOCK_GETTIME 1
| #define HAVE_CLOCK_GETRES 1
| #define HAVE_CLOCK_SETTIME 1
| #define HAVE_CLOCK_NANOSLEEP 1
| #define HAVE_NANOSLEEP 1
| #define HAVE_DEVICE_MACROS 1
| #define SYS_SELECT_WITH_SYS_TIME 1
| #define HAVE_GETADDRINFO 1
| #define HAVE_GETNAMEINFO 1
| #define HAVE_STRUCT_TM_TM_ZONE 1
| #define HAVE_TM_ZONE 1
| #define HAVE_STRUCT_STAT_ST_RDEV 1
| #define HAVE_STRUCT_STAT_ST_BLKSIZE 1
| /* end confdefs.h.  */
| #include <stddef.h>
| #ifdef HAVE_STDIO_H
| # include <stdio.h>
| #endif
| #ifdef HAVE_STDLIB_H
| # include <stdlib.h>
| #endif
| #ifdef HAVE_STRING_H
| # include <string.h>
| #endif
| #ifdef HAVE_INTTYPES_H
| # include <inttypes.h>
| #endif
| #ifdef HAVE_STDINT_H
| # include <stdint.h>
| #endif
| #ifdef HAVE_STRINGS_H
| # include <strings.h>
| #endif
| #ifdef HAVE_SYS_TYPES_H
| # include <sys/types.h>
| #endif
| #ifdef HAVE_SYS_STAT_H
| # include <sys/stat.h>
| #endif
| #ifdef HAVE_UNISTD_H
| # include <unistd.h>
| #endif
| int
| main (void)
| {
| static struct stat ac_aggr;
| if (sizeof ac_aggr.st_birthtime)
| return 0;
|   ;
|   return 0;
| }
configure:23206: result: no
configure:23215: checking for struct stat.st_blocks
configure:23215: gcc -c   conftest.c >&5
configure:23215: $? = 0
configure:23215: result: yes
configure:23224: checking for struct passwd.pw_gecos
configure:23224: gcc -c   conftest.c >&5
configure:23224: $? = 0
configure:23224: result: yes
configure:23236: checking for struct passwd.pw_passwd
configure:23236: gcc -c   conftest.c >&5
configure:23236: $? = 0
configure:23236: result: yes
configure:23250: checking for siginfo_t.si_band
configure:23250: gcc -c   conftest.c >&5
configure:23250: $? = 0
configure:23250: result: yes
configure:23261: checking for time.h that defines altzone
configure:23279: gcc -c   conftest.c >&5
conftest.c: In function 'main':
conftest.c:435:8: error: 'altzone' undeclared (first use in this function)
  435 | return altzone;
      |        ^~~~~~~
conftest.c:435:8: note: each undeclared identifier is reported only once for each function it appears in
configure:23279: $? = 1
configure: failed program was:
| /* confdefs.h */
| #define _NETBSD_SOURCE 1
| #define __BSD_VISIBLE 1
| #define _DARWIN_C_SOURCE 1
| #define _PYTHONFRAMEWORK ""
| #define _XOPEN_SOURCE 700
| #define _XOPEN_SOURCE_EXTENDED 1
| #define _POSIX_C_SOURCE 200809L
| #define HAVE_STDIO_H 1
| #define HAVE_STDLIB_H 1
| #define HAVE_STRING_H 1
| #define HAVE_INTTYPES_H 1
| #define HAVE_STDINT_H 1
| #define HAVE_STRINGS_H 1
| #define HAVE_SYS_STAT_H 1
| #define HAVE_SYS_TYPES_H 1
| #define HAVE_UNISTD_H 1
| #define HAVE_WCHAR_H 1
| #define STDC_HEADERS 1
| #define _ALL_SOURCE 1
| #define _DARWIN_C_SOURCE 1
| #define _GNU_SOURCE 1
| #define _HPUX_ALT_XOPEN_SOCKET_API 1
| #define _NETBSD_SOURCE 1
| #define _OPENBSD_SOURCE 1
| #define _POSIX_PTHREAD_SEMANTICS 1
| #define __STDC_WANT_IEC_60559_ATTRIBS_EXT__ 1
| #define __STDC_WANT_IEC_60559_BFP_EXT__ 1
| #define __STDC_WANT_IEC_60559_DFP_EXT__ 1
| #define __STDC_WANT_IEC_60559_FUNCS_EXT__ 1
| #define __STDC_WANT_IEC_60559_TYPES_EXT__ 1
| #define __STDC_WANT_LIB_EXT2__ 1
| #define __STDC_WANT_MATH_SPEC_FUNCS__ 1
| #define _TANDEM_SOURCE 1
| #define __EXTENSIONS__ 1
| #define PY_SUPPORT_TIER 1
| #define STDC_HEADERS 1
| #define HAVE_ALLOCA_H 1
| #define HAVE_ASM_TYPES_H 1
| #define HAVE_DLFCN_H 1
| #define HAVE_ENDIAN_H 1
| #define HAVE_ERRNO_H 1
| #define HAVE_FCNTL_H 1
| #define HAVE_GRP_H 1
| #define HAVE_LANGINFO_H 1
| #define HAVE_LIBINTL_H 1
| #define HAVE_LINUX_AUXVEC_H 1
| #define HAVE_SYS_AUXV_H 1
| #define HAVE_LINUX_FS_H 1
| #define HAVE_LINUX_LIMITS_H 1
| #define HAVE_LINUX_MEMFD_H 1
| #define HAVE_LINUX_RANDOM_H 1
| #define HAVE_LINUX_SOUNDCARD_H 1
| #define HAVE_LINUX_TIPC_H 1
| #define HAVE_LINUX_WAIT_H 1
| #define HAVE_NETDB_H 1
| #define HAVE_NET_ETHERNET_H 1
| #define HAVE_NETINET_IN_H 1
| #define HAVE_NETPACKET_PACKET_H 1
| #define HAVE_POLL_H 1
| #define HAVE_PTHREAD_H 1
| #define HAVE_PTY_H 1
| #define HAVE_SCHED_H 1
| #define HAVE_SETJMP_H 1
| #define HAVE_SHADOW_H 1
| #define HAVE_SIGNAL_H 1
| #define HAVE_SPAWN_H 1
| #define HAVE_SYS_EPOLL_H 1
| #define HAVE_SYS_EVENTFD_H 1
| #define HAVE_SYS_FILE_H 1
| #define HAVE_SYS_IOCTL_H 1
| #define HAVE_SYS_MMAN_H 1
| #define HAVE_SYS_PARAM_H 1
| #define HAVE_SYS_PIDFD_H 1
| #define HAVE_SYS_POLL_H 1
| #define HAVE_SYS_RANDOM_H 1
| #define HAVE_SYS_RESOURCE_H 1
| #define HAVE_SYS_SELECT_H 1
| #define HAVE_SYS_SENDFILE_H 1
| #define HAVE_SYS_SOCKET_H 1
| #define HAVE_SYS_SOUNDCARD_H 1
| #define HAVE_SYS_STAT_H 1
| #define HAVE_SYS_STATVFS_H 1
| #define HAVE_SYS_SYSCALL_H 1
| #define HAVE_SYS_SYSMACROS_H 1
| #define HAVE_SYS_TIME_H 1
| #define HAVE_SYS_TIMES_H 1
| #define HAVE_SYS_TIMERFD_H 1
| #define HAVE_SYS_TYPES_H 1
| #define HAVE_SYS_UIO_H 1
| #define HAVE_SYS_UN_H 1
| #define HAVE_SYS_UTSNAME_H 1
| #define HAVE_SYS_WAIT_H 1
| #define HAVE_SYS_XATTR_H 1
| #define HAVE_SYSEXITS_H 1
| #define HAVE_SYSLOG_H 1
| #define HAVE_TERMIOS_H 1
| #define HAVE_UTIME_H 1
| #define HAVE_UTMP_H 1
| #define HAVE_DIRENT_H 1
| #define MAJOR_IN_SYSMACROS 1
| #define HAVE_NET_IF_H 1
| #define HAVE_LINUX_NETLINK_H 1
| #define HAVE_LINUX_QRTR_H 1
| #define HAVE_LINUX_VM_SOCKETS_H 1
| #define HAVE_LINUX_CAN_H 1
| #define HAVE_LINUX_CAN_BCM_H 1
| #define HAVE_LINUX_CAN_J1939_H 1
| #define HAVE_LINUX_CAN_RAW_H 1
| #define HAVE_CLOCK_T 1
| #define HAVE_MAKEDEV 1
| #define HAVE_HTOLE64 1
| #define _LARGEFILE_SOURCE 1
| #define _FILE_OFFSET_BITS 64
| #if defined(SCO_DS)
| #undef _OFF_T
| #endif
| #define RETSIGTYPE void
| #define HAVE_SSIZE_T 1
| #define HAVE___UINT128_T 1
| #define HAVE_GCC_UINT128_T 1
| #define SIZEOF_INT 4
| #define SIZEOF_LONG 8
| #define ALIGNOF_LONG 8
| #define SIZEOF_LONG_LONG 8
| #define SIZEOF_VOID_P 8
| #define SIZEOF_SHORT 2
| #define SIZEOF_FLOAT 4
| #define SIZEOF_DOUBLE 8
| #define SIZEOF_FPOS_T 16
| #define SIZEOF_SIZE_T 8
| #define ALIGNOF_SIZE_T 8
| #define SIZEOF_PID_T 4
| #define SIZEOF_UINTPTR_T 8
| #define ALIGNOF_MAX_ALIGN_T 16
| #define HAVE_LONG_DOUBLE 1
| #define SIZEOF_LONG_DOUBLE 16
| #define SIZEOF__BOOL 1
| #define SIZEOF_OFF_T 8
| #define SIZEOF_TIME_T 8
| #define SIZEOF_PTHREAD_T 8
| #define SIZEOF_PTHREAD_KEY_T 4
| #define PTHREAD_KEY_T_IS_COMPATIBLE_WITH_INT 1
| #define PY_HAVE_PERF_TRAMPOLINE 1
| #define HAVE_LIBDL 1
| #define HAVE_FFI_PREP_CIF_VAR 1
| #define HAVE_FFI_PREP_CLOSURE_LOC 1
| #define HAVE_FFI_CLOSURE_ALLOC 1
| #define WITH_DECIMAL_CONTEXTVAR 1
| #define HAVE_LIBSQLITE3 1
| #define HAVE_LIBSQLITE3 1
| #define HAVE_LIBSQLITE3 1
| #define HAVE_LIBSQLITE3 1
| #define HAVE_LIBSQLITE3 1
| #define HAVE_LIBSQLITE3 1
| #define HAVE_LIBSQLITE3 1
| #define HAVE_LIBSQLITE3 1
| #define HAVE_LIBSQLITE3 1
| #define PY_SQLITE_HAVE_SERIALIZE 1
| #define _REENTRANT 1
| #define PTHREAD_SYSTEM_SCHED_SUPPORTED 1
| #define HAVE_PTHREAD_SIGMASK 1
| #define HAVE_PTHREAD_GETCPUCLOCKID 1
| #define ENABLE_IPV6 1
| #define HAVE_LINUX_CAN_RAW_FD_FRAMES 1
| #define HAVE_LINUX_CAN_RAW_JOIN_FILTERS 1
| #define WITH_DOC_STRINGS 1
| #define HAVE_STD_ATOMIC 1
| #define HAVE_BUILTIN_ATOMIC 1
| #define WITH_MIMALLOC 1
| #define WITH_PYMALLOC 1
| #define WITH_FREELISTS 1
| #define PY_COERCE_C_LOCALE 1
| #define HAVE_DLOPEN 1
| #define HAVE_DYNAMIC_LOADING 1
| #define HAVE_ACCEPT4 1
| #define HAVE_ALARM 1
| #define HAVE_BIND_TEXTDOMAIN_CODESET 1
| #define HAVE_CHMOD 1
| #define HAVE_CHOWN 1
| #define HAVE_CLOCK 1
| #define HAVE_CLOSEFROM 1
| #define HAVE_CLOSE_RANGE 1
| #define HAVE_CONFSTR 1
| #define HAVE_COPY_FILE_RANGE 1
| #define HAVE_CTERMID 1
| #define HAVE_DUP 1
| #define HAVE_DUP3 1
| #define HAVE_EXECV 1
| #define HAVE_EXPLICIT_BZERO 1
| #define HAVE_FACCESSAT 1
| #define HAVE_FCHMOD 1
| #define HAVE_FCHMODAT 1
| #define HAVE_FCHOWN 1
| #define HAVE_FCHOWNAT 1
| #define HAVE_FDOPENDIR 1
| #define HAVE_FEXECVE 1
| #define HAVE_FORK 1
| #define HAVE_FPATHCONF 1
| #define HAVE_FSTATAT 1
| #define HAVE_FTIME 1
| #define HAVE_FTRUNCATE 1
| #define HAVE_FUTIMENS 1
| #define HAVE_FUTIMES 1
| #define HAVE_FUTIMESAT 1
| #define HAVE_GAI_STRERROR 1
| #define HAVE_GETEGID 1
| #define HAVE_GETEUID 1
| #define HAVE_GETGID 1
| #define HAVE_GETGRENT 1
| #define HAVE_GETGRGID 1
| #define HAVE_GETGRGID_R 1
| #define HAVE_GETGRNAM_R 1
| #define HAVE_GETGROUPLIST 1
| #define HAVE_GETHOSTNAME 1
| #define HAVE_GETITIMER 1
| #define HAVE_GETLOADAVG 1
| #define HAVE_GETLOGIN 1
| #define HAVE_GETLOGIN_R 1
| #define HAVE_GETPEERNAME 1
| #define HAVE_GETPGID 1
| #define HAVE_GETPID 1
| #define HAVE_GETPPID 1
| #define HAVE_GETPRIORITY 1
| #define HAVE_GETPWENT 1
| #define HAVE_GETPWNAM_R 1
| #define HAVE_GETPWUID 1
| #define HAVE_GETPWUID_R 1
| #define HAVE_GETRESGID 1
| #define HAVE_GETRESUID 1
| #define HAVE_GETRUSAGE 1
| #define HAVE_GETSID 1
| #define HAVE_GETSPENT 1
| #define HAVE_GETSPNAM 1
| #define HAVE_GETUID 1
| #define HAVE_GETWD 1
| #define HAVE_GRANTPT 1
| #define HAVE_IF_NAMEINDEX 1
| #define HAVE_INITGROUPS 1
| #define HAVE_KILL 1
| #define HAVE_KILLPG 1
| #define HAVE_LCHOWN 1
| #define HAVE_LINKAT 1
| #define HAVE_LOCKF 1
| #define HAVE_LSTAT 1
| #define HAVE_LUTIMES 1
| #define HAVE_MADVISE 1
| #define HAVE_MBRTOWC 1
| #define HAVE_MEMRCHR 1
| #define HAVE_MKDIRAT 1
| #define HAVE_MKFIFO 1
| #define HAVE_MKFIFOAT 1
| #define HAVE_MKNOD 1
| #define HAVE_MKNODAT 1
| #define HAVE_MKTIME 1
| #define HAVE_MMAP 1
| #define HAVE_MREMAP 1
| #define HAVE_NICE 1
| #define HAVE_OPENAT 1
| #define HAVE_OPENDIR 1
| #define HAVE_PATHCONF 1
| #define HAVE_PAUSE 1
| #define HAVE_PIPE 1
| #define HAVE_PIPE2 1
| #define HAVE_POLL 1
| #define HAVE_POSIX_FADVISE 1
| #define HAVE_POSIX_FALLOCATE 1
| #define HAVE_POSIX_OPENPT 1
| #define HAVE_POSIX_SPAWN 1
| #define HAVE_POSIX_SPAWNP 1
| #define HAVE_POSIX_SPAWN_FILE_ACTIONS_ADDCLOSEFROM_NP 1
| #define HAVE_PREAD 1
| #define HAVE_PREADV 1
| #define HAVE_PREADV2 1
| #define HAVE_PROCESS_VM_READV 1
| #define HAVE_PTHREAD_CONDATTR_SETCLOCK 1
| #define HAVE_PTHREAD_KILL 1
| #define HAVE_PTSNAME 1
| #define HAVE_PTSNAME_R 1
| #define HAVE_PWRITE 1
| #define HAVE_PWRITEV 1
| #define HAVE_PWRITEV2 1
| #define HAVE_READLINK 1
| #define HAVE_READLINKAT 1
| #define HAVE_READV 1
| #define HAVE_REALPATH 1
| #define HAVE_RENAMEAT 1
| #define HAVE_SCHED_GET_PRIORITY_MAX 1
| #define HAVE_SCHED_RR_GET_INTERVAL 1
| #define HAVE_SCHED_SETAFFINITY 1
| #define HAVE_SCHED_SETPARAM 1
| #define HAVE_SCHED_SETSCHEDULER 1
| #define HAVE_SEM_CLOCKWAIT 1
| #define HAVE_SEM_GETVALUE 1
| #define HAVE_SEM_OPEN 1
| #define HAVE_SEM_TIMEDWAIT 1
| #define HAVE_SEM_UNLINK 1
| #define HAVE_SENDFILE 1
| #define HAVE_SETEGID 1
| #define HAVE_SETEUID 1
| #define HAVE_SETGID 1
| #define HAVE_SETHOSTNAME 1
| #define HAVE_SETITIMER 1
| #define HAVE_SETLOCALE 1
| #define HAVE_SETPGID 1
| #define HAVE_SETPGRP 1
| #define HAVE_SETPRIORITY 1
| #define HAVE_SETREGID 1
| #define HAVE_SETRESGID 1
| #define HAVE_SETRESUID 1
| #define HAVE_SETREUID 1
| #define HAVE_SETSID 1
| #define HAVE_SETUID 1
| #define HAVE_SETVBUF 1
| #define HAVE_SHUTDOWN 1
| #define HAVE_SIGACTION 1
| #define HAVE_SIGALTSTACK 1
| #define HAVE_SIGFILLSET 1
| #define HAVE_SIGINTERRUPT 1
| #define HAVE_SIGPENDING 1
| #define HAVE_SIGRELSE 1
| #define HAVE_SIGTIMEDWAIT 1
| #define HAVE_SIGWAIT 1
| #define HAVE_SIGWAITINFO 1
| #define HAVE_SNPRINTF 1
| #define HAVE_SPLICE 1
| #define HAVE_STRFTIME 1
| #define HAVE_STRSIGNAL 1
| #define HAVE_SYMLINKAT 1
| #define HAVE_SYNC 1
| #define HAVE_SYSCONF 1
| #define HAVE_TCGETPGRP 1
| #define HAVE_TCSETPGRP 1
| #define HAVE_TEMPNAM 1
| #define HAVE_TIMEGM 1
| #define HAVE_TIMES 1
| #define HAVE_TMPFILE 1
| #define HAVE_TMPNAM 1
| #define HAVE_TMPNAM_R 1
| #define HAVE_TRUNCATE 1
| #define HAVE_TTYNAME_R 1
| #define HAVE_UMASK 1
| #define HAVE_UNAME 1
| #define HAVE_UNLINKAT 1
| #define HAVE_UNLOCKPT 1
| #define HAVE_UTIMENSAT 1
| #define HAVE_UTIMES 1
| #define HAVE_VFORK 1
| #define HAVE_WAIT 1
| #define HAVE_WAIT3 1
| #define HAVE_WAIT4 1
| #define HAVE_WAITID 1
| #define HAVE_WAITPID 1
| #define HAVE_WCSCOLL 1
| #define HAVE_WCSFTIME 1
| #define HAVE_WCSXFRM 1
| #define HAVE_WMEMCMP 1
| #define HAVE_WRITEV 1
| #define HAVE_GETENTROPY 1
| #define HAVE_GETGROUPS 1
| #define HAVE_SYSTEM 1
| #define HAVE_DIRFD 1
| #define HAVE_CHROOT 1
| #define HAVE_LINK 1
| #define HAVE_SYMLINK 1
| #define HAVE_FCHDIR 1
| #define HAVE_FSYNC 1
| #define HAVE_FDATASYNC 1
| #define HAVE_EPOLL 1
| #define HAVE_EPOLL_CREATE1 1
| #define HAVE_PRLIMIT 1
| #define HAVE_MEMFD_CREATE 1
| #define HAVE_EVENTFD 1
| #define HAVE_TIMERFD_CREATE 1
| #define HAVE_FLOCK 1
| #define HAVE_GETPAGESIZE 1
| #define HAVE_ZLIB_COPY 1
| #define HAVE_BZLIB_H 1
| #define HAVE_HSTRERROR 1
| #define HAVE_GETSERVBYNAME 1
| #define HAVE_GETSERVBYPORT 1
| #define HAVE_GETHOSTBYNAME 1
| #define HAVE_GETHOSTBYADDR 1
| #define HAVE_GETPROTOBYNAME 1
| #define HAVE_INET_ATON 1
| #define HAVE_INET_NTOA 1
| #define HAVE_INET_PTON 1
| #define HAVE_GETPEERNAME 1
| #define HAVE_GETSOCKNAME 1
| #define HAVE_ACCEPT 1
| #define HAVE_BIND 1
| #define HAVE_CONNECT 1
| #define HAVE_LISTEN 1
| #define HAVE_RECVFROM 1
| #define HAVE_SENDTO 1
| #define HAVE_SETSOCKOPT 1
| #define HAVE_SOCKET 1
| #define HAVE_SETGROUPS 1
| #define HAVE_DECL_UT_NAMESIZE 1
| #define HAVE_UT_NAMESIZE 1
| #define HAVE_OPENPTY 1
| #define HAVE_LOGIN_TTY 1
| #define HAVE_FORKPTY 1
| #define HAVE_FSEEKO 1
| #define HAVE_FSTATVFS 1
| #define HAVE_FTELLO 1
| #define HAVE_STATVFS 1
| #define HAVE_DUP2 1
| #define HAVE_GETPGRP 1
| #define HAVE_SETPGRP 1
| #define HAVE_SETNS 1
| #define HAVE_UNSHARE 1
| #define HAVE_CLOCK_GETTIME 1
| #define HAVE_CLOCK_GETRES 1
| #define HAVE_CLOCK_SETTIME 1
| #define HAVE_CLOCK_NANOSLEEP 1
| #define HAVE_NANOSLEEP 1
| #define HAVE_DEVICE_MACROS 1
| #define SYS_SELECT_WITH_SYS_TIME 1
| #define HAVE_GETADDRINFO 1
| #define HAVE_GETNAMEINFO 1
| #define HAVE_STRUCT_TM_TM_ZONE 1
| #define HAVE_TM_ZONE 1
| #define HAVE_STRUCT_STAT_ST_RDEV 1
| #define HAVE_STRUCT_STAT_ST_BLKSIZE 1
| #define HAVE_STRUCT_STAT_ST_BLOCKS 1
| #define HAVE_STRUCT_PASSWD_PW_GECOS 1
| #define HAVE_STRUCT_PASSWD_PW_PASSWD 1
| #define HAVE_SIGINFO_T_SI_BAND 1
| /* end confdefs.h.  */
| #include <time.h>
| int
| main (void)
| {
| return altzone;
|   ;
|   return 0;
| }
configure:23288: result: no
configure:23296: checking for addrinfo
configure:23313: gcc -c   conftest.c >&5
configure:23313: $? = 0
configure:23321: result: yes
configure:23329: checking for sockaddr_storage
configure:23348: gcc -c   conftest.c >&5
configure:23348: $? = 0
configure:23356: result: yes
configure:23364: checking for sockaddr_alg
configure:23384: gcc -c   conftest.c >&5
configure:23384: $? = 0
configure:23392: result: yes
configure:23402: checking for an ANSI C-conforming const
configure:23469: gcc -c   conftest.c >&5
configure:23469: $? = 0
configure:23477: result: yes
configure:23486: checking for working signed char
configure:23504: gcc -c   conftest.c >&5
configure:23504: $? = 0
configure:23513: result: yes
configure:23524: checking for prototypes
configure:23542: gcc -c   conftest.c >&5
configure:23542: $? = 0
configure:23551: result: yes
configure:23566: checking for socketpair
configure:23586: gcc -c   conftest.c >&5
configure:23586: $? = 0
configure:23595: result: yes
configure:23608: checking if sockaddr has sa_len member
configure:23628: gcc -c   conftest.c >&5
conftest.c: In function 'main':
conftest.c:442:2: error: 'struct sockaddr' has no member named 'sa_len'
  442 | x.sa_len = 0;
      |  ^
configure:23628: $? = 1
configure: failed program was:
| /* confdefs.h */
| #define _NETBSD_SOURCE 1
| #define __BSD_VISIBLE 1
| #define _DARWIN_C_SOURCE 1
| #define _PYTHONFRAMEWORK ""
| #define _XOPEN_SOURCE 700
| #define _XOPEN_SOURCE_EXTENDED 1
| #define _POSIX_C_SOURCE 200809L
| #define HAVE_STDIO_H 1
| #define HAVE_STDLIB_H 1
| #define HAVE_STRING_H 1
| #define HAVE_INTTYPES_H 1
| #define HAVE_STDINT_H 1
| #define HAVE_STRINGS_H 1
| #define HAVE_SYS_STAT_H 1
| #define HAVE_SYS_TYPES_H 1
| #define HAVE_UNISTD_H 1
| #define HAVE_WCHAR_H 1
| #define STDC_HEADERS 1
| #define _ALL_SOURCE 1
| #define _DARWIN_C_SOURCE 1
| #define _GNU_SOURCE 1
| #define _HPUX_ALT_XOPEN_SOCKET_API 1
| #define _NETBSD_SOURCE 1
| #define _OPENBSD_SOURCE 1
| #define _POSIX_PTHREAD_SEMANTICS 1
| #define __STDC_WANT_IEC_60559_ATTRIBS_EXT__ 1
| #define __STDC_WANT_IEC_60559_BFP_EXT__ 1
| #define __STDC_WANT_IEC_60559_DFP_EXT__ 1
| #define __STDC_WANT_IEC_60559_FUNCS_EXT__ 1
| #define __STDC_WANT_IEC_60559_TYPES_EXT__ 1
| #define __STDC_WANT_LIB_EXT2__ 1
| #define __STDC_WANT_MATH_SPEC_FUNCS__ 1
| #define _TANDEM_SOURCE 1
| #define __EXTENSIONS__ 1
| #define PY_SUPPORT_TIER 1
| #define STDC_HEADERS 1
| #define HAVE_ALLOCA_H 1
| #define HAVE_ASM_TYPES_H 1
| #define HAVE_DLFCN_H 1
| #define HAVE_ENDIAN_H 1
| #define HAVE_ERRNO_H 1
| #define HAVE_FCNTL_H 1
| #define HAVE_GRP_H 1
| #define HAVE_LANGINFO_H 1
| #define HAVE_LIBINTL_H 1
| #define HAVE_LINUX_AUXVEC_H 1
| #define HAVE_SYS_AUXV_H 1
| #define HAVE_LINUX_FS_H 1
| #define HAVE_LINUX_LIMITS_H 1
| #define HAVE_LINUX_MEMFD_H 1
| #define HAVE_LINUX_RANDOM_H 1
| #define HAVE_LINUX_SOUNDCARD_H 1
| #define HAVE_LINUX_TIPC_H 1
| #define HAVE_LINUX_WAIT_H 1
| #define HAVE_NETDB_H 1
| #define HAVE_NET_ETHERNET_H 1
| #define HAVE_NETINET_IN_H 1
| #define HAVE_NETPACKET_PACKET_H 1
| #define HAVE_POLL_H 1
| #define HAVE_PTHREAD_H 1
| #define HAVE_PTY_H 1
| #define HAVE_SCHED_H 1
| #define HAVE_SETJMP_H 1
| #define HAVE_SHADOW_H 1
| #define HAVE_SIGNAL_H 1
| #define HAVE_SPAWN_H 1
| #define HAVE_SYS_EPOLL_H 1
| #define HAVE_SYS_EVENTFD_H 1
| #define HAVE_SYS_FILE_H 1
| #define HAVE_SYS_IOCTL_H 1
| #define HAVE_SYS_MMAN_H 1
| #define HAVE_SYS_PARAM_H 1
| #define HAVE_SYS_PIDFD_H 1
| #define HAVE_SYS_POLL_H 1
| #define HAVE_SYS_RANDOM_H 1
| #define HAVE_SYS_RESOURCE_H 1
| #define HAVE_SYS_SELECT_H 1
| #define HAVE_SYS_SENDFILE_H 1
| #define HAVE_SYS_SOCKET_H 1
| #define HAVE_SYS_SOUNDCARD_H 1
| #define HAVE_SYS_STAT_H 1
| #define HAVE_SYS_STATVFS_H 1
| #define HAVE_SYS_SYSCALL_H 1
| #define HAVE_SYS_SYSMACROS_H 1
| #define HAVE_SYS_TIME_H 1
| #define HAVE_SYS_TIMES_H 1
| #define HAVE_SYS_TIMERFD_H 1
| #define HAVE_SYS_TYPES_H 1
| #define HAVE_SYS_UIO_H 1
| #define HAVE_SYS_UN_H 1
| #define HAVE_SYS_UTSNAME_H 1
| #define HAVE_SYS_WAIT_H 1
| #define HAVE_SYS_XATTR_H 1
| #define HAVE_SYSEXITS_H 1
| #define HAVE_SYSLOG_H 1
| #define HAVE_TERMIOS_H 1
| #define HAVE_UTIME_H 1
| #define HAVE_UTMP_H 1
| #define HAVE_DIRENT_H 1
| #define MAJOR_IN_SYSMACROS 1
| #define HAVE_NET_IF_H 1
| #define HAVE_LINUX_NETLINK_H 1
| #define HAVE_LINUX_QRTR_H 1
| #define HAVE_LINUX_VM_SOCKETS_H 1
| #define HAVE_LINUX_CAN_H 1
| #define HAVE_LINUX_CAN_BCM_H 1
| #define HAVE_LINUX_CAN_J1939_H 1
| #define HAVE_LINUX_CAN_RAW_H 1
| #define HAVE_CLOCK_T 1
| #define HAVE_MAKEDEV 1
| #define HAVE_HTOLE64 1
| #define _LARGEFILE_SOURCE 1
| #define _FILE_OFFSET_BITS 64
| #if defined(SCO_DS)
| #undef _OFF_T
| #endif
| #define RETSIGTYPE void
| #define HAVE_SSIZE_T 1
| #define HAVE___UINT128_T 1
| #define HAVE_GCC_UINT128_T 1
| #define SIZEOF_INT 4
| #define SIZEOF_LONG 8
| #define ALIGNOF_LONG 8
| #define SIZEOF_LONG_LONG 8
| #define SIZEOF_VOID_P 8
| #define SIZEOF_SHORT 2
| #define SIZEOF_FLOAT 4
| #define SIZEOF_DOUBLE 8
| #define SIZEOF_FPOS_T 16
| #define SIZEOF_SIZE_T 8
| #define ALIGNOF_SIZE_T 8
| #define SIZEOF_PID_T 4
| #define SIZEOF_UINTPTR_T 8
| #define ALIGNOF_MAX_ALIGN_T 16
| #define HAVE_LONG_DOUBLE 1
| #define SIZEOF_LONG_DOUBLE 16
| #define SIZEOF__BOOL 1
| #define SIZEOF_OFF_T 8
| #define SIZEOF_TIME_T 8
| #define SIZEOF_PTHREAD_T 8
| #define SIZEOF_PTHREAD_KEY_T 4
| #define PTHREAD_KEY_T_IS_COMPATIBLE_WITH_INT 1
| #define PY_HAVE_PERF_TRAMPOLINE 1
| #define HAVE_LIBDL 1
| #define HAVE_FFI_PREP_CIF_VAR 1
| #define HAVE_FFI_PREP_CLOSURE_LOC 1
| #define HAVE_FFI_CLOSURE_ALLOC 1
| #define WITH_DECIMAL_CONTEXTVAR 1
| #define HAVE_LIBSQLITE3 1
| #define HAVE_LIBSQLITE3 1
| #define HAVE_LIBSQLITE3 1
| #define HAVE_LIBSQLITE3 1
| #define HAVE_LIBSQLITE3 1
| #define HAVE_LIBSQLITE3 1
| #define HAVE_LIBSQLITE3 1
| #define HAVE_LIBSQLITE3 1
| #define HAVE_LIBSQLITE3 1
| #define PY_SQLITE_HAVE_SERIALIZE 1
| #define _REENTRANT 1
| #define PTHREAD_SYSTEM_SCHED_SUPPORTED 1
| #define HAVE_PTHREAD_SIGMASK 1
| #define HAVE_PTHREAD_GETCPUCLOCKID 1
| #define ENABLE_IPV6 1
| #define HAVE_LINUX_CAN_RAW_FD_FRAMES 1
| #define HAVE_LINUX_CAN_RAW_JOIN_FILTERS 1
| #define WITH_DOC_STRINGS 1
| #define HAVE_STD_ATOMIC 1
| #define HAVE_BUILTIN_ATOMIC 1
| #define WITH_MIMALLOC 1
| #define WITH_PYMALLOC 1
| #define WITH_FREELISTS 1
| #define PY_COERCE_C_LOCALE 1
| #define HAVE_DLOPEN 1
| #define HAVE_DYNAMIC_LOADING 1
| #define HAVE_ACCEPT4 1
| #define HAVE_ALARM 1
| #define HAVE_BIND_TEXTDOMAIN_CODESET 1
| #define HAVE_CHMOD 1
| #define HAVE_CHOWN 1
| #define HAVE_CLOCK 1
| #define HAVE_CLOSEFROM 1
| #define HAVE_CLOSE_RANGE 1
| #define HAVE_CONFSTR 1
| #define HAVE_COPY_FILE_RANGE 1
| #define HAVE_CTERMID 1
| #define HAVE_DUP 1
| #define HAVE_DUP3 1
| #define HAVE_EXECV 1
| #define HAVE_EXPLICIT_BZERO 1
| #define HAVE_FACCESSAT 1
| #define HAVE_FCHMOD 1
| #define HAVE_FCHMODAT 1
| #define HAVE_FCHOWN 1
| #define HAVE_FCHOWNAT 1
| #define HAVE_FDOPENDIR 1
| #define HAVE_FEXECVE 1
| #define HAVE_FORK 1
| #define HAVE_FPATHCONF 1
| #define HAVE_FSTATAT 1
| #define HAVE_FTIME 1
| #define HAVE_FTRUNCATE 1
| #define HAVE_FUTIMENS 1
| #define HAVE_FUTIMES 1
| #define HAVE_FUTIMESAT 1
| #define HAVE_GAI_STRERROR 1
| #define HAVE_GETEGID 1
| #define HAVE_GETEUID 1
| #define HAVE_GETGID 1
| #define HAVE_GETGRENT 1
| #define HAVE_GETGRGID 1
| #define HAVE_GETGRGID_R 1
| #define HAVE_GETGRNAM_R 1
| #define HAVE_GETGROUPLIST 1
| #define HAVE_GETHOSTNAME 1
| #define HAVE_GETITIMER 1
| #define HAVE_GETLOADAVG 1
| #define HAVE_GETLOGIN 1
| #define HAVE_GETLOGIN_R 1
| #define HAVE_GETPEERNAME 1
| #define HAVE_GETPGID 1
| #define HAVE_GETPID 1
| #define HAVE_GETPPID 1
| #define HAVE_GETPRIORITY 1
| #define HAVE_GETPWENT 1
| #define HAVE_GETPWNAM_R 1
| #define HAVE_GETPWUID 1
| #define HAVE_GETPWUID_R 1
| #define HAVE_GETRESGID 1
| #define HAVE_GETRESUID 1
| #define HAVE_GETRUSAGE 1
| #define HAVE_GETSID 1
| #define HAVE_GETSPENT 1
| #define HAVE_GETSPNAM 1
| #define HAVE_GETUID 1
| #define HAVE_GETWD 1
| #define HAVE_GRANTPT 1
| #define HAVE_IF_NAMEINDEX 1
| #define HAVE_INITGROUPS 1
| #define HAVE_KILL 1
| #define HAVE_KILLPG 1
| #define HAVE_LCHOWN 1
| #define HAVE_LINKAT 1
| #define HAVE_LOCKF 1
| #define HAVE_LSTAT 1
| #define HAVE_LUTIMES 1
| #define HAVE_MADVISE 1
| #define HAVE_MBRTOWC 1
| #define HAVE_MEMRCHR 1
| #define HAVE_MKDIRAT 1
| #define HAVE_MKFIFO 1
| #define HAVE_MKFIFOAT 1
| #define HAVE_MKNOD 1
| #define HAVE_MKNODAT 1
| #define HAVE_MKTIME 1
| #define HAVE_MMAP 1
| #define HAVE_MREMAP 1
| #define HAVE_NICE 1
| #define HAVE_OPENAT 1
| #define HAVE_OPENDIR 1
| #define HAVE_PATHCONF 1
| #define HAVE_PAUSE 1
| #define HAVE_PIPE 1
| #define HAVE_PIPE2 1
| #define HAVE_POLL 1
| #define HAVE_POSIX_FADVISE 1
| #define HAVE_POSIX_FALLOCATE 1
| #define HAVE_POSIX_OPENPT 1
| #define HAVE_POSIX_SPAWN 1
| #define HAVE_POSIX_SPAWNP 1
| #define HAVE_POSIX_SPAWN_FILE_ACTIONS_ADDCLOSEFROM_NP 1
| #define HAVE_PREAD 1
| #define HAVE_PREADV 1
| #define HAVE_PREADV2 1
| #define HAVE_PROCESS_VM_READV 1
| #define HAVE_PTHREAD_CONDATTR_SETCLOCK 1
| #define HAVE_PTHREAD_KILL 1
| #define HAVE_PTSNAME 1
| #define HAVE_PTSNAME_R 1
| #define HAVE_PWRITE 1
| #define HAVE_PWRITEV 1
| #define HAVE_PWRITEV2 1
| #define HAVE_READLINK 1
| #define HAVE_READLINKAT 1
| #define HAVE_READV 1
| #define HAVE_REALPATH 1
| #define HAVE_RENAMEAT 1
| #define HAVE_SCHED_GET_PRIORITY_MAX 1
| #define HAVE_SCHED_RR_GET_INTERVAL 1
| #define HAVE_SCHED_SETAFFINITY 1
| #define HAVE_SCHED_SETPARAM 1
| #define HAVE_SCHED_SETSCHEDULER 1
| #define HAVE_SEM_CLOCKWAIT 1
| #define HAVE_SEM_GETVALUE 1
| #define HAVE_SEM_OPEN 1
| #define HAVE_SEM_TIMEDWAIT 1
| #define HAVE_SEM_UNLINK 1
| #define HAVE_SENDFILE 1
| #define HAVE_SETEGID 1
| #define HAVE_SETEUID 1
| #define HAVE_SETGID 1
| #define HAVE_SETHOSTNAME 1
| #define HAVE_SETITIMER 1
| #define HAVE_SETLOCALE 1
| #define HAVE_SETPGID 1
| #define HAVE_SETPGRP 1
| #define HAVE_SETPRIORITY 1
| #define HAVE_SETREGID 1
| #define HAVE_SETRESGID 1
| #define HAVE_SETRESUID 1
| #define HAVE_SETREUID 1
| #define HAVE_SETSID 1
| #define HAVE_SETUID 1
| #define HAVE_SETVBUF 1
| #define HAVE_SHUTDOWN 1
| #define HAVE_SIGACTION 1
| #define HAVE_SIGALTSTACK 1
| #define HAVE_SIGFILLSET 1
| #define HAVE_SIGINTERRUPT 1
| #define HAVE_SIGPENDING 1
| #define HAVE_SIGRELSE 1
| #define HAVE_SIGTIMEDWAIT 1
| #define HAVE_SIGWAIT 1
| #define HAVE_SIGWAITINFO 1
| #define HAVE_SNPRINTF 1
| #define HAVE_SPLICE 1
| #define HAVE_STRFTIME 1
| #define HAVE_STRSIGNAL 1
| #define HAVE_SYMLINKAT 1
| #define HAVE_SYNC 1
| #define HAVE_SYSCONF 1
| #define HAVE_TCGETPGRP 1
| #define HAVE_TCSETPGRP 1
| #define HAVE_TEMPNAM 1
| #define HAVE_TIMEGM 1
| #define HAVE_TIMES 1
| #define HAVE_TMPFILE 1
| #define HAVE_TMPNAM 1
| #define HAVE_TMPNAM_R 1
| #define HAVE_TRUNCATE 1
| #define HAVE_TTYNAME_R 1
| #define HAVE_UMASK 1
| #define HAVE_UNAME 1
| #define HAVE_UNLINKAT 1
| #define HAVE_UNLOCKPT 1
| #define HAVE_UTIMENSAT 1
| #define HAVE_UTIMES 1
| #define HAVE_VFORK 1
| #define HAVE_WAIT 1
| #define HAVE_WAIT3 1
| #define HAVE_WAIT4 1
| #define HAVE_WAITID 1
| #define HAVE_WAITPID 1
| #define HAVE_WCSCOLL 1
| #define HAVE_WCSFTIME 1
| #define HAVE_WCSXFRM 1
| #define HAVE_WMEMCMP 1
| #define HAVE_WRITEV 1
| #define HAVE_GETENTROPY 1
| #define HAVE_GETGROUPS 1
| #define HAVE_SYSTEM 1
| #define HAVE_DIRFD 1
| #define HAVE_CHROOT 1
| #define HAVE_LINK 1
| #define HAVE_SYMLINK 1
| #define HAVE_FCHDIR 1
| #define HAVE_FSYNC 1
| #define HAVE_FDATASYNC 1
| #define HAVE_EPOLL 1
| #define HAVE_EPOLL_CREATE1 1
| #define HAVE_PRLIMIT 1
| #define HAVE_MEMFD_CREATE 1
| #define HAVE_EVENTFD 1
| #define HAVE_TIMERFD_CREATE 1
| #define HAVE_FLOCK 1
| #define HAVE_GETPAGESIZE 1
| #define HAVE_ZLIB_COPY 1
| #define HAVE_BZLIB_H 1
| #define HAVE_HSTRERROR 1
| #define HAVE_GETSERVBYNAME 1
| #define HAVE_GETSERVBYPORT 1
| #define HAVE_GETHOSTBYNAME 1
| #define HAVE_GETHOSTBYADDR 1
| #define HAVE_GETPROTOBYNAME 1
| #define HAVE_INET_ATON 1
| #define HAVE_INET_NTOA 1
| #define HAVE_INET_PTON 1
| #define HAVE_GETPEERNAME 1
| #define HAVE_GETSOCKNAME 1
| #define HAVE_ACCEPT 1
| #define HAVE_BIND 1
| #define HAVE_CONNECT 1
| #define HAVE_LISTEN 1
| #define HAVE_RECVFROM 1
| #define HAVE_SENDTO 1
| #define HAVE_SETSOCKOPT 1
| #define HAVE_SOCKET 1
| #define HAVE_SETGROUPS 1
| #define HAVE_DECL_UT_NAMESIZE 1
| #define HAVE_UT_NAMESIZE 1
| #define HAVE_OPENPTY 1
| #define HAVE_LOGIN_TTY 1
| #define HAVE_FORKPTY 1
| #define HAVE_FSEEKO 1
| #define HAVE_FSTATVFS 1
| #define HAVE_FTELLO 1
| #define HAVE_STATVFS 1
| #define HAVE_DUP2 1
| #define HAVE_GETPGRP 1
| #define HAVE_SETPGRP 1
| #define HAVE_SETNS 1
| #define HAVE_UNSHARE 1
| #define HAVE_CLOCK_GETTIME 1
| #define HAVE_CLOCK_GETRES 1
| #define HAVE_CLOCK_SETTIME 1
| #define HAVE_CLOCK_NANOSLEEP 1
| #define HAVE_NANOSLEEP 1
| #define HAVE_DEVICE_MACROS 1
| #define SYS_SELECT_WITH_SYS_TIME 1
| #define HAVE_GETADDRINFO 1
| #define HAVE_GETNAMEINFO 1
| #define HAVE_STRUCT_TM_TM_ZONE 1
| #define HAVE_TM_ZONE 1
| #define HAVE_STRUCT_STAT_ST_RDEV 1
| #define HAVE_STRUCT_STAT_ST_BLKSIZE 1
| #define HAVE_STRUCT_STAT_ST_BLOCKS 1
| #define HAVE_STRUCT_PASSWD_PW_GECOS 1
| #define HAVE_STRUCT_PASSWD_PW_PASSWD 1
| #define HAVE_SIGINFO_T_SI_BAND 1
| #define HAVE_ADDRINFO 1
| #define HAVE_SOCKADDR_STORAGE 1
| #define HAVE_SOCKADDR_ALG 1
| #define HAVE_PROTOTYPES 1
| #define HAVE_SOCKETPAIR 1
| /* end confdefs.h.  */
| #include <sys/types.h>
| #include <sys/socket.h>
| int
| main (void)
| {
| struct sockaddr x;
| x.sa_len = 0;
|   ;
|   return 0;
| }
configure:23637: result: no
configure:23651: checking for gethostbyname_r
configure:23651: gcc -o conftest    conftest.c -ldl  >&5
configure:23651: $? = 0
configure:23651: result: yes
configure:23656: checking gethostbyname_r with 6 args
configure:23681: gcc -c      conftest.c >&5
configure:23681: $? = 0
configure:23689: result: yes
configure:23803: checking for __fpu_control
configure:23803: gcc -o conftest    conftest.c -ldl  >&5
configure:23803: $? = 0
configure:23803: result: yes
configure:23861: checking for --with-libm=STRING
configure:23879: result: default LIBM="-lm"
configure:23886: checking for --with-libc=STRING
configure:23904: result: default LIBC=""
configure:23914: checking for x64 gcc inline assembler
configure:23934: gcc -o conftest    conftest.c -ldl  >&5
configure:23934: $? = 0
configure:23944: result: yes
configure:23960: checking whether float word ordering is bigendian
configure:23985: gcc -o conftest    conftest.c -ldl  >&5
configure:23985: $? = 0
configure:24005: result: no
configure:24050: checking whether we can use gcc inline assembler to get and set x87 control word
configure:24072: gcc -o conftest    conftest.c -ldl  >&5
configure:24072: $? = 0
configure:24082: result: yes
configure:24093: checking whether we can use gcc inline assembler to get and set mc68881 fpcr
configure:24115: gcc -o conftest    conftest.c -ldl  >&5
conftest.c: Assembler messages:
conftest.c:448: Error: no such instruction: `fmove.l %fpcr,%eax'
conftest.c:449: Error: no such instruction: `fmove.l -4(%rbp),%fpcr'
configure:24115: $? = 1
configure: failed program was:
| /* confdefs.h */
| #define _NETBSD_SOURCE 1
| #define __BSD_VISIBLE 1
| #define _DARWIN_C_SOURCE 1
| #define _PYTHONFRAMEWORK ""
| #define _XOPEN_SOURCE 700
| #define _XOPEN_SOURCE_EXTENDED 1
| #define _POSIX_C_SOURCE 200809L
| #define HAVE_STDIO_H 1
| #define HAVE_STDLIB_H 1
| #define HAVE_STRING_H 1
| #define HAVE_INTTYPES_H 1
| #define HAVE_STDINT_H 1
| #define HAVE_STRINGS_H 1
| #define HAVE_SYS_STAT_H 1
| #define HAVE_SYS_TYPES_H 1
| #define HAVE_UNISTD_H 1
| #define HAVE_WCHAR_H 1
| #define STDC_HEADERS 1
| #define _ALL_SOURCE 1
| #define _DARWIN_C_SOURCE 1
| #define _GNU_SOURCE 1
| #define _HPUX_ALT_XOPEN_SOCKET_API 1
| #define _NETBSD_SOURCE 1
| #define _OPENBSD_SOURCE 1
| #define _POSIX_PTHREAD_SEMANTICS 1
| #define __STDC_WANT_IEC_60559_ATTRIBS_EXT__ 1
| #define __STDC_WANT_IEC_60559_BFP_EXT__ 1
| #define __STDC_WANT_IEC_60559_DFP_EXT__ 1
| #define __STDC_WANT_IEC_60559_FUNCS_EXT__ 1
| #define __STDC_WANT_IEC_60559_TYPES_EXT__ 1
| #define __STDC_WANT_LIB_EXT2__ 1
| #define __STDC_WANT_MATH_SPEC_FUNCS__ 1
| #define _TANDEM_SOURCE 1
| #define __EXTENSIONS__ 1
| #define PY_SUPPORT_TIER 1
| #define STDC_HEADERS 1
| #define HAVE_ALLOCA_H 1
| #define HAVE_ASM_TYPES_H 1
| #define HAVE_DLFCN_H 1
| #define HAVE_ENDIAN_H 1
| #define HAVE_ERRNO_H 1
| #define HAVE_FCNTL_H 1
| #define HAVE_GRP_H 1
| #define HAVE_LANGINFO_H 1
| #define HAVE_LIBINTL_H 1
| #define HAVE_LINUX_AUXVEC_H 1
| #define HAVE_SYS_AUXV_H 1
| #define HAVE_LINUX_FS_H 1
| #define HAVE_LINUX_LIMITS_H 1
| #define HAVE_LINUX_MEMFD_H 1
| #define HAVE_LINUX_RANDOM_H 1
| #define HAVE_LINUX_SOUNDCARD_H 1
| #define HAVE_LINUX_TIPC_H 1
| #define HAVE_LINUX_WAIT_H 1
| #define HAVE_NETDB_H 1
| #define HAVE_NET_ETHERNET_H 1
| #define HAVE_NETINET_IN_H 1
| #define HAVE_NETPACKET_PACKET_H 1
| #define HAVE_POLL_H 1
| #define HAVE_PTHREAD_H 1
| #define HAVE_PTY_H 1
| #define HAVE_SCHED_H 1
| #define HAVE_SETJMP_H 1
| #define HAVE_SHADOW_H 1
| #define HAVE_SIGNAL_H 1
| #define HAVE_SPAWN_H 1
| #define HAVE_SYS_EPOLL_H 1
| #define HAVE_SYS_EVENTFD_H 1
| #define HAVE_SYS_FILE_H 1
| #define HAVE_SYS_IOCTL_H 1
| #define HAVE_SYS_MMAN_H 1
| #define HAVE_SYS_PARAM_H 1
| #define HAVE_SYS_PIDFD_H 1
| #define HAVE_SYS_POLL_H 1
| #define HAVE_SYS_RANDOM_H 1
| #define HAVE_SYS_RESOURCE_H 1
| #define HAVE_SYS_SELECT_H 1
| #define HAVE_SYS_SENDFILE_H 1
| #define HAVE_SYS_SOCKET_H 1
| #define HAVE_SYS_SOUNDCARD_H 1
| #define HAVE_SYS_STAT_H 1
| #define HAVE_SYS_STATVFS_H 1
| #define HAVE_SYS_SYSCALL_H 1
| #define HAVE_SYS_SYSMACROS_H 1
| #define HAVE_SYS_TIME_H 1
| #define HAVE_SYS_TIMES_H 1
| #define HAVE_SYS_TIMERFD_H 1
| #define HAVE_SYS_TYPES_H 1
| #define HAVE_SYS_UIO_H 1
| #define HAVE_SYS_UN_H 1
| #define HAVE_SYS_UTSNAME_H 1
| #define HAVE_SYS_WAIT_H 1
| #define HAVE_SYS_XATTR_H 1
| #define HAVE_SYSEXITS_H 1
| #define HAVE_SYSLOG_H 1
| #define HAVE_TERMIOS_H 1
| #define HAVE_UTIME_H 1
| #define HAVE_UTMP_H 1
| #define HAVE_DIRENT_H 1
| #define MAJOR_IN_SYSMACROS 1
| #define HAVE_NET_IF_H 1
| #define HAVE_LINUX_NETLINK_H 1
| #define HAVE_LINUX_QRTR_H 1
| #define HAVE_LINUX_VM_SOCKETS_H 1
| #define HAVE_LINUX_CAN_H 1
| #define HAVE_LINUX_CAN_BCM_H 1
| #define HAVE_LINUX_CAN_J1939_H 1
| #define HAVE_LINUX_CAN_RAW_H 1
| #define HAVE_CLOCK_T 1
| #define HAVE_MAKEDEV 1
| #define HAVE_HTOLE64 1
| #define _LARGEFILE_SOURCE 1
| #define _FILE_OFFSET_BITS 64
| #if defined(SCO_DS)
| #undef _OFF_T
| #endif
| #define RETSIGTYPE void
| #define HAVE_SSIZE_T 1
| #define HAVE___UINT128_T 1
| #define HAVE_GCC_UINT128_T 1
| #define SIZEOF_INT 4
| #define SIZEOF_LONG 8
| #define ALIGNOF_LONG 8
| #define SIZEOF_LONG_LONG 8
| #define SIZEOF_VOID_P 8
| #define SIZEOF_SHORT 2
| #define SIZEOF_FLOAT 4
| #define SIZEOF_DOUBLE 8
| #define SIZEOF_FPOS_T 16
| #define SIZEOF_SIZE_T 8
| #define ALIGNOF_SIZE_T 8
| #define SIZEOF_PID_T 4
| #define SIZEOF_UINTPTR_T 8
| #define ALIGNOF_MAX_ALIGN_T 16
| #define HAVE_LONG_DOUBLE 1
| #define SIZEOF_LONG_DOUBLE 16
| #define SIZEOF__BOOL 1
| #define SIZEOF_OFF_T 8
| #define SIZEOF_TIME_T 8
| #define SIZEOF_PTHREAD_T 8
| #define SIZEOF_PTHREAD_KEY_T 4
| #define PTHREAD_KEY_T_IS_COMPATIBLE_WITH_INT 1
| #define PY_HAVE_PERF_TRAMPOLINE 1
| #define HAVE_LIBDL 1
| #define HAVE_FFI_PREP_CIF_VAR 1
| #define HAVE_FFI_PREP_CLOSURE_LOC 1
| #define HAVE_FFI_CLOSURE_ALLOC 1
| #define WITH_DECIMAL_CONTEXTVAR 1
| #define HAVE_LIBSQLITE3 1
| #define HAVE_LIBSQLITE3 1
| #define HAVE_LIBSQLITE3 1
| #define HAVE_LIBSQLITE3 1
| #define HAVE_LIBSQLITE3 1
| #define HAVE_LIBSQLITE3 1
| #define HAVE_LIBSQLITE3 1
| #define HAVE_LIBSQLITE3 1
| #define HAVE_LIBSQLITE3 1
| #define PY_SQLITE_HAVE_SERIALIZE 1
| #define _REENTRANT 1
| #define PTHREAD_SYSTEM_SCHED_SUPPORTED 1
| #define HAVE_PTHREAD_SIGMASK 1
| #define HAVE_PTHREAD_GETCPUCLOCKID 1
| #define ENABLE_IPV6 1
| #define HAVE_LINUX_CAN_RAW_FD_FRAMES 1
| #define HAVE_LINUX_CAN_RAW_JOIN_FILTERS 1
| #define WITH_DOC_STRINGS 1
| #define HAVE_STD_ATOMIC 1
| #define HAVE_BUILTIN_ATOMIC 1
| #define WITH_MIMALLOC 1
| #define WITH_PYMALLOC 1
| #define WITH_FREELISTS 1
| #define PY_COERCE_C_LOCALE 1
| #define HAVE_DLOPEN 1
| #define HAVE_DYNAMIC_LOADING 1
| #define HAVE_ACCEPT4 1
| #define HAVE_ALARM 1
| #define HAVE_BIND_TEXTDOMAIN_CODESET 1
| #define HAVE_CHMOD 1
| #define HAVE_CHOWN 1
| #define HAVE_CLOCK 1
| #define HAVE_CLOSEFROM 1
| #define HAVE_CLOSE_RANGE 1
| #define HAVE_CONFSTR 1
| #define HAVE_COPY_FILE_RANGE 1
| #define HAVE_CTERMID 1
| #define HAVE_DUP 1
| #define HAVE_DUP3 1
| #define HAVE_EXECV 1
| #define HAVE_EXPLICIT_BZERO 1
| #define HAVE_FACCESSAT 1
| #define HAVE_FCHMOD 1
| #define HAVE_FCHMODAT 1
| #define HAVE_FCHOWN 1
| #define HAVE_FCHOWNAT 1
| #define HAVE_FDOPENDIR 1
| #define HAVE_FEXECVE 1
| #define HAVE_FORK 1
| #define HAVE_FPATHCONF 1
| #define HAVE_FSTATAT 1
| #define HAVE_FTIME 1
| #define HAVE_FTRUNCATE 1
| #define HAVE_FUTIMENS 1
| #define HAVE_FUTIMES 1
| #define HAVE_FUTIMESAT 1
| #define HAVE_GAI_STRERROR 1
| #define HAVE_GETEGID 1
| #define HAVE_GETEUID 1
| #define HAVE_GETGID 1
| #define HAVE_GETGRENT 1
| #define HAVE_GETGRGID 1
| #define HAVE_GETGRGID_R 1
| #define HAVE_GETGRNAM_R 1
| #define HAVE_GETGROUPLIST 1
| #define HAVE_GETHOSTNAME 1
| #define HAVE_GETITIMER 1
| #define HAVE_GETLOADAVG 1
| #define HAVE_GETLOGIN 1
| #define HAVE_GETLOGIN_R 1
| #define HAVE_GETPEERNAME 1
| #define HAVE_GETPGID 1
| #define HAVE_GETPID 1
| #define HAVE_GETPPID 1
| #define HAVE_GETPRIORITY 1
| #define HAVE_GETPWENT 1
| #define HAVE_GETPWNAM_R 1
| #define HAVE_GETPWUID 1
| #define HAVE_GETPWUID_R 1
| #define HAVE_GETRESGID 1
| #define HAVE_GETRESUID 1
| #define HAVE_GETRUSAGE 1
| #define HAVE_GETSID 1
| #define HAVE_GETSPENT 1
| #define HAVE_GETSPNAM 1
| #define HAVE_GETUID 1
| #define HAVE_GETWD 1
| #define HAVE_GRANTPT 1
| #define HAVE_IF_NAMEINDEX 1
| #define HAVE_INITGROUPS 1
| #define HAVE_KILL 1
| #define HAVE_KILLPG 1
| #define HAVE_LCHOWN 1
| #define HAVE_LINKAT 1
| #define HAVE_LOCKF 1
| #define HAVE_LSTAT 1
| #define HAVE_LUTIMES 1
| #define HAVE_MADVISE 1
| #define HAVE_MBRTOWC 1
| #define HAVE_MEMRCHR 1
| #define HAVE_MKDIRAT 1
| #define HAVE_MKFIFO 1
| #define HAVE_MKFIFOAT 1
| #define HAVE_MKNOD 1
| #define HAVE_MKNODAT 1
| #define HAVE_MKTIME 1
| #define HAVE_MMAP 1
| #define HAVE_MREMAP 1
| #define HAVE_NICE 1
| #define HAVE_OPENAT 1
| #define HAVE_OPENDIR 1
| #define HAVE_PATHCONF 1
| #define HAVE_PAUSE 1
| #define HAVE_PIPE 1
| #define HAVE_PIPE2 1
| #define HAVE_POLL 1
| #define HAVE_POSIX_FADVISE 1
| #define HAVE_POSIX_FALLOCATE 1
| #define HAVE_POSIX_OPENPT 1
| #define HAVE_POSIX_SPAWN 1
| #define HAVE_POSIX_SPAWNP 1
| #define HAVE_POSIX_SPAWN_FILE_ACTIONS_ADDCLOSEFROM_NP 1
| #define HAVE_PREAD 1
| #define HAVE_PREADV 1
| #define HAVE_PREADV2 1
| #define HAVE_PROCESS_VM_READV 1
| #define HAVE_PTHREAD_CONDATTR_SETCLOCK 1
| #define HAVE_PTHREAD_KILL 1
| #define HAVE_PTSNAME 1
| #define HAVE_PTSNAME_R 1
| #define HAVE_PWRITE 1
| #define HAVE_PWRITEV 1
| #define HAVE_PWRITEV2 1
| #define HAVE_READLINK 1
| #define HAVE_READLINKAT 1
| #define HAVE_READV 1
| #define HAVE_REALPATH 1
| #define HAVE_RENAMEAT 1
| #define HAVE_SCHED_GET_PRIORITY_MAX 1
| #define HAVE_SCHED_RR_GET_INTERVAL 1
| #define HAVE_SCHED_SETAFFINITY 1
| #define HAVE_SCHED_SETPARAM 1
| #define HAVE_SCHED_SETSCHEDULER 1
| #define HAVE_SEM_CLOCKWAIT 1
| #define HAVE_SEM_GETVALUE 1
| #define HAVE_SEM_OPEN 1
| #define HAVE_SEM_TIMEDWAIT 1
| #define HAVE_SEM_UNLINK 1
| #define HAVE_SENDFILE 1
| #define HAVE_SETEGID 1
| #define HAVE_SETEUID 1
| #define HAVE_SETGID 1
| #define HAVE_SETHOSTNAME 1
| #define HAVE_SETITIMER 1
| #define HAVE_SETLOCALE 1
| #define HAVE_SETPGID 1
| #define HAVE_SETPGRP 1
| #define HAVE_SETPRIORITY 1
| #define HAVE_SETREGID 1
| #define HAVE_SETRESGID 1
| #define HAVE_SETRESUID 1
| #define HAVE_SETREUID 1
| #define HAVE_SETSID 1
| #define HAVE_SETUID 1
| #define HAVE_SETVBUF 1
| #define HAVE_SHUTDOWN 1
| #define HAVE_SIGACTION 1
| #define HAVE_SIGALTSTACK 1
| #define HAVE_SIGFILLSET 1
| #define HAVE_SIGINTERRUPT 1
| #define HAVE_SIGPENDING 1
| #define HAVE_SIGRELSE 1
| #define HAVE_SIGTIMEDWAIT 1
| #define HAVE_SIGWAIT 1
| #define HAVE_SIGWAITINFO 1
| #define HAVE_SNPRINTF 1
| #define HAVE_SPLICE 1
| #define HAVE_STRFTIME 1
| #define HAVE_STRSIGNAL 1
| #define HAVE_SYMLINKAT 1
| #define HAVE_SYNC 1
| #define HAVE_SYSCONF 1
| #define HAVE_TCGETPGRP 1
| #define HAVE_TCSETPGRP 1
| #define HAVE_TEMPNAM 1
| #define HAVE_TIMEGM 1
| #define HAVE_TIMES 1
| #define HAVE_TMPFILE 1
| #define HAVE_TMPNAM 1
| #define HAVE_TMPNAM_R 1
| #define HAVE_TRUNCATE 1
| #define HAVE_TTYNAME_R 1
| #define HAVE_UMASK 1
| #define HAVE_UNAME 1
| #define HAVE_UNLINKAT 1
| #define HAVE_UNLOCKPT 1
| #define HAVE_UTIMENSAT 1
| #define HAVE_UTIMES 1
| #define HAVE_VFORK 1
| #define HAVE_WAIT 1
| #define HAVE_WAIT3 1
| #define HAVE_WAIT4 1
| #define HAVE_WAITID 1
| #define HAVE_WAITPID 1
| #define HAVE_WCSCOLL 1
| #define HAVE_WCSFTIME 1
| #define HAVE_WCSXFRM 1
| #define HAVE_WMEMCMP 1
| #define HAVE_WRITEV 1
| #define HAVE_GETENTROPY 1
| #define HAVE_GETGROUPS 1
| #define HAVE_SYSTEM 1
| #define HAVE_DIRFD 1
| #define HAVE_CHROOT 1
| #define HAVE_LINK 1
| #define HAVE_SYMLINK 1
| #define HAVE_FCHDIR 1
| #define HAVE_FSYNC 1
| #define HAVE_FDATASYNC 1
| #define HAVE_EPOLL 1
| #define HAVE_EPOLL_CREATE1 1
| #define HAVE_PRLIMIT 1
| #define HAVE_MEMFD_CREATE 1
| #define HAVE_EVENTFD 1
| #define HAVE_TIMERFD_CREATE 1
| #define HAVE_FLOCK 1
| #define HAVE_GETPAGESIZE 1
| #define HAVE_ZLIB_COPY 1
| #define HAVE_BZLIB_H 1
| #define HAVE_HSTRERROR 1
| #define HAVE_GETSERVBYNAME 1
| #define HAVE_GETSERVBYPORT 1
| #define HAVE_GETHOSTBYNAME 1
| #define HAVE_GETHOSTBYADDR 1
| #define HAVE_GETPROTOBYNAME 1
| #define HAVE_INET_ATON 1
| #define HAVE_INET_NTOA 1
| #define HAVE_INET_PTON 1
| #define HAVE_GETPEERNAME 1
| #define HAVE_GETSOCKNAME 1
| #define HAVE_ACCEPT 1
| #define HAVE_BIND 1
| #define HAVE_CONNECT 1
| #define HAVE_LISTEN 1
| #define HAVE_RECVFROM 1
| #define HAVE_SENDTO 1
| #define HAVE_SETSOCKOPT 1
| #define HAVE_SOCKET 1
| #define HAVE_SETGROUPS 1
| #define HAVE_DECL_UT_NAMESIZE 1
| #define HAVE_UT_NAMESIZE 1
| #define HAVE_OPENPTY 1
| #define HAVE_LOGIN_TTY 1
| #define HAVE_FORKPTY 1
| #define HAVE_FSEEKO 1
| #define HAVE_FSTATVFS 1
| #define HAVE_FTELLO 1
| #define HAVE_STATVFS 1
| #define HAVE_DUP2 1
| #define HAVE_GETPGRP 1
| #define HAVE_SETPGRP 1
| #define HAVE_SETNS 1
| #define HAVE_UNSHARE 1
| #define HAVE_CLOCK_GETTIME 1
| #define HAVE_CLOCK_GETRES 1
| #define HAVE_CLOCK_SETTIME 1
| #define HAVE_CLOCK_NANOSLEEP 1
| #define HAVE_NANOSLEEP 1
| #define HAVE_DEVICE_MACROS 1
| #define SYS_SELECT_WITH_SYS_TIME 1
| #define HAVE_GETADDRINFO 1
| #define HAVE_GETNAMEINFO 1
| #define HAVE_STRUCT_TM_TM_ZONE 1
| #define HAVE_TM_ZONE 1
| #define HAVE_STRUCT_STAT_ST_RDEV 1
| #define HAVE_STRUCT_STAT_ST_BLKSIZE 1
| #define HAVE_STRUCT_STAT_ST_BLOCKS 1
| #define HAVE_STRUCT_PASSWD_PW_GECOS 1
| #define HAVE_STRUCT_PASSWD_PW_PASSWD 1
| #define HAVE_SIGINFO_T_SI_BAND 1
| #define HAVE_ADDRINFO 1
| #define HAVE_SOCKADDR_STORAGE 1
| #define HAVE_SOCKADDR_ALG 1
| #define HAVE_PROTOTYPES 1
| #define HAVE_SOCKETPAIR 1
| #define HAVE_GETHOSTBYNAME_R 1
| #define HAVE_GETHOSTBYNAME_R 1
| #define HAVE_GETHOSTBYNAME_R_6_ARG 1
| #define HAVE_GCC_ASM_FOR_X64 1
| #define DOUBLE_IS_LITTLE_ENDIAN_IEEE754 1
| #define HAVE_GCC_ASM_FOR_X87 1
| /* end confdefs.h.  */
| 
| int
| main (void)
| {
| 
|   unsigned int fpcr;
|   __asm__ __volatile__ ("fmove.l %%fpcr,%0" : "=g" (fpcr));
|   __asm__ __volatile__ ("fmove.l %0,%%fpcr" : : "g" (fpcr));
| 
|   ;
|   return 0;
| }
configure:24125: result: no
configure:24141: checking for x87-style double rounding
configure:24178: gcc  -fno-strict-overflow -Wsign-compare -o conftest    conftest.c -ldl  >&5
configure:24178: $? = 0
configure:24178: ./conftest
configure:24178: $? = 0
configure:24191: result: no
configure:24214: checking for acosh
configure:24214: gcc -o conftest    conftest.c -ldl  -lm >&5
conftest.c:458:6: warning: conflicting types for built-in function 'acosh'; expected 'double(double)' [-Wbuiltin-declaration-mismatch]
  458 | char acosh ();
      |      ^~~~~
conftest.c:450:1: note: 'acosh' is declared in header '<math.h>'
  449 | #include <limits.h>
  450 | #undef acosh
configure:24214: $? = 0
configure:24214: result: yes
configure:24214: checking for asinh
configure:24214: gcc -o conftest    conftest.c -ldl  -lm >&5
conftest.c:459:6: warning: conflicting types for built-in function 'asinh'; expected 'double(double)' [-Wbuiltin-declaration-mismatch]
  459 | char asinh ();
      |      ^~~~~
conftest.c:451:1: note: 'asinh' is declared in header '<math.h>'
  450 | #include <limits.h>
  451 | #undef asinh
configure:24214: $? = 0
configure:24214: result: yes
configure:24214: checking for atanh
configure:24214: gcc -o conftest    conftest.c -ldl  -lm >&5
conftest.c:460:6: warning: conflicting types for built-in function 'atanh'; expected 'double(double)' [-Wbuiltin-declaration-mismatch]
  460 | char atanh ();
      |      ^~~~~
conftest.c:452:1: note: 'atanh' is declared in header '<math.h>'
  451 | #include <limits.h>
  452 | #undef atanh
configure:24214: $? = 0
configure:24214: result: yes
configure:24214: checking for erf
configure:24214: gcc -o conftest    conftest.c -ldl  -lm >&5
conftest.c:461:6: warning: conflicting types for built-in function 'erf'; expected 'double(double)' [-Wbuiltin-declaration-mismatch]
  461 | char erf ();
      |      ^~~
conftest.c:453:1: note: 'erf' is declared in header '<math.h>'
  452 | #include <limits.h>
  453 | #undef erf
configure:24214: $? = 0
configure:24214: result: yes
configure:24214: checking for erfc
configure:24214: gcc -o conftest    conftest.c -ldl  -lm >&5
conftest.c:462:6: warning: conflicting types for built-in function 'erfc'; expected 'double(double)' [-Wbuiltin-declaration-mismatch]
  462 | char erfc ();
      |      ^~~~
conftest.c:454:1: note: 'erfc' is declared in header '<math.h>'
  453 | #include <limits.h>
  454 | #undef erfc
configure:24214: $? = 0
configure:24214: result: yes
configure:24214: checking for expm1
configure:24214: gcc -o conftest    conftest.c -ldl  -lm >&5
conftest.c:463:6: warning: conflicting types for built-in function 'expm1'; expected 'double(double)' [-Wbuiltin-declaration-mismatch]
  463 | char expm1 ();
      |      ^~~~~
conftest.c:455:1: note: 'expm1' is declared in header '<math.h>'
  454 | #include <limits.h>
  455 | #undef expm1
configure:24214: $? = 0
configure:24214: result: yes
configure:24214: checking for log1p
configure:24214: gcc -o conftest    conftest.c -ldl  -lm >&5
conftest.c:464:6: warning: conflicting types for built-in function 'log1p'; expected 'double(double)' [-Wbuiltin-declaration-mismatch]
  464 | char log1p ();
      |      ^~~~~
conftest.c:456:1: note: 'log1p' is declared in header '<math.h>'
  455 | #include <limits.h>
  456 | #undef log1p
configure:24214: $? = 0
configure:24214: result: yes
configure:24214: checking for log2
configure:24214: gcc -o conftest    conftest.c -ldl  -lm >&5
conftest.c:465:6: warning: conflicting types for built-in function 'log2'; expected 'double(double)' [-Wbuiltin-declaration-mismatch]
  465 | char log2 ();
      |      ^~~~
conftest.c:457:1: note: 'log2' is declared in header '<math.h>'
  456 | #include <limits.h>
  457 | #undef log2
configure:24214: $? = 0
configure:24214: result: yes
configure:24229: checking whether POSIX semaphores are enabled
configure:24262: gcc -o conftest    conftest.c -ldl  >&5
configure:24262: $? = 0
configure:24262: ./conftest
configure:24262: $? = 0
configure:24274: result: yes
configure:24285: checking for broken sem_getvalue
configure:24322: gcc -o conftest    conftest.c -ldl  >&5
configure:24322: $? = 0
configure:24322: ./conftest
configure:24322: $? = 0
configure:24334: result: no
configure:24345: checking whether RTLD_LAZY is declared
configure:24345: gcc -c    conftest.c >&5
configure:24345: $? = 0
configure:24345: result: yes
configure:24354: checking whether RTLD_NOW is declared
configure:24354: gcc -c    conftest.c >&5
configure:24354: $? = 0
configure:24354: result: yes
configure:24363: checking whether RTLD_GLOBAL is declared
configure:24363: gcc -c    conftest.c >&5
configure:24363: $? = 0
configure:24363: result: yes
configure:24372: checking whether RTLD_LOCAL is declared
configure:24372: gcc -c    conftest.c >&5
configure:24372: $? = 0
configure:24372: result: yes
configure:24381: checking whether RTLD_NODELETE is declared
configure:24381: gcc -c    conftest.c >&5
configure:24381: $? = 0
configure:24381: result: yes
configure:24390: checking whether RTLD_NOLOAD is declared
configure:24390: gcc -c    conftest.c >&5
configure:24390: $? = 0
configure:24390: result: yes
configure:24399: checking whether RTLD_DEEPBIND is declared
configure:24399: gcc -c    conftest.c >&5
configure:24399: $? = 0
configure:24399: result: yes
configure:24408: checking whether RTLD_MEMBER is declared
configure:24408: gcc -c    conftest.c >&5
conftest.c: In function 'main':
conftest.c:466:10: error: 'RTLD_MEMBER' undeclared (first use in this function)
  466 |   (void) RTLD_MEMBER;
      |          ^~~~~~~~~~~
conftest.c:466:10: note: each undeclared identifier is reported only once for each function it appears in
configure:24408: $? = 1
configure: failed program was:
| /* confdefs.h */
| #define _NETBSD_SOURCE 1
| #define __BSD_VISIBLE 1
| #define _DARWIN_C_SOURCE 1
| #define _PYTHONFRAMEWORK ""
| #define _XOPEN_SOURCE 700
| #define _XOPEN_SOURCE_EXTENDED 1
| #define _POSIX_C_SOURCE 200809L
| #define HAVE_STDIO_H 1
| #define HAVE_STDLIB_H 1
| #define HAVE_STRING_H 1
| #define HAVE_INTTYPES_H 1
| #define HAVE_STDINT_H 1
| #define HAVE_STRINGS_H 1
| #define HAVE_SYS_STAT_H 1
| #define HAVE_SYS_TYPES_H 1
| #define HAVE_UNISTD_H 1
| #define HAVE_WCHAR_H 1
| #define STDC_HEADERS 1
| #define _ALL_SOURCE 1
| #define _DARWIN_C_SOURCE 1
| #define _GNU_SOURCE 1
| #define _HPUX_ALT_XOPEN_SOCKET_API 1
| #define _NETBSD_SOURCE 1
| #define _OPENBSD_SOURCE 1
| #define _POSIX_PTHREAD_SEMANTICS 1
| #define __STDC_WANT_IEC_60559_ATTRIBS_EXT__ 1
| #define __STDC_WANT_IEC_60559_BFP_EXT__ 1
| #define __STDC_WANT_IEC_60559_DFP_EXT__ 1
| #define __STDC_WANT_IEC_60559_FUNCS_EXT__ 1
| #define __STDC_WANT_IEC_60559_TYPES_EXT__ 1
| #define __STDC_WANT_LIB_EXT2__ 1
| #define __STDC_WANT_MATH_SPEC_FUNCS__ 1
| #define _TANDEM_SOURCE 1
| #define __EXTENSIONS__ 1
| #define PY_SUPPORT_TIER 1
| #define STDC_HEADERS 1
| #define HAVE_ALLOCA_H 1
| #define HAVE_ASM_TYPES_H 1
| #define HAVE_DLFCN_H 1
| #define HAVE_ENDIAN_H 1
| #define HAVE_ERRNO_H 1
| #define HAVE_FCNTL_H 1
| #define HAVE_GRP_H 1
| #define HAVE_LANGINFO_H 1
| #define HAVE_LIBINTL_H 1
| #define HAVE_LINUX_AUXVEC_H 1
| #define HAVE_SYS_AUXV_H 1
| #define HAVE_LINUX_FS_H 1
| #define HAVE_LINUX_LIMITS_H 1
| #define HAVE_LINUX_MEMFD_H 1
| #define HAVE_LINUX_RANDOM_H 1
| #define HAVE_LINUX_SOUNDCARD_H 1
| #define HAVE_LINUX_TIPC_H 1
| #define HAVE_LINUX_WAIT_H 1
| #define HAVE_NETDB_H 1
| #define HAVE_NET_ETHERNET_H 1
| #define HAVE_NETINET_IN_H 1
| #define HAVE_NETPACKET_PACKET_H 1
| #define HAVE_POLL_H 1
| #define HAVE_PTHREAD_H 1
| #define HAVE_PTY_H 1
| #define HAVE_SCHED_H 1
| #define HAVE_SETJMP_H 1
| #define HAVE_SHADOW_H 1
| #define HAVE_SIGNAL_H 1
| #define HAVE_SPAWN_H 1
| #define HAVE_SYS_EPOLL_H 1
| #define HAVE_SYS_EVENTFD_H 1
| #define HAVE_SYS_FILE_H 1
| #define HAVE_SYS_IOCTL_H 1
| #define HAVE_SYS_MMAN_H 1
| #define HAVE_SYS_PARAM_H 1
| #define HAVE_SYS_PIDFD_H 1
| #define HAVE_SYS_POLL_H 1
| #define HAVE_SYS_RANDOM_H 1
| #define HAVE_SYS_RESOURCE_H 1
| #define HAVE_SYS_SELECT_H 1
| #define HAVE_SYS_SENDFILE_H 1
| #define HAVE_SYS_SOCKET_H 1
| #define HAVE_SYS_SOUNDCARD_H 1
| #define HAVE_SYS_STAT_H 1
| #define HAVE_SYS_STATVFS_H 1
| #define HAVE_SYS_SYSCALL_H 1
| #define HAVE_SYS_SYSMACROS_H 1
| #define HAVE_SYS_TIME_H 1
| #define HAVE_SYS_TIMES_H 1
| #define HAVE_SYS_TIMERFD_H 1
| #define HAVE_SYS_TYPES_H 1
| #define HAVE_SYS_UIO_H 1
| #define HAVE_SYS_UN_H 1
| #define HAVE_SYS_UTSNAME_H 1
| #define HAVE_SYS_WAIT_H 1
| #define HAVE_SYS_XATTR_H 1
| #define HAVE_SYSEXITS_H 1
| #define HAVE_SYSLOG_H 1
| #define HAVE_TERMIOS_H 1
| #define HAVE_UTIME_H 1
| #define HAVE_UTMP_H 1
| #define HAVE_DIRENT_H 1
| #define MAJOR_IN_SYSMACROS 1
| #define HAVE_NET_IF_H 1
| #define HAVE_LINUX_NETLINK_H 1
| #define HAVE_LINUX_QRTR_H 1
| #define HAVE_LINUX_VM_SOCKETS_H 1
| #define HAVE_LINUX_CAN_H 1
| #define HAVE_LINUX_CAN_BCM_H 1
| #define HAVE_LINUX_CAN_J1939_H 1
| #define HAVE_LINUX_CAN_RAW_H 1
| #define HAVE_CLOCK_T 1
| #define HAVE_MAKEDEV 1
| #define HAVE_HTOLE64 1
| #define _LARGEFILE_SOURCE 1
| #define _FILE_OFFSET_BITS 64
| #if defined(SCO_DS)
| #undef _OFF_T
| #endif
| #define RETSIGTYPE void
| #define HAVE_SSIZE_T 1
| #define HAVE___UINT128_T 1
| #define HAVE_GCC_UINT128_T 1
| #define SIZEOF_INT 4
| #define SIZEOF_LONG 8
| #define ALIGNOF_LONG 8
| #define SIZEOF_LONG_LONG 8
| #define SIZEOF_VOID_P 8
| #define SIZEOF_SHORT 2
| #define SIZEOF_FLOAT 4
| #define SIZEOF_DOUBLE 8
| #define SIZEOF_FPOS_T 16
| #define SIZEOF_SIZE_T 8
| #define ALIGNOF_SIZE_T 8
| #define SIZEOF_PID_T 4
| #define SIZEOF_UINTPTR_T 8
| #define ALIGNOF_MAX_ALIGN_T 16
| #define HAVE_LONG_DOUBLE 1
| #define SIZEOF_LONG_DOUBLE 16
| #define SIZEOF__BOOL 1
| #define SIZEOF_OFF_T 8
| #define SIZEOF_TIME_T 8
| #define SIZEOF_PTHREAD_T 8
| #define SIZEOF_PTHREAD_KEY_T 4
| #define PTHREAD_KEY_T_IS_COMPATIBLE_WITH_INT 1
| #define PY_HAVE_PERF_TRAMPOLINE 1
| #define HAVE_LIBDL 1
| #define HAVE_FFI_PREP_CIF_VAR 1
| #define HAVE_FFI_PREP_CLOSURE_LOC 1
| #define HAVE_FFI_CLOSURE_ALLOC 1
| #define WITH_DECIMAL_CONTEXTVAR 1
| #define HAVE_LIBSQLITE3 1
| #define HAVE_LIBSQLITE3 1
| #define HAVE_LIBSQLITE3 1
| #define HAVE_LIBSQLITE3 1
| #define HAVE_LIBSQLITE3 1
| #define HAVE_LIBSQLITE3 1
| #define HAVE_LIBSQLITE3 1
| #define HAVE_LIBSQLITE3 1
| #define HAVE_LIBSQLITE3 1
| #define PY_SQLITE_HAVE_SERIALIZE 1
| #define _REENTRANT 1
| #define PTHREAD_SYSTEM_SCHED_SUPPORTED 1
| #define HAVE_PTHREAD_SIGMASK 1
| #define HAVE_PTHREAD_GETCPUCLOCKID 1
| #define ENABLE_IPV6 1
| #define HAVE_LINUX_CAN_RAW_FD_FRAMES 1
| #define HAVE_LINUX_CAN_RAW_JOIN_FILTERS 1
| #define WITH_DOC_STRINGS 1
| #define HAVE_STD_ATOMIC 1
| #define HAVE_BUILTIN_ATOMIC 1
| #define WITH_MIMALLOC 1
| #define WITH_PYMALLOC 1
| #define WITH_FREELISTS 1
| #define PY_COERCE_C_LOCALE 1
| #define HAVE_DLOPEN 1
| #define HAVE_DYNAMIC_LOADING 1
| #define HAVE_ACCEPT4 1
| #define HAVE_ALARM 1
| #define HAVE_BIND_TEXTDOMAIN_CODESET 1
| #define HAVE_CHMOD 1
| #define HAVE_CHOWN 1
| #define HAVE_CLOCK 1
| #define HAVE_CLOSEFROM 1
| #define HAVE_CLOSE_RANGE 1
| #define HAVE_CONFSTR 1
| #define HAVE_COPY_FILE_RANGE 1
| #define HAVE_CTERMID 1
| #define HAVE_DUP 1
| #define HAVE_DUP3 1
| #define HAVE_EXECV 1
| #define HAVE_EXPLICIT_BZERO 1
| #define HAVE_FACCESSAT 1
| #define HAVE_FCHMOD 1
| #define HAVE_FCHMODAT 1
| #define HAVE_FCHOWN 1
| #define HAVE_FCHOWNAT 1
| #define HAVE_FDOPENDIR 1
| #define HAVE_FEXECVE 1
| #define HAVE_FORK 1
| #define HAVE_FPATHCONF 1
| #define HAVE_FSTATAT 1
| #define HAVE_FTIME 1
| #define HAVE_FTRUNCATE 1
| #define HAVE_FUTIMENS 1
| #define HAVE_FUTIMES 1
| #define HAVE_FUTIMESAT 1
| #define HAVE_GAI_STRERROR 1
| #define HAVE_GETEGID 1
| #define HAVE_GETEUID 1
| #define HAVE_GETGID 1
| #define HAVE_GETGRENT 1
| #define HAVE_GETGRGID 1
| #define HAVE_GETGRGID_R 1
| #define HAVE_GETGRNAM_R 1
| #define HAVE_GETGROUPLIST 1
| #define HAVE_GETHOSTNAME 1
| #define HAVE_GETITIMER 1
| #define HAVE_GETLOADAVG 1
| #define HAVE_GETLOGIN 1
| #define HAVE_GETLOGIN_R 1
| #define HAVE_GETPEERNAME 1
| #define HAVE_GETPGID 1
| #define HAVE_GETPID 1
| #define HAVE_GETPPID 1
| #define HAVE_GETPRIORITY 1
| #define HAVE_GETPWENT 1
| #define HAVE_GETPWNAM_R 1
| #define HAVE_GETPWUID 1
| #define HAVE_GETPWUID_R 1
| #define HAVE_GETRESGID 1
| #define HAVE_GETRESUID 1
| #define HAVE_GETRUSAGE 1
| #define HAVE_GETSID 1
| #define HAVE_GETSPENT 1
| #define HAVE_GETSPNAM 1
| #define HAVE_GETUID 1
| #define HAVE_GETWD 1
| #define HAVE_GRANTPT 1
| #define HAVE_IF_NAMEINDEX 1
| #define HAVE_INITGROUPS 1
| #define HAVE_KILL 1
| #define HAVE_KILLPG 1
| #define HAVE_LCHOWN 1
| #define HAVE_LINKAT 1
| #define HAVE_LOCKF 1
| #define HAVE_LSTAT 1
| #define HAVE_LUTIMES 1
| #define HAVE_MADVISE 1
| #define HAVE_MBRTOWC 1
| #define HAVE_MEMRCHR 1
| #define HAVE_MKDIRAT 1
| #define HAVE_MKFIFO 1
| #define HAVE_MKFIFOAT 1
| #define HAVE_MKNOD 1
| #define HAVE_MKNODAT 1
| #define HAVE_MKTIME 1
| #define HAVE_MMAP 1
| #define HAVE_MREMAP 1
| #define HAVE_NICE 1
| #define HAVE_OPENAT 1
| #define HAVE_OPENDIR 1
| #define HAVE_PATHCONF 1
| #define HAVE_PAUSE 1
| #define HAVE_PIPE 1
| #define HAVE_PIPE2 1
| #define HAVE_POLL 1
| #define HAVE_POSIX_FADVISE 1
| #define HAVE_POSIX_FALLOCATE 1
| #define HAVE_POSIX_OPENPT 1
| #define HAVE_POSIX_SPAWN 1
| #define HAVE_POSIX_SPAWNP 1
| #define HAVE_POSIX_SPAWN_FILE_ACTIONS_ADDCLOSEFROM_NP 1
| #define HAVE_PREAD 1
| #define HAVE_PREADV 1
| #define HAVE_PREADV2 1
| #define HAVE_PROCESS_VM_READV 1
| #define HAVE_PTHREAD_CONDATTR_SETCLOCK 1
| #define HAVE_PTHREAD_KILL 1
| #define HAVE_PTSNAME 1
| #define HAVE_PTSNAME_R 1
| #define HAVE_PWRITE 1
| #define HAVE_PWRITEV 1
| #define HAVE_PWRITEV2 1
| #define HAVE_READLINK 1
| #define HAVE_READLINKAT 1
| #define HAVE_READV 1
| #define HAVE_REALPATH 1
| #define HAVE_RENAMEAT 1
| #define HAVE_SCHED_GET_PRIORITY_MAX 1
| #define HAVE_SCHED_RR_GET_INTERVAL 1
| #define HAVE_SCHED_SETAFFINITY 1
| #define HAVE_SCHED_SETPARAM 1
| #define HAVE_SCHED_SETSCHEDULER 1
| #define HAVE_SEM_CLOCKWAIT 1
| #define HAVE_SEM_GETVALUE 1
| #define HAVE_SEM_OPEN 1
| #define HAVE_SEM_TIMEDWAIT 1
| #define HAVE_SEM_UNLINK 1
| #define HAVE_SENDFILE 1
| #define HAVE_SETEGID 1
| #define HAVE_SETEUID 1
| #define HAVE_SETGID 1
| #define HAVE_SETHOSTNAME 1
| #define HAVE_SETITIMER 1
| #define HAVE_SETLOCALE 1
| #define HAVE_SETPGID 1
| #define HAVE_SETPGRP 1
| #define HAVE_SETPRIORITY 1
| #define HAVE_SETREGID 1
| #define HAVE_SETRESGID 1
| #define HAVE_SETRESUID 1
| #define HAVE_SETREUID 1
| #define HAVE_SETSID 1
| #define HAVE_SETUID 1
| #define HAVE_SETVBUF 1
| #define HAVE_SHUTDOWN 1
| #define HAVE_SIGACTION 1
| #define HAVE_SIGALTSTACK 1
| #define HAVE_SIGFILLSET 1
| #define HAVE_SIGINTERRUPT 1
| #define HAVE_SIGPENDING 1
| #define HAVE_SIGRELSE 1
| #define HAVE_SIGTIMEDWAIT 1
| #define HAVE_SIGWAIT 1
| #define HAVE_SIGWAITINFO 1
| #define HAVE_SNPRINTF 1
| #define HAVE_SPLICE 1
| #define HAVE_STRFTIME 1
| #define HAVE_STRSIGNAL 1
| #define HAVE_SYMLINKAT 1
| #define HAVE_SYNC 1
| #define HAVE_SYSCONF 1
| #define HAVE_TCGETPGRP 1
| #define HAVE_TCSETPGRP 1
| #define HAVE_TEMPNAM 1
| #define HAVE_TIMEGM 1
| #define HAVE_TIMES 1
| #define HAVE_TMPFILE 1
| #define HAVE_TMPNAM 1
| #define HAVE_TMPNAM_R 1
| #define HAVE_TRUNCATE 1
| #define HAVE_TTYNAME_R 1
| #define HAVE_UMASK 1
| #define HAVE_UNAME 1
| #define HAVE_UNLINKAT 1
| #define HAVE_UNLOCKPT 1
| #define HAVE_UTIMENSAT 1
| #define HAVE_UTIMES 1
| #define HAVE_VFORK 1
| #define HAVE_WAIT 1
| #define HAVE_WAIT3 1
| #define HAVE_WAIT4 1
| #define HAVE_WAITID 1
| #define HAVE_WAITPID 1
| #define HAVE_WCSCOLL 1
| #define HAVE_WCSFTIME 1
| #define HAVE_WCSXFRM 1
| #define HAVE_WMEMCMP 1
| #define HAVE_WRITEV 1
| #define HAVE_GETENTROPY 1
| #define HAVE_GETGROUPS 1
| #define HAVE_SYSTEM 1
| #define HAVE_DIRFD 1
| #define HAVE_CHROOT 1
| #define HAVE_LINK 1
| #define HAVE_SYMLINK 1
| #define HAVE_FCHDIR 1
| #define HAVE_FSYNC 1
| #define HAVE_FDATASYNC 1
| #define HAVE_EPOLL 1
| #define HAVE_EPOLL_CREATE1 1
| #define HAVE_PRLIMIT 1
| #define HAVE_MEMFD_CREATE 1
| #define HAVE_EVENTFD 1
| #define HAVE_TIMERFD_CREATE 1
| #define HAVE_FLOCK 1
| #define HAVE_GETPAGESIZE 1
| #define HAVE_ZLIB_COPY 1
| #define HAVE_BZLIB_H 1
| #define HAVE_HSTRERROR 1
| #define HAVE_GETSERVBYNAME 1
| #define HAVE_GETSERVBYPORT 1
| #define HAVE_GETHOSTBYNAME 1
| #define HAVE_GETHOSTBYADDR 1
| #define HAVE_GETPROTOBYNAME 1
| #define HAVE_INET_ATON 1
| #define HAVE_INET_NTOA 1
| #define HAVE_INET_PTON 1
| #define HAVE_GETPEERNAME 1
| #define HAVE_GETSOCKNAME 1
| #define HAVE_ACCEPT 1
| #define HAVE_BIND 1
| #define HAVE_CONNECT 1
| #define HAVE_LISTEN 1
| #define HAVE_RECVFROM 1
| #define HAVE_SENDTO 1
| #define HAVE_SETSOCKOPT 1
| #define HAVE_SOCKET 1
| #define HAVE_SETGROUPS 1
| #define HAVE_DECL_UT_NAMESIZE 1
| #define HAVE_UT_NAMESIZE 1
| #define HAVE_OPENPTY 1
| #define HAVE_LOGIN_TTY 1
| #define HAVE_FORKPTY 1
| #define HAVE_FSEEKO 1
| #define HAVE_FSTATVFS 1
| #define HAVE_FTELLO 1
| #define HAVE_STATVFS 1
| #define HAVE_DUP2 1
| #define HAVE_GETPGRP 1
| #define HAVE_SETPGRP 1
| #define HAVE_SETNS 1
| #define HAVE_UNSHARE 1
| #define HAVE_CLOCK_GETTIME 1
| #define HAVE_CLOCK_GETRES 1
| #define HAVE_CLOCK_SETTIME 1
| #define HAVE_CLOCK_NANOSLEEP 1
| #define HAVE_NANOSLEEP 1
| #define HAVE_DEVICE_MACROS 1
| #define SYS_SELECT_WITH_SYS_TIME 1
| #define HAVE_GETADDRINFO 1
| #define HAVE_GETNAMEINFO 1
| #define HAVE_STRUCT_TM_TM_ZONE 1
| #define HAVE_TM_ZONE 1
| #define HAVE_STRUCT_STAT_ST_RDEV 1
| #define HAVE_STRUCT_STAT_ST_BLKSIZE 1
| #define HAVE_STRUCT_STAT_ST_BLOCKS 1
| #define HAVE_STRUCT_PASSWD_PW_GECOS 1
| #define HAVE_STRUCT_PASSWD_PW_PASSWD 1
| #define HAVE_SIGINFO_T_SI_BAND 1
| #define HAVE_ADDRINFO 1
| #define HAVE_SOCKADDR_STORAGE 1
| #define HAVE_SOCKADDR_ALG 1
| #define HAVE_PROTOTYPES 1
| #define HAVE_SOCKETPAIR 1
| #define HAVE_GETHOSTBYNAME_R 1
| #define HAVE_GETHOSTBYNAME_R 1
| #define HAVE_GETHOSTBYNAME_R_6_ARG 1
| #define HAVE_GCC_ASM_FOR_X64 1
| #define DOUBLE_IS_LITTLE_ENDIAN_IEEE754 1
| #define HAVE_GCC_ASM_FOR_X87 1
| #define HAVE_ACOSH 1
| #define HAVE_ASINH 1
| #define HAVE_ATANH 1
| #define HAVE_ERF 1
| #define HAVE_ERFC 1
| #define HAVE_EXPM1 1
| #define HAVE_LOG1P 1
| #define HAVE_LOG2 1
| #define HAVE_DECL_RTLD_LAZY 1
| #define HAVE_DECL_RTLD_NOW 1
| #define HAVE_DECL_RTLD_GLOBAL 1
| #define HAVE_DECL_RTLD_LOCAL 1
| #define HAVE_DECL_RTLD_NODELETE 1
| #define HAVE_DECL_RTLD_NOLOAD 1
| #define HAVE_DECL_RTLD_DEEPBIND 1
| /* end confdefs.h.  */
| #include <dlfcn.h>
| 
| int
| main (void)
| {
| #ifndef RTLD_MEMBER
| #ifdef __cplusplus
|   (void) RTLD_MEMBER;
| #else
|   (void) RTLD_MEMBER;
| #endif
| #endif
| 
|   ;
|   return 0;
| }
configure:24408: result: no
configure:24420: checking digit size for Python's longs
configure:24442: result: no value specified
configure:24448: checking for wchar.h
configure:24448: result: yes
configure:24470: checking size of wchar_t
configure:24476: gcc -o conftest    conftest.c -ldl  >&5
configure:24476: $? = 0
configure:24476: ./conftest
configure:24476: $? = 0
configure:24492: result: 4
configure:24506: checking whether wchar_t is signed
configure:24528: gcc -o conftest    conftest.c -ldl  >&5
configure:24528: $? = 0
configure:24528: ./conftest
configure:24528: $? = 0
configure:24539: result: yes
configure:24543: checking whether wchar_t is usable
configure:24555: result: no
configure:24576: checking whether byte ordering is bigendian
configure:24592: gcc -c   conftest.c >&5
conftest.c:461:16: error: unknown type name 'not'
  461 |                not a universal capable compiler
      |                ^~~
conftest.c:461:22: error: expected '=', ',', ';', 'asm' or '__attribute__' before 'universal'
  461 |                not a universal capable compiler
      |                      ^~~~~~~~~
conftest.c:461:22: error: unknown type name 'universal'
configure:24592: $? = 1
configure: failed program was:
| /* confdefs.h */
| #define _NETBSD_SOURCE 1
| #define __BSD_VISIBLE 1
| #define _DARWIN_C_SOURCE 1
| #define _PYTHONFRAMEWORK ""
| #define _XOPEN_SOURCE 700
| #define _XOPEN_SOURCE_EXTENDED 1
| #define _POSIX_C_SOURCE 200809L
| #define HAVE_STDIO_H 1
| #define HAVE_STDLIB_H 1
| #define HAVE_STRING_H 1
| #define HAVE_INTTYPES_H 1
| #define HAVE_STDINT_H 1
| #define HAVE_STRINGS_H 1
| #define HAVE_SYS_STAT_H 1
| #define HAVE_SYS_TYPES_H 1
| #define HAVE_UNISTD_H 1
| #define HAVE_WCHAR_H 1
| #define STDC_HEADERS 1
| #define _ALL_SOURCE 1
| #define _DARWIN_C_SOURCE 1
| #define _GNU_SOURCE 1
| #define _HPUX_ALT_XOPEN_SOCKET_API 1
| #define _NETBSD_SOURCE 1
| #define _OPENBSD_SOURCE 1
| #define _POSIX_PTHREAD_SEMANTICS 1
| #define __STDC_WANT_IEC_60559_ATTRIBS_EXT__ 1
| #define __STDC_WANT_IEC_60559_BFP_EXT__ 1
| #define __STDC_WANT_IEC_60559_DFP_EXT__ 1
| #define __STDC_WANT_IEC_60559_FUNCS_EXT__ 1
| #define __STDC_WANT_IEC_60559_TYPES_EXT__ 1
| #define __STDC_WANT_LIB_EXT2__ 1
| #define __STDC_WANT_MATH_SPEC_FUNCS__ 1
| #define _TANDEM_SOURCE 1
| #define __EXTENSIONS__ 1
| #define PY_SUPPORT_TIER 1
| #define STDC_HEADERS 1
| #define HAVE_ALLOCA_H 1
| #define HAVE_ASM_TYPES_H 1
| #define HAVE_DLFCN_H 1
| #define HAVE_ENDIAN_H 1
| #define HAVE_ERRNO_H 1
| #define HAVE_FCNTL_H 1
| #define HAVE_GRP_H 1
| #define HAVE_LANGINFO_H 1
| #define HAVE_LIBINTL_H 1
| #define HAVE_LINUX_AUXVEC_H 1
| #define HAVE_SYS_AUXV_H 1
| #define HAVE_LINUX_FS_H 1
| #define HAVE_LINUX_LIMITS_H 1
| #define HAVE_LINUX_MEMFD_H 1
| #define HAVE_LINUX_RANDOM_H 1
| #define HAVE_LINUX_SOUNDCARD_H 1
| #define HAVE_LINUX_TIPC_H 1
| #define HAVE_LINUX_WAIT_H 1
| #define HAVE_NETDB_H 1
| #define HAVE_NET_ETHERNET_H 1
| #define HAVE_NETINET_IN_H 1
| #define HAVE_NETPACKET_PACKET_H 1
| #define HAVE_POLL_H 1
| #define HAVE_PTHREAD_H 1
| #define HAVE_PTY_H 1
| #define HAVE_SCHED_H 1
| #define HAVE_SETJMP_H 1
| #define HAVE_SHADOW_H 1
| #define HAVE_SIGNAL_H 1
| #define HAVE_SPAWN_H 1
| #define HAVE_SYS_EPOLL_H 1
| #define HAVE_SYS_EVENTFD_H 1
| #define HAVE_SYS_FILE_H 1
| #define HAVE_SYS_IOCTL_H 1
| #define HAVE_SYS_MMAN_H 1
| #define HAVE_SYS_PARAM_H 1
| #define HAVE_SYS_PIDFD_H 1
| #define HAVE_SYS_POLL_H 1
| #define HAVE_SYS_RANDOM_H 1
| #define HAVE_SYS_RESOURCE_H 1
| #define HAVE_SYS_SELECT_H 1
| #define HAVE_SYS_SENDFILE_H 1
| #define HAVE_SYS_SOCKET_H 1
| #define HAVE_SYS_SOUNDCARD_H 1
| #define HAVE_SYS_STAT_H 1
| #define HAVE_SYS_STATVFS_H 1
| #define HAVE_SYS_SYSCALL_H 1
| #define HAVE_SYS_SYSMACROS_H 1
| #define HAVE_SYS_TIME_H 1
| #define HAVE_SYS_TIMES_H 1
| #define HAVE_SYS_TIMERFD_H 1
| #define HAVE_SYS_TYPES_H 1
| #define HAVE_SYS_UIO_H 1
| #define HAVE_SYS_UN_H 1
| #define HAVE_SYS_UTSNAME_H 1
| #define HAVE_SYS_WAIT_H 1
| #define HAVE_SYS_XATTR_H 1
| #define HAVE_SYSEXITS_H 1
| #define HAVE_SYSLOG_H 1
| #define HAVE_TERMIOS_H 1
| #define HAVE_UTIME_H 1
| #define HAVE_UTMP_H 1
| #define HAVE_DIRENT_H 1
| #define MAJOR_IN_SYSMACROS 1
| #define HAVE_NET_IF_H 1
| #define HAVE_LINUX_NETLINK_H 1
| #define HAVE_LINUX_QRTR_H 1
| #define HAVE_LINUX_VM_SOCKETS_H 1
| #define HAVE_LINUX_CAN_H 1
| #define HAVE_LINUX_CAN_BCM_H 1
| #define HAVE_LINUX_CAN_J1939_H 1
| #define HAVE_LINUX_CAN_RAW_H 1
| #define HAVE_CLOCK_T 1
| #define HAVE_MAKEDEV 1
| #define HAVE_HTOLE64 1
| #define _LARGEFILE_SOURCE 1
| #define _FILE_OFFSET_BITS 64
| #if defined(SCO_DS)
| #undef _OFF_T
| #endif
| #define RETSIGTYPE void
| #define HAVE_SSIZE_T 1
| #define HAVE___UINT128_T 1
| #define HAVE_GCC_UINT128_T 1
| #define SIZEOF_INT 4
| #define SIZEOF_LONG 8
| #define ALIGNOF_LONG 8
| #define SIZEOF_LONG_LONG 8
| #define SIZEOF_VOID_P 8
| #define SIZEOF_SHORT 2
| #define SIZEOF_FLOAT 4
| #define SIZEOF_DOUBLE 8
| #define SIZEOF_FPOS_T 16
| #define SIZEOF_SIZE_T 8
| #define ALIGNOF_SIZE_T 8
| #define SIZEOF_PID_T 4
| #define SIZEOF_UINTPTR_T 8
| #define ALIGNOF_MAX_ALIGN_T 16
| #define HAVE_LONG_DOUBLE 1
| #define SIZEOF_LONG_DOUBLE 16
| #define SIZEOF__BOOL 1
| #define SIZEOF_OFF_T 8
| #define SIZEOF_TIME_T 8
| #define SIZEOF_PTHREAD_T 8
| #define SIZEOF_PTHREAD_KEY_T 4
| #define PTHREAD_KEY_T_IS_COMPATIBLE_WITH_INT 1
| #define PY_HAVE_PERF_TRAMPOLINE 1
| #define HAVE_LIBDL 1
| #define HAVE_FFI_PREP_CIF_VAR 1
| #define HAVE_FFI_PREP_CLOSURE_LOC 1
| #define HAVE_FFI_CLOSURE_ALLOC 1
| #define WITH_DECIMAL_CONTEXTVAR 1
| #define HAVE_LIBSQLITE3 1
| #define HAVE_LIBSQLITE3 1
| #define HAVE_LIBSQLITE3 1
| #define HAVE_LIBSQLITE3 1
| #define HAVE_LIBSQLITE3 1
| #define HAVE_LIBSQLITE3 1
| #define HAVE_LIBSQLITE3 1
| #define HAVE_LIBSQLITE3 1
| #define HAVE_LIBSQLITE3 1
| #define PY_SQLITE_HAVE_SERIALIZE 1
| #define _REENTRANT 1
| #define PTHREAD_SYSTEM_SCHED_SUPPORTED 1
| #define HAVE_PTHREAD_SIGMASK 1
| #define HAVE_PTHREAD_GETCPUCLOCKID 1
| #define ENABLE_IPV6 1
| #define HAVE_LINUX_CAN_RAW_FD_FRAMES 1
| #define HAVE_LINUX_CAN_RAW_JOIN_FILTERS 1
| #define WITH_DOC_STRINGS 1
| #define HAVE_STD_ATOMIC 1
| #define HAVE_BUILTIN_ATOMIC 1
| #define WITH_MIMALLOC 1
| #define WITH_PYMALLOC 1
| #define WITH_FREELISTS 1
| #define PY_COERCE_C_LOCALE 1
| #define HAVE_DLOPEN 1
| #define HAVE_DYNAMIC_LOADING 1
| #define HAVE_ACCEPT4 1
| #define HAVE_ALARM 1
| #define HAVE_BIND_TEXTDOMAIN_CODESET 1
| #define HAVE_CHMOD 1
| #define HAVE_CHOWN 1
| #define HAVE_CLOCK 1
| #define HAVE_CLOSEFROM 1
| #define HAVE_CLOSE_RANGE 1
| #define HAVE_CONFSTR 1
| #define HAVE_COPY_FILE_RANGE 1
| #define HAVE_CTERMID 1
| #define HAVE_DUP 1
| #define HAVE_DUP3 1
| #define HAVE_EXECV 1
| #define HAVE_EXPLICIT_BZERO 1
| #define HAVE_FACCESSAT 1
| #define HAVE_FCHMOD 1
| #define HAVE_FCHMODAT 1
| #define HAVE_FCHOWN 1
| #define HAVE_FCHOWNAT 1
| #define HAVE_FDOPENDIR 1
| #define HAVE_FEXECVE 1
| #define HAVE_FORK 1
| #define HAVE_FPATHCONF 1
| #define HAVE_FSTATAT 1
| #define HAVE_FTIME 1
| #define HAVE_FTRUNCATE 1
| #define HAVE_FUTIMENS 1
| #define HAVE_FUTIMES 1
| #define HAVE_FUTIMESAT 1
| #define HAVE_GAI_STRERROR 1
| #define HAVE_GETEGID 1
| #define HAVE_GETEUID 1
| #define HAVE_GETGID 1
| #define HAVE_GETGRENT 1
| #define HAVE_GETGRGID 1
| #define HAVE_GETGRGID_R 1
| #define HAVE_GETGRNAM_R 1
| #define HAVE_GETGROUPLIST 1
| #define HAVE_GETHOSTNAME 1
| #define HAVE_GETITIMER 1
| #define HAVE_GETLOADAVG 1
| #define HAVE_GETLOGIN 1
| #define HAVE_GETLOGIN_R 1
| #define HAVE_GETPEERNAME 1
| #define HAVE_GETPGID 1
| #define HAVE_GETPID 1
| #define HAVE_GETPPID 1
| #define HAVE_GETPRIORITY 1
| #define HAVE_GETPWENT 1
| #define HAVE_GETPWNAM_R 1
| #define HAVE_GETPWUID 1
| #define HAVE_GETPWUID_R 1
| #define HAVE_GETRESGID 1
| #define HAVE_GETRESUID 1
| #define HAVE_GETRUSAGE 1
| #define HAVE_GETSID 1
| #define HAVE_GETSPENT 1
| #define HAVE_GETSPNAM 1
| #define HAVE_GETUID 1
| #define HAVE_GETWD 1
| #define HAVE_GRANTPT 1
| #define HAVE_IF_NAMEINDEX 1
| #define HAVE_INITGROUPS 1
| #define HAVE_KILL 1
| #define HAVE_KILLPG 1
| #define HAVE_LCHOWN 1
| #define HAVE_LINKAT 1
| #define HAVE_LOCKF 1
| #define HAVE_LSTAT 1
| #define HAVE_LUTIMES 1
| #define HAVE_MADVISE 1
| #define HAVE_MBRTOWC 1
| #define HAVE_MEMRCHR 1
| #define HAVE_MKDIRAT 1
| #define HAVE_MKFIFO 1
| #define HAVE_MKFIFOAT 1
| #define HAVE_MKNOD 1
| #define HAVE_MKNODAT 1
| #define HAVE_MKTIME 1
| #define HAVE_MMAP 1
| #define HAVE_MREMAP 1
| #define HAVE_NICE 1
| #define HAVE_OPENAT 1
| #define HAVE_OPENDIR 1
| #define HAVE_PATHCONF 1
| #define HAVE_PAUSE 1
| #define HAVE_PIPE 1
| #define HAVE_PIPE2 1
| #define HAVE_POLL 1
| #define HAVE_POSIX_FADVISE 1
| #define HAVE_POSIX_FALLOCATE 1
| #define HAVE_POSIX_OPENPT 1
| #define HAVE_POSIX_SPAWN 1
| #define HAVE_POSIX_SPAWNP 1
| #define HAVE_POSIX_SPAWN_FILE_ACTIONS_ADDCLOSEFROM_NP 1
| #define HAVE_PREAD 1
| #define HAVE_PREADV 1
| #define HAVE_PREADV2 1
| #define HAVE_PROCESS_VM_READV 1
| #define HAVE_PTHREAD_CONDATTR_SETCLOCK 1
| #define HAVE_PTHREAD_KILL 1
| #define HAVE_PTSNAME 1
| #define HAVE_PTSNAME_R 1
| #define HAVE_PWRITE 1
| #define HAVE_PWRITEV 1
| #define HAVE_PWRITEV2 1
| #define HAVE_READLINK 1
| #define HAVE_READLINKAT 1
| #define HAVE_READV 1
| #define HAVE_REALPATH 1
| #define HAVE_RENAMEAT 1
| #define HAVE_SCHED_GET_PRIORITY_MAX 1
| #define HAVE_SCHED_RR_GET_INTERVAL 1
| #define HAVE_SCHED_SETAFFINITY 1
| #define HAVE_SCHED_SETPARAM 1
| #define HAVE_SCHED_SETSCHEDULER 1
| #define HAVE_SEM_CLOCKWAIT 1
| #define HAVE_SEM_GETVALUE 1
| #define HAVE_SEM_OPEN 1
| #define HAVE_SEM_TIMEDWAIT 1
| #define HAVE_SEM_UNLINK 1
| #define HAVE_SENDFILE 1
| #define HAVE_SETEGID 1
| #define HAVE_SETEUID 1
| #define HAVE_SETGID 1
| #define HAVE_SETHOSTNAME 1
| #define HAVE_SETITIMER 1
| #define HAVE_SETLOCALE 1
| #define HAVE_SETPGID 1
| #define HAVE_SETPGRP 1
| #define HAVE_SETPRIORITY 1
| #define HAVE_SETREGID 1
| #define HAVE_SETRESGID 1
| #define HAVE_SETRESUID 1
| #define HAVE_SETREUID 1
| #define HAVE_SETSID 1
| #define HAVE_SETUID 1
| #define HAVE_SETVBUF 1
| #define HAVE_SHUTDOWN 1
| #define HAVE_SIGACTION 1
| #define HAVE_SIGALTSTACK 1
| #define HAVE_SIGFILLSET 1
| #define HAVE_SIGINTERRUPT 1
| #define HAVE_SIGPENDING 1
| #define HAVE_SIGRELSE 1
| #define HAVE_SIGTIMEDWAIT 1
| #define HAVE_SIGWAIT 1
| #define HAVE_SIGWAITINFO 1
| #define HAVE_SNPRINTF 1
| #define HAVE_SPLICE 1
| #define HAVE_STRFTIME 1
| #define HAVE_STRSIGNAL 1
| #define HAVE_SYMLINKAT 1
| #define HAVE_SYNC 1
| #define HAVE_SYSCONF 1
| #define HAVE_TCGETPGRP 1
| #define HAVE_TCSETPGRP 1
| #define HAVE_TEMPNAM 1
| #define HAVE_TIMEGM 1
| #define HAVE_TIMES 1
| #define HAVE_TMPFILE 1
| #define HAVE_TMPNAM 1
| #define HAVE_TMPNAM_R 1
| #define HAVE_TRUNCATE 1
| #define HAVE_TTYNAME_R 1
| #define HAVE_UMASK 1
| #define HAVE_UNAME 1
| #define HAVE_UNLINKAT 1
| #define HAVE_UNLOCKPT 1
| #define HAVE_UTIMENSAT 1
| #define HAVE_UTIMES 1
| #define HAVE_VFORK 1
| #define HAVE_WAIT 1
| #define HAVE_WAIT3 1
| #define HAVE_WAIT4 1
| #define HAVE_WAITID 1
| #define HAVE_WAITPID 1
| #define HAVE_WCSCOLL 1
| #define HAVE_WCSFTIME 1
| #define HAVE_WCSXFRM 1
| #define HAVE_WMEMCMP 1
| #define HAVE_WRITEV 1
| #define HAVE_GETENTROPY 1
| #define HAVE_GETGROUPS 1
| #define HAVE_SYSTEM 1
| #define HAVE_DIRFD 1
| #define HAVE_CHROOT 1
| #define HAVE_LINK 1
| #define HAVE_SYMLINK 1
| #define HAVE_FCHDIR 1
| #define HAVE_FSYNC 1
| #define HAVE_FDATASYNC 1
| #define HAVE_EPOLL 1
| #define HAVE_EPOLL_CREATE1 1
| #define HAVE_PRLIMIT 1
| #define HAVE_MEMFD_CREATE 1
| #define HAVE_EVENTFD 1
| #define HAVE_TIMERFD_CREATE 1
| #define HAVE_FLOCK 1
| #define HAVE_GETPAGESIZE 1
| #define HAVE_ZLIB_COPY 1
| #define HAVE_BZLIB_H 1
| #define HAVE_HSTRERROR 1
| #define HAVE_GETSERVBYNAME 1
| #define HAVE_GETSERVBYPORT 1
| #define HAVE_GETHOSTBYNAME 1
| #define HAVE_GETHOSTBYADDR 1
| #define HAVE_GETPROTOBYNAME 1
| #define HAVE_INET_ATON 1
| #define HAVE_INET_NTOA 1
| #define HAVE_INET_PTON 1
| #define HAVE_GETPEERNAME 1
| #define HAVE_GETSOCKNAME 1
| #define HAVE_ACCEPT 1
| #define HAVE_BIND 1
| #define HAVE_CONNECT 1
| #define HAVE_LISTEN 1
| #define HAVE_RECVFROM 1
| #define HAVE_SENDTO 1
| #define HAVE_SETSOCKOPT 1
| #define HAVE_SOCKET 1
| #define HAVE_SETGROUPS 1
| #define HAVE_DECL_UT_NAMESIZE 1
| #define HAVE_UT_NAMESIZE 1
| #define HAVE_OPENPTY 1
| #define HAVE_LOGIN_TTY 1
| #define HAVE_FORKPTY 1
| #define HAVE_FSEEKO 1
| #define HAVE_FSTATVFS 1
| #define HAVE_FTELLO 1
| #define HAVE_STATVFS 1
| #define HAVE_DUP2 1
| #define HAVE_GETPGRP 1
| #define HAVE_SETPGRP 1
| #define HAVE_SETNS 1
| #define HAVE_UNSHARE 1
| #define HAVE_CLOCK_GETTIME 1
| #define HAVE_CLOCK_GETRES 1
| #define HAVE_CLOCK_SETTIME 1
| #define HAVE_CLOCK_NANOSLEEP 1
| #define HAVE_NANOSLEEP 1
| #define HAVE_DEVICE_MACROS 1
| #define SYS_SELECT_WITH_SYS_TIME 1
| #define HAVE_GETADDRINFO 1
| #define HAVE_GETNAMEINFO 1
| #define HAVE_STRUCT_TM_TM_ZONE 1
| #define HAVE_TM_ZONE 1
| #define HAVE_STRUCT_STAT_ST_RDEV 1
| #define HAVE_STRUCT_STAT_ST_BLKSIZE 1
| #define HAVE_STRUCT_STAT_ST_BLOCKS 1
| #define HAVE_STRUCT_PASSWD_PW_GECOS 1
| #define HAVE_STRUCT_PASSWD_PW_PASSWD 1
| #define HAVE_SIGINFO_T_SI_BAND 1
| #define HAVE_ADDRINFO 1
| #define HAVE_SOCKADDR_STORAGE 1
| #define HAVE_SOCKADDR_ALG 1
| #define HAVE_PROTOTYPES 1
| #define HAVE_SOCKETPAIR 1
| #define HAVE_GETHOSTBYNAME_R 1
| #define HAVE_GETHOSTBYNAME_R 1
| #define HAVE_GETHOSTBYNAME_R_6_ARG 1
| #define HAVE_GCC_ASM_FOR_X64 1
| #define DOUBLE_IS_LITTLE_ENDIAN_IEEE754 1
| #define HAVE_GCC_ASM_FOR_X87 1
| #define HAVE_ACOSH 1
| #define HAVE_ASINH 1
| #define HAVE_ATANH 1
| #define HAVE_ERF 1
| #define HAVE_ERFC 1
| #define HAVE_EXPM1 1
| #define HAVE_LOG1P 1
| #define HAVE_LOG2 1
| #define HAVE_DECL_RTLD_LAZY 1
| #define HAVE_DECL_RTLD_NOW 1
| #define HAVE_DECL_RTLD_GLOBAL 1
| #define HAVE_DECL_RTLD_LOCAL 1
| #define HAVE_DECL_RTLD_NODELETE 1
| #define HAVE_DECL_RTLD_NOLOAD 1
| #define HAVE_DECL_RTLD_DEEPBIND 1
| #define HAVE_DECL_RTLD_MEMBER 0
| #define HAVE_WCHAR_H 1
| #define SIZEOF_WCHAR_T 4
| /* end confdefs.h.  */
| #ifndef __APPLE_CC__
| 	       not a universal capable compiler
| 	     #endif
| 	     typedef int dummy;
| 
configure:24638: gcc -c   conftest.c >&5
configure:24638: $? = 0
configure:24657: gcc -c   conftest.c >&5
conftest.c: In function 'main':
conftest.c:467:18: error: unknown type name 'not'; did you mean 'ino_t'?
  467 |                  not big endian
      |                  ^~~
      |                  ino_t
conftest.c:467:26: error: expected '=', ',', ';', 'asm' or '__attribute__' before 'endian'
  467 |                  not big endian
      |                          ^~~~~~
configure:24657: $? = 1
configure: failed program was:
| /* confdefs.h */
| #define _NETBSD_SOURCE 1
| #define __BSD_VISIBLE 1
| #define _DARWIN_C_SOURCE 1
| #define _PYTHONFRAMEWORK ""
| #define _XOPEN_SOURCE 700
| #define _XOPEN_SOURCE_EXTENDED 1
| #define _POSIX_C_SOURCE 200809L
| #define HAVE_STDIO_H 1
| #define HAVE_STDLIB_H 1
| #define HAVE_STRING_H 1
| #define HAVE_INTTYPES_H 1
| #define HAVE_STDINT_H 1
| #define HAVE_STRINGS_H 1
| #define HAVE_SYS_STAT_H 1
| #define HAVE_SYS_TYPES_H 1
| #define HAVE_UNISTD_H 1
| #define HAVE_WCHAR_H 1
| #define STDC_HEADERS 1
| #define _ALL_SOURCE 1
| #define _DARWIN_C_SOURCE 1
| #define _GNU_SOURCE 1
| #define _HPUX_ALT_XOPEN_SOCKET_API 1
| #define _NETBSD_SOURCE 1
| #define _OPENBSD_SOURCE 1
| #define _POSIX_PTHREAD_SEMANTICS 1
| #define __STDC_WANT_IEC_60559_ATTRIBS_EXT__ 1
| #define __STDC_WANT_IEC_60559_BFP_EXT__ 1
| #define __STDC_WANT_IEC_60559_DFP_EXT__ 1
| #define __STDC_WANT_IEC_60559_FUNCS_EXT__ 1
| #define __STDC_WANT_IEC_60559_TYPES_EXT__ 1
| #define __STDC_WANT_LIB_EXT2__ 1
| #define __STDC_WANT_MATH_SPEC_FUNCS__ 1
| #define _TANDEM_SOURCE 1
| #define __EXTENSIONS__ 1
| #define PY_SUPPORT_TIER 1
| #define STDC_HEADERS 1
| #define HAVE_ALLOCA_H 1
| #define HAVE_ASM_TYPES_H 1
| #define HAVE_DLFCN_H 1
| #define HAVE_ENDIAN_H 1
| #define HAVE_ERRNO_H 1
| #define HAVE_FCNTL_H 1
| #define HAVE_GRP_H 1
| #define HAVE_LANGINFO_H 1
| #define HAVE_LIBINTL_H 1
| #define HAVE_LINUX_AUXVEC_H 1
| #define HAVE_SYS_AUXV_H 1
| #define HAVE_LINUX_FS_H 1
| #define HAVE_LINUX_LIMITS_H 1
| #define HAVE_LINUX_MEMFD_H 1
| #define HAVE_LINUX_RANDOM_H 1
| #define HAVE_LINUX_SOUNDCARD_H 1
| #define HAVE_LINUX_TIPC_H 1
| #define HAVE_LINUX_WAIT_H 1
| #define HAVE_NETDB_H 1
| #define HAVE_NET_ETHERNET_H 1
| #define HAVE_NETINET_IN_H 1
| #define HAVE_NETPACKET_PACKET_H 1
| #define HAVE_POLL_H 1
| #define HAVE_PTHREAD_H 1
| #define HAVE_PTY_H 1
| #define HAVE_SCHED_H 1
| #define HAVE_SETJMP_H 1
| #define HAVE_SHADOW_H 1
| #define HAVE_SIGNAL_H 1
| #define HAVE_SPAWN_H 1
| #define HAVE_SYS_EPOLL_H 1
| #define HAVE_SYS_EVENTFD_H 1
| #define HAVE_SYS_FILE_H 1
| #define HAVE_SYS_IOCTL_H 1
| #define HAVE_SYS_MMAN_H 1
| #define HAVE_SYS_PARAM_H 1
| #define HAVE_SYS_PIDFD_H 1
| #define HAVE_SYS_POLL_H 1
| #define HAVE_SYS_RANDOM_H 1
| #define HAVE_SYS_RESOURCE_H 1
| #define HAVE_SYS_SELECT_H 1
| #define HAVE_SYS_SENDFILE_H 1
| #define HAVE_SYS_SOCKET_H 1
| #define HAVE_SYS_SOUNDCARD_H 1
| #define HAVE_SYS_STAT_H 1
| #define HAVE_SYS_STATVFS_H 1
| #define HAVE_SYS_SYSCALL_H 1
| #define HAVE_SYS_SYSMACROS_H 1
| #define HAVE_SYS_TIME_H 1
| #define HAVE_SYS_TIMES_H 1
| #define HAVE_SYS_TIMERFD_H 1
| #define HAVE_SYS_TYPES_H 1
| #define HAVE_SYS_UIO_H 1
| #define HAVE_SYS_UN_H 1
| #define HAVE_SYS_UTSNAME_H 1
| #define HAVE_SYS_WAIT_H 1
| #define HAVE_SYS_XATTR_H 1
| #define HAVE_SYSEXITS_H 1
| #define HAVE_SYSLOG_H 1
| #define HAVE_TERMIOS_H 1
| #define HAVE_UTIME_H 1
| #define HAVE_UTMP_H 1
| #define HAVE_DIRENT_H 1
| #define MAJOR_IN_SYSMACROS 1
| #define HAVE_NET_IF_H 1
| #define HAVE_LINUX_NETLINK_H 1
| #define HAVE_LINUX_QRTR_H 1
| #define HAVE_LINUX_VM_SOCKETS_H 1
| #define HAVE_LINUX_CAN_H 1
| #define HAVE_LINUX_CAN_BCM_H 1
| #define HAVE_LINUX_CAN_J1939_H 1
| #define HAVE_LINUX_CAN_RAW_H 1
| #define HAVE_CLOCK_T 1
| #define HAVE_MAKEDEV 1
| #define HAVE_HTOLE64 1
| #define _LARGEFILE_SOURCE 1
| #define _FILE_OFFSET_BITS 64
| #if defined(SCO_DS)
| #undef _OFF_T
| #endif
| #define RETSIGTYPE void
| #define HAVE_SSIZE_T 1
| #define HAVE___UINT128_T 1
| #define HAVE_GCC_UINT128_T 1
| #define SIZEOF_INT 4
| #define SIZEOF_LONG 8
| #define ALIGNOF_LONG 8
| #define SIZEOF_LONG_LONG 8
| #define SIZEOF_VOID_P 8
| #define SIZEOF_SHORT 2
| #define SIZEOF_FLOAT 4
| #define SIZEOF_DOUBLE 8
| #define SIZEOF_FPOS_T 16
| #define SIZEOF_SIZE_T 8
| #define ALIGNOF_SIZE_T 8
| #define SIZEOF_PID_T 4
| #define SIZEOF_UINTPTR_T 8
| #define ALIGNOF_MAX_ALIGN_T 16
| #define HAVE_LONG_DOUBLE 1
| #define SIZEOF_LONG_DOUBLE 16
| #define SIZEOF__BOOL 1
| #define SIZEOF_OFF_T 8
| #define SIZEOF_TIME_T 8
| #define SIZEOF_PTHREAD_T 8
| #define SIZEOF_PTHREAD_KEY_T 4
| #define PTHREAD_KEY_T_IS_COMPATIBLE_WITH_INT 1
| #define PY_HAVE_PERF_TRAMPOLINE 1
| #define HAVE_LIBDL 1
| #define HAVE_FFI_PREP_CIF_VAR 1
| #define HAVE_FFI_PREP_CLOSURE_LOC 1
| #define HAVE_FFI_CLOSURE_ALLOC 1
| #define WITH_DECIMAL_CONTEXTVAR 1
| #define HAVE_LIBSQLITE3 1
| #define HAVE_LIBSQLITE3 1
| #define HAVE_LIBSQLITE3 1
| #define HAVE_LIBSQLITE3 1
| #define HAVE_LIBSQLITE3 1
| #define HAVE_LIBSQLITE3 1
| #define HAVE_LIBSQLITE3 1
| #define HAVE_LIBSQLITE3 1
| #define HAVE_LIBSQLITE3 1
| #define PY_SQLITE_HAVE_SERIALIZE 1
| #define _REENTRANT 1
| #define PTHREAD_SYSTEM_SCHED_SUPPORTED 1
| #define HAVE_PTHREAD_SIGMASK 1
| #define HAVE_PTHREAD_GETCPUCLOCKID 1
| #define ENABLE_IPV6 1
| #define HAVE_LINUX_CAN_RAW_FD_FRAMES 1
| #define HAVE_LINUX_CAN_RAW_JOIN_FILTERS 1
| #define WITH_DOC_STRINGS 1
| #define HAVE_STD_ATOMIC 1
| #define HAVE_BUILTIN_ATOMIC 1
| #define WITH_MIMALLOC 1
| #define WITH_PYMALLOC 1
| #define WITH_FREELISTS 1
| #define PY_COERCE_C_LOCALE 1
| #define HAVE_DLOPEN 1
| #define HAVE_DYNAMIC_LOADING 1
| #define HAVE_ACCEPT4 1
| #define HAVE_ALARM 1
| #define HAVE_BIND_TEXTDOMAIN_CODESET 1
| #define HAVE_CHMOD 1
| #define HAVE_CHOWN 1
| #define HAVE_CLOCK 1
| #define HAVE_CLOSEFROM 1
| #define HAVE_CLOSE_RANGE 1
| #define HAVE_CONFSTR 1
| #define HAVE_COPY_FILE_RANGE 1
| #define HAVE_CTERMID 1
| #define HAVE_DUP 1
| #define HAVE_DUP3 1
| #define HAVE_EXECV 1
| #define HAVE_EXPLICIT_BZERO 1
| #define HAVE_FACCESSAT 1
| #define HAVE_FCHMOD 1
| #define HAVE_FCHMODAT 1
| #define HAVE_FCHOWN 1
| #define HAVE_FCHOWNAT 1
| #define HAVE_FDOPENDIR 1
| #define HAVE_FEXECVE 1
| #define HAVE_FORK 1
| #define HAVE_FPATHCONF 1
| #define HAVE_FSTATAT 1
| #define HAVE_FTIME 1
| #define HAVE_FTRUNCATE 1
| #define HAVE_FUTIMENS 1
| #define HAVE_FUTIMES 1
| #define HAVE_FUTIMESAT 1
| #define HAVE_GAI_STRERROR 1
| #define HAVE_GETEGID 1
| #define HAVE_GETEUID 1
| #define HAVE_GETGID 1
| #define HAVE_GETGRENT 1
| #define HAVE_GETGRGID 1
| #define HAVE_GETGRGID_R 1
| #define HAVE_GETGRNAM_R 1
| #define HAVE_GETGROUPLIST 1
| #define HAVE_GETHOSTNAME 1
| #define HAVE_GETITIMER 1
| #define HAVE_GETLOADAVG 1
| #define HAVE_GETLOGIN 1
| #define HAVE_GETLOGIN_R 1
| #define HAVE_GETPEERNAME 1
| #define HAVE_GETPGID 1
| #define HAVE_GETPID 1
| #define HAVE_GETPPID 1
| #define HAVE_GETPRIORITY 1
| #define HAVE_GETPWENT 1
| #define HAVE_GETPWNAM_R 1
| #define HAVE_GETPWUID 1
| #define HAVE_GETPWUID_R 1
| #define HAVE_GETRESGID 1
| #define HAVE_GETRESUID 1
| #define HAVE_GETRUSAGE 1
| #define HAVE_GETSID 1
| #define HAVE_GETSPENT 1
| #define HAVE_GETSPNAM 1
| #define HAVE_GETUID 1
| #define HAVE_GETWD 1
| #define HAVE_GRANTPT 1
| #define HAVE_IF_NAMEINDEX 1
| #define HAVE_INITGROUPS 1
| #define HAVE_KILL 1
| #define HAVE_KILLPG 1
| #define HAVE_LCHOWN 1
| #define HAVE_LINKAT 1
| #define HAVE_LOCKF 1
| #define HAVE_LSTAT 1
| #define HAVE_LUTIMES 1
| #define HAVE_MADVISE 1
| #define HAVE_MBRTOWC 1
| #define HAVE_MEMRCHR 1
| #define HAVE_MKDIRAT 1
| #define HAVE_MKFIFO 1
| #define HAVE_MKFIFOAT 1
| #define HAVE_MKNOD 1
| #define HAVE_MKNODAT 1
| #define HAVE_MKTIME 1
| #define HAVE_MMAP 1
| #define HAVE_MREMAP 1
| #define HAVE_NICE 1
| #define HAVE_OPENAT 1
| #define HAVE_OPENDIR 1
| #define HAVE_PATHCONF 1
| #define HAVE_PAUSE 1
| #define HAVE_PIPE 1
| #define HAVE_PIPE2 1
| #define HAVE_POLL 1
| #define HAVE_POSIX_FADVISE 1
| #define HAVE_POSIX_FALLOCATE 1
| #define HAVE_POSIX_OPENPT 1
| #define HAVE_POSIX_SPAWN 1
| #define HAVE_POSIX_SPAWNP 1
| #define HAVE_POSIX_SPAWN_FILE_ACTIONS_ADDCLOSEFROM_NP 1
| #define HAVE_PREAD 1
| #define HAVE_PREADV 1
| #define HAVE_PREADV2 1
| #define HAVE_PROCESS_VM_READV 1
| #define HAVE_PTHREAD_CONDATTR_SETCLOCK 1
| #define HAVE_PTHREAD_KILL 1
| #define HAVE_PTSNAME 1
| #define HAVE_PTSNAME_R 1
| #define HAVE_PWRITE 1
| #define HAVE_PWRITEV 1
| #define HAVE_PWRITEV2 1
| #define HAVE_READLINK 1
| #define HAVE_READLINKAT 1
| #define HAVE_READV 1
| #define HAVE_REALPATH 1
| #define HAVE_RENAMEAT 1
| #define HAVE_SCHED_GET_PRIORITY_MAX 1
| #define HAVE_SCHED_RR_GET_INTERVAL 1
| #define HAVE_SCHED_SETAFFINITY 1
| #define HAVE_SCHED_SETPARAM 1
| #define HAVE_SCHED_SETSCHEDULER 1
| #define HAVE_SEM_CLOCKWAIT 1
| #define HAVE_SEM_GETVALUE 1
| #define HAVE_SEM_OPEN 1
| #define HAVE_SEM_TIMEDWAIT 1
| #define HAVE_SEM_UNLINK 1
| #define HAVE_SENDFILE 1
| #define HAVE_SETEGID 1
| #define HAVE_SETEUID 1
| #define HAVE_SETGID 1
| #define HAVE_SETHOSTNAME 1
| #define HAVE_SETITIMER 1
| #define HAVE_SETLOCALE 1
| #define HAVE_SETPGID 1
| #define HAVE_SETPGRP 1
| #define HAVE_SETPRIORITY 1
| #define HAVE_SETREGID 1
| #define HAVE_SETRESGID 1
| #define HAVE_SETRESUID 1
| #define HAVE_SETREUID 1
| #define HAVE_SETSID 1
| #define HAVE_SETUID 1
| #define HAVE_SETVBUF 1
| #define HAVE_SHUTDOWN 1
| #define HAVE_SIGACTION 1
| #define HAVE_SIGALTSTACK 1
| #define HAVE_SIGFILLSET 1
| #define HAVE_SIGINTERRUPT 1
| #define HAVE_SIGPENDING 1
| #define HAVE_SIGRELSE 1
| #define HAVE_SIGTIMEDWAIT 1
| #define HAVE_SIGWAIT 1
| #define HAVE_SIGWAITINFO 1
| #define HAVE_SNPRINTF 1
| #define HAVE_SPLICE 1
| #define HAVE_STRFTIME 1
| #define HAVE_STRSIGNAL 1
| #define HAVE_SYMLINKAT 1
| #define HAVE_SYNC 1
| #define HAVE_SYSCONF 1
| #define HAVE_TCGETPGRP 1
| #define HAVE_TCSETPGRP 1
| #define HAVE_TEMPNAM 1
| #define HAVE_TIMEGM 1
| #define HAVE_TIMES 1
| #define HAVE_TMPFILE 1
| #define HAVE_TMPNAM 1
| #define HAVE_TMPNAM_R 1
| #define HAVE_TRUNCATE 1
| #define HAVE_TTYNAME_R 1
| #define HAVE_UMASK 1
| #define HAVE_UNAME 1
| #define HAVE_UNLINKAT 1
| #define HAVE_UNLOCKPT 1
| #define HAVE_UTIMENSAT 1
| #define HAVE_UTIMES 1
| #define HAVE_VFORK 1
| #define HAVE_WAIT 1
| #define HAVE_WAIT3 1
| #define HAVE_WAIT4 1
| #define HAVE_WAITID 1
| #define HAVE_WAITPID 1
| #define HAVE_WCSCOLL 1
| #define HAVE_WCSFTIME 1
| #define HAVE_WCSXFRM 1
| #define HAVE_WMEMCMP 1
| #define HAVE_WRITEV 1
| #define HAVE_GETENTROPY 1
| #define HAVE_GETGROUPS 1
| #define HAVE_SYSTEM 1
| #define HAVE_DIRFD 1
| #define HAVE_CHROOT 1
| #define HAVE_LINK 1
| #define HAVE_SYMLINK 1
| #define HAVE_FCHDIR 1
| #define HAVE_FSYNC 1
| #define HAVE_FDATASYNC 1
| #define HAVE_EPOLL 1
| #define HAVE_EPOLL_CREATE1 1
| #define HAVE_PRLIMIT 1
| #define HAVE_MEMFD_CREATE 1
| #define HAVE_EVENTFD 1
| #define HAVE_TIMERFD_CREATE 1
| #define HAVE_FLOCK 1
| #define HAVE_GETPAGESIZE 1
| #define HAVE_ZLIB_COPY 1
| #define HAVE_BZLIB_H 1
| #define HAVE_HSTRERROR 1
| #define HAVE_GETSERVBYNAME 1
| #define HAVE_GETSERVBYPORT 1
| #define HAVE_GETHOSTBYNAME 1
| #define HAVE_GETHOSTBYADDR 1
| #define HAVE_GETPROTOBYNAME 1
| #define HAVE_INET_ATON 1
| #define HAVE_INET_NTOA 1
| #define HAVE_INET_PTON 1
| #define HAVE_GETPEERNAME 1
| #define HAVE_GETSOCKNAME 1
| #define HAVE_ACCEPT 1
| #define HAVE_BIND 1
| #define HAVE_CONNECT 1
| #define HAVE_LISTEN 1
| #define HAVE_RECVFROM 1
| #define HAVE_SENDTO 1
| #define HAVE_SETSOCKOPT 1
| #define HAVE_SOCKET 1
| #define HAVE_SETGROUPS 1
| #define HAVE_DECL_UT_NAMESIZE 1
| #define HAVE_UT_NAMESIZE 1
| #define HAVE_OPENPTY 1
| #define HAVE_LOGIN_TTY 1
| #define HAVE_FORKPTY 1
| #define HAVE_FSEEKO 1
| #define HAVE_FSTATVFS 1
| #define HAVE_FTELLO 1
| #define HAVE_STATVFS 1
| #define HAVE_DUP2 1
| #define HAVE_GETPGRP 1
| #define HAVE_SETPGRP 1
| #define HAVE_SETNS 1
| #define HAVE_UNSHARE 1
| #define HAVE_CLOCK_GETTIME 1
| #define HAVE_CLOCK_GETRES 1
| #define HAVE_CLOCK_SETTIME 1
| #define HAVE_CLOCK_NANOSLEEP 1
| #define HAVE_NANOSLEEP 1
| #define HAVE_DEVICE_MACROS 1
| #define SYS_SELECT_WITH_SYS_TIME 1
| #define HAVE_GETADDRINFO 1
| #define HAVE_GETNAMEINFO 1
| #define HAVE_STRUCT_TM_TM_ZONE 1
| #define HAVE_TM_ZONE 1
| #define HAVE_STRUCT_STAT_ST_RDEV 1
| #define HAVE_STRUCT_STAT_ST_BLKSIZE 1
| #define HAVE_STRUCT_STAT_ST_BLOCKS 1
| #define HAVE_STRUCT_PASSWD_PW_GECOS 1
| #define HAVE_STRUCT_PASSWD_PW_PASSWD 1
| #define HAVE_SIGINFO_T_SI_BAND 1
| #define HAVE_ADDRINFO 1
| #define HAVE_SOCKADDR_STORAGE 1
| #define HAVE_SOCKADDR_ALG 1
| #define HAVE_PROTOTYPES 1
| #define HAVE_SOCKETPAIR 1
| #define HAVE_GETHOSTBYNAME_R 1
| #define HAVE_GETHOSTBYNAME_R 1
| #define HAVE_GETHOSTBYNAME_R_6_ARG 1
| #define HAVE_GCC_ASM_FOR_X64 1
| #define DOUBLE_IS_LITTLE_ENDIAN_IEEE754 1
| #define HAVE_GCC_ASM_FOR_X87 1
| #define HAVE_ACOSH 1
| #define HAVE_ASINH 1
| #define HAVE_ATANH 1
| #define HAVE_ERF 1
| #define HAVE_ERFC 1
| #define HAVE_EXPM1 1
| #define HAVE_LOG1P 1
| #define HAVE_LOG2 1
| #define HAVE_DECL_RTLD_LAZY 1
| #define HAVE_DECL_RTLD_NOW 1
| #define HAVE_DECL_RTLD_GLOBAL 1
| #define HAVE_DECL_RTLD_LOCAL 1
| #define HAVE_DECL_RTLD_NODELETE 1
| #define HAVE_DECL_RTLD_NOLOAD 1
| #define HAVE_DECL_RTLD_DEEPBIND 1
| #define HAVE_DECL_RTLD_MEMBER 0
| #define HAVE_WCHAR_H 1
| #define SIZEOF_WCHAR_T 4
| /* end confdefs.h.  */
| #include <sys/types.h>
| 		#include <sys/param.h>
| 
| int
| main (void)
| {
| #if BYTE_ORDER != BIG_ENDIAN
| 		 not big endian
| 		#endif
| 
|   ;
|   return 0;
| }
configure:24791: result: no
configure:24827: checking ABIFLAGS
configure:24829: result: 
configure:24831: checking SOABI
configure:24834: result: cpython-313-x86_64-linux-gnu
configure:24851: checking LDVERSION
configure:24854: result: $(VERSION)$(ABIFLAGS)
configure:24886: checking for --with-platlibdir
configure:24908: result: no
configure:24925: checking for --with-wheel-pkg-dir
configure:24941: result: no
configure:24948: checking whether right shift extends the sign bit
configure:24968: gcc -o conftest    conftest.c -ldl  >&5
configure:24968: $? = 0
configure:24968: ./conftest
configure:24968: $? = 0
configure:24979: result: yes
configure:24989: checking for getc_unlocked() and friends
configure:25012: gcc -o conftest    conftest.c -ldl  >&5
configure:25012: $? = 0
configure:25021: result: yes
configure:25061: checking for readline
configure:25068: $PKG_CONFIG --exists --print-errors "readline"
configure:25071: $? = 0
configure:25085: $PKG_CONFIG --exists --print-errors "readline"
configure:25088: $? = 0
configure:25276: result: yes
configure:25526: checking how to link readline
configure:25536: result: readline (CFLAGS: -D_DEFAULT_SOURCE , LIBS: -lreadline )
configure:25552: checking whether rl_completion_append_character is declared
configure:25552: gcc -c    -D_DEFAULT_SOURCE  conftest.c >&5
configure:25552: $? = 0
configure:25552: result: yes
configure:25571: checking whether rl_completion_suppress_append is declared
configure:25571: gcc -c    -D_DEFAULT_SOURCE  conftest.c >&5
configure:25571: $? = 0
configure:25571: result: yes
configure:25591: checking for rl_pre_input_hook in -lreadline
configure:25617: gcc -o conftest   -D_DEFAULT_SOURCE   conftest.c -ldl  -lreadline  >&5
configure:25617: $? = 0
configure:25628: result: yes
configure:25640: checking for rl_completion_display_matches_hook in -lreadline
configure:25666: gcc -o conftest   -D_DEFAULT_SOURCE   conftest.c -ldl  -lreadline  >&5
configure:25666: $? = 0
configure:25677: result: yes
configure:25689: checking for rl_resize_terminal in -lreadline
configure:25715: gcc -o conftest   -D_DEFAULT_SOURCE   conftest.c -ldl  -lreadline  >&5
configure:25715: $? = 0
configure:25726: result: yes
configure:25738: checking for rl_completion_matches in -lreadline
configure:25764: gcc -o conftest   -D_DEFAULT_SOURCE   conftest.c -ldl  -lreadline  >&5
configure:25764: $? = 0
configure:25775: result: yes
configure:25787: checking whether rl_catch_signals is declared
configure:25787: gcc -c    -D_DEFAULT_SOURCE  conftest.c >&5
configure:25787: $? = 0
configure:25787: result: yes
configure:25806: checking for append_history in -lreadline
configure:25832: gcc -o conftest   -D_DEFAULT_SOURCE   conftest.c -ldl  -lreadline  >&5
configure:25832: $? = 0
configure:25843: result: yes
configure:25855: checking for rl_compdisp_func_t
configure:25855: gcc -c   -D_DEFAULT_SOURCE  conftest.c >&5
configure:25855: $? = 0
configure:25855: gcc -c   -D_DEFAULT_SOURCE  conftest.c >&5
conftest.c: In function 'main':
conftest.c:482:33: error: expected expression before ')' token
  482 | if (sizeof ((rl_compdisp_func_t)))
      |                                 ^
configure:25855: $? = 1
configure: failed program was:
| /* confdefs.h */
| #define _NETBSD_SOURCE 1
| #define __BSD_VISIBLE 1
| #define _DARWIN_C_SOURCE 1
| #define _PYTHONFRAMEWORK ""
| #define _XOPEN_SOURCE 700
| #define _XOPEN_SOURCE_EXTENDED 1
| #define _POSIX_C_SOURCE 200809L
| #define HAVE_STDIO_H 1
| #define HAVE_STDLIB_H 1
| #define HAVE_STRING_H 1
| #define HAVE_INTTYPES_H 1
| #define HAVE_STDINT_H 1
| #define HAVE_STRINGS_H 1
| #define HAVE_SYS_STAT_H 1
| #define HAVE_SYS_TYPES_H 1
| #define HAVE_UNISTD_H 1
| #define HAVE_WCHAR_H 1
| #define STDC_HEADERS 1
| #define _ALL_SOURCE 1
| #define _DARWIN_C_SOURCE 1
| #define _GNU_SOURCE 1
| #define _HPUX_ALT_XOPEN_SOCKET_API 1
| #define _NETBSD_SOURCE 1
| #define _OPENBSD_SOURCE 1
| #define _POSIX_PTHREAD_SEMANTICS 1
| #define __STDC_WANT_IEC_60559_ATTRIBS_EXT__ 1
| #define __STDC_WANT_IEC_60559_BFP_EXT__ 1
| #define __STDC_WANT_IEC_60559_DFP_EXT__ 1
| #define __STDC_WANT_IEC_60559_FUNCS_EXT__ 1
| #define __STDC_WANT_IEC_60559_TYPES_EXT__ 1
| #define __STDC_WANT_LIB_EXT2__ 1
| #define __STDC_WANT_MATH_SPEC_FUNCS__ 1
| #define _TANDEM_SOURCE 1
| #define __EXTENSIONS__ 1
| #define PY_SUPPORT_TIER 1
| #define STDC_HEADERS 1
| #define HAVE_ALLOCA_H 1
| #define HAVE_ASM_TYPES_H 1
| #define HAVE_DLFCN_H 1
| #define HAVE_ENDIAN_H 1
| #define HAVE_ERRNO_H 1
| #define HAVE_FCNTL_H 1
| #define HAVE_GRP_H 1
| #define HAVE_LANGINFO_H 1
| #define HAVE_LIBINTL_H 1
| #define HAVE_LINUX_AUXVEC_H 1
| #define HAVE_SYS_AUXV_H 1
| #define HAVE_LINUX_FS_H 1
| #define HAVE_LINUX_LIMITS_H 1
| #define HAVE_LINUX_MEMFD_H 1
| #define HAVE_LINUX_RANDOM_H 1
| #define HAVE_LINUX_SOUNDCARD_H 1
| #define HAVE_LINUX_TIPC_H 1
| #define HAVE_LINUX_WAIT_H 1
| #define HAVE_NETDB_H 1
| #define HAVE_NET_ETHERNET_H 1
| #define HAVE_NETINET_IN_H 1
| #define HAVE_NETPACKET_PACKET_H 1
| #define HAVE_POLL_H 1
| #define HAVE_PTHREAD_H 1
| #define HAVE_PTY_H 1
| #define HAVE_SCHED_H 1
| #define HAVE_SETJMP_H 1
| #define HAVE_SHADOW_H 1
| #define HAVE_SIGNAL_H 1
| #define HAVE_SPAWN_H 1
| #define HAVE_SYS_EPOLL_H 1
| #define HAVE_SYS_EVENTFD_H 1
| #define HAVE_SYS_FILE_H 1
| #define HAVE_SYS_IOCTL_H 1
| #define HAVE_SYS_MMAN_H 1
| #define HAVE_SYS_PARAM_H 1
| #define HAVE_SYS_PIDFD_H 1
| #define HAVE_SYS_POLL_H 1
| #define HAVE_SYS_RANDOM_H 1
| #define HAVE_SYS_RESOURCE_H 1
| #define HAVE_SYS_SELECT_H 1
| #define HAVE_SYS_SENDFILE_H 1
| #define HAVE_SYS_SOCKET_H 1
| #define HAVE_SYS_SOUNDCARD_H 1
| #define HAVE_SYS_STAT_H 1
| #define HAVE_SYS_STATVFS_H 1
| #define HAVE_SYS_SYSCALL_H 1
| #define HAVE_SYS_SYSMACROS_H 1
| #define HAVE_SYS_TIME_H 1
| #define HAVE_SYS_TIMES_H 1
| #define HAVE_SYS_TIMERFD_H 1
| #define HAVE_SYS_TYPES_H 1
| #define HAVE_SYS_UIO_H 1
| #define HAVE_SYS_UN_H 1
| #define HAVE_SYS_UTSNAME_H 1
| #define HAVE_SYS_WAIT_H 1
| #define HAVE_SYS_XATTR_H 1
| #define HAVE_SYSEXITS_H 1
| #define HAVE_SYSLOG_H 1
| #define HAVE_TERMIOS_H 1
| #define HAVE_UTIME_H 1
| #define HAVE_UTMP_H 1
| #define HAVE_DIRENT_H 1
| #define MAJOR_IN_SYSMACROS 1
| #define HAVE_NET_IF_H 1
| #define HAVE_LINUX_NETLINK_H 1
| #define HAVE_LINUX_QRTR_H 1
| #define HAVE_LINUX_VM_SOCKETS_H 1
| #define HAVE_LINUX_CAN_H 1
| #define HAVE_LINUX_CAN_BCM_H 1
| #define HAVE_LINUX_CAN_J1939_H 1
| #define HAVE_LINUX_CAN_RAW_H 1
| #define HAVE_CLOCK_T 1
| #define HAVE_MAKEDEV 1
| #define HAVE_HTOLE64 1
| #define _LARGEFILE_SOURCE 1
| #define _FILE_OFFSET_BITS 64
| #if defined(SCO_DS)
| #undef _OFF_T
| #endif
| #define RETSIGTYPE void
| #define HAVE_SSIZE_T 1
| #define HAVE___UINT128_T 1
| #define HAVE_GCC_UINT128_T 1
| #define SIZEOF_INT 4
| #define SIZEOF_LONG 8
| #define ALIGNOF_LONG 8
| #define SIZEOF_LONG_LONG 8
| #define SIZEOF_VOID_P 8
| #define SIZEOF_SHORT 2
| #define SIZEOF_FLOAT 4
| #define SIZEOF_DOUBLE 8
| #define SIZEOF_FPOS_T 16
| #define SIZEOF_SIZE_T 8
| #define ALIGNOF_SIZE_T 8
| #define SIZEOF_PID_T 4
| #define SIZEOF_UINTPTR_T 8
| #define ALIGNOF_MAX_ALIGN_T 16
| #define HAVE_LONG_DOUBLE 1
| #define SIZEOF_LONG_DOUBLE 16
| #define SIZEOF__BOOL 1
| #define SIZEOF_OFF_T 8
| #define SIZEOF_TIME_T 8
| #define SIZEOF_PTHREAD_T 8
| #define SIZEOF_PTHREAD_KEY_T 4
| #define PTHREAD_KEY_T_IS_COMPATIBLE_WITH_INT 1
| #define PY_HAVE_PERF_TRAMPOLINE 1
| #define HAVE_LIBDL 1
| #define HAVE_FFI_PREP_CIF_VAR 1
| #define HAVE_FFI_PREP_CLOSURE_LOC 1
| #define HAVE_FFI_CLOSURE_ALLOC 1
| #define WITH_DECIMAL_CONTEXTVAR 1
| #define HAVE_LIBSQLITE3 1
| #define HAVE_LIBSQLITE3 1
| #define HAVE_LIBSQLITE3 1
| #define HAVE_LIBSQLITE3 1
| #define HAVE_LIBSQLITE3 1
| #define HAVE_LIBSQLITE3 1
| #define HAVE_LIBSQLITE3 1
| #define HAVE_LIBSQLITE3 1
| #define HAVE_LIBSQLITE3 1
| #define PY_SQLITE_HAVE_SERIALIZE 1
| #define _REENTRANT 1
| #define PTHREAD_SYSTEM_SCHED_SUPPORTED 1
| #define HAVE_PTHREAD_SIGMASK 1
| #define HAVE_PTHREAD_GETCPUCLOCKID 1
| #define ENABLE_IPV6 1
| #define HAVE_LINUX_CAN_RAW_FD_FRAMES 1
| #define HAVE_LINUX_CAN_RAW_JOIN_FILTERS 1
| #define WITH_DOC_STRINGS 1
| #define HAVE_STD_ATOMIC 1
| #define HAVE_BUILTIN_ATOMIC 1
| #define WITH_MIMALLOC 1
| #define WITH_PYMALLOC 1
| #define WITH_FREELISTS 1
| #define PY_COERCE_C_LOCALE 1
| #define HAVE_DLOPEN 1
| #define HAVE_DYNAMIC_LOADING 1
| #define HAVE_ACCEPT4 1
| #define HAVE_ALARM 1
| #define HAVE_BIND_TEXTDOMAIN_CODESET 1
| #define HAVE_CHMOD 1
| #define HAVE_CHOWN 1
| #define HAVE_CLOCK 1
| #define HAVE_CLOSEFROM 1
| #define HAVE_CLOSE_RANGE 1
| #define HAVE_CONFSTR 1
| #define HAVE_COPY_FILE_RANGE 1
| #define HAVE_CTERMID 1
| #define HAVE_DUP 1
| #define HAVE_DUP3 1
| #define HAVE_EXECV 1
| #define HAVE_EXPLICIT_BZERO 1
| #define HAVE_FACCESSAT 1
| #define HAVE_FCHMOD 1
| #define HAVE_FCHMODAT 1
| #define HAVE_FCHOWN 1
| #define HAVE_FCHOWNAT 1
| #define HAVE_FDOPENDIR 1
| #define HAVE_FEXECVE 1
| #define HAVE_FORK 1
| #define HAVE_FPATHCONF 1
| #define HAVE_FSTATAT 1
| #define HAVE_FTIME 1
| #define HAVE_FTRUNCATE 1
| #define HAVE_FUTIMENS 1
| #define HAVE_FUTIMES 1
| #define HAVE_FUTIMESAT 1
| #define HAVE_GAI_STRERROR 1
| #define HAVE_GETEGID 1
| #define HAVE_GETEUID 1
| #define HAVE_GETGID 1
| #define HAVE_GETGRENT 1
| #define HAVE_GETGRGID 1
| #define HAVE_GETGRGID_R 1
| #define HAVE_GETGRNAM_R 1
| #define HAVE_GETGROUPLIST 1
| #define HAVE_GETHOSTNAME 1
| #define HAVE_GETITIMER 1
| #define HAVE_GETLOADAVG 1
| #define HAVE_GETLOGIN 1
| #define HAVE_GETLOGIN_R 1
| #define HAVE_GETPEERNAME 1
| #define HAVE_GETPGID 1
| #define HAVE_GETPID 1
| #define HAVE_GETPPID 1
| #define HAVE_GETPRIORITY 1
| #define HAVE_GETPWENT 1
| #define HAVE_GETPWNAM_R 1
| #define HAVE_GETPWUID 1
| #define HAVE_GETPWUID_R 1
| #define HAVE_GETRESGID 1
| #define HAVE_GETRESUID 1
| #define HAVE_GETRUSAGE 1
| #define HAVE_GETSID 1
| #define HAVE_GETSPENT 1
| #define HAVE_GETSPNAM 1
| #define HAVE_GETUID 1
| #define HAVE_GETWD 1
| #define HAVE_GRANTPT 1
| #define HAVE_IF_NAMEINDEX 1
| #define HAVE_INITGROUPS 1
| #define HAVE_KILL 1
| #define HAVE_KILLPG 1
| #define HAVE_LCHOWN 1
| #define HAVE_LINKAT 1
| #define HAVE_LOCKF 1
| #define HAVE_LSTAT 1
| #define HAVE_LUTIMES 1
| #define HAVE_MADVISE 1
| #define HAVE_MBRTOWC 1
| #define HAVE_MEMRCHR 1
| #define HAVE_MKDIRAT 1
| #define HAVE_MKFIFO 1
| #define HAVE_MKFIFOAT 1
| #define HAVE_MKNOD 1
| #define HAVE_MKNODAT 1
| #define HAVE_MKTIME 1
| #define HAVE_MMAP 1
| #define HAVE_MREMAP 1
| #define HAVE_NICE 1
| #define HAVE_OPENAT 1
| #define HAVE_OPENDIR 1
| #define HAVE_PATHCONF 1
| #define HAVE_PAUSE 1
| #define HAVE_PIPE 1
| #define HAVE_PIPE2 1
| #define HAVE_POLL 1
| #define HAVE_POSIX_FADVISE 1
| #define HAVE_POSIX_FALLOCATE 1
| #define HAVE_POSIX_OPENPT 1
| #define HAVE_POSIX_SPAWN 1
| #define HAVE_POSIX_SPAWNP 1
| #define HAVE_POSIX_SPAWN_FILE_ACTIONS_ADDCLOSEFROM_NP 1
| #define HAVE_PREAD 1
| #define HAVE_PREADV 1
| #define HAVE_PREADV2 1
| #define HAVE_PROCESS_VM_READV 1
| #define HAVE_PTHREAD_CONDATTR_SETCLOCK 1
| #define HAVE_PTHREAD_KILL 1
| #define HAVE_PTSNAME 1
| #define HAVE_PTSNAME_R 1
| #define HAVE_PWRITE 1
| #define HAVE_PWRITEV 1
| #define HAVE_PWRITEV2 1
| #define HAVE_READLINK 1
| #define HAVE_READLINKAT 1
| #define HAVE_READV 1
| #define HAVE_REALPATH 1
| #define HAVE_RENAMEAT 1
| #define HAVE_SCHED_GET_PRIORITY_MAX 1
| #define HAVE_SCHED_RR_GET_INTERVAL 1
| #define HAVE_SCHED_SETAFFINITY 1
| #define HAVE_SCHED_SETPARAM 1
| #define HAVE_SCHED_SETSCHEDULER 1
| #define HAVE_SEM_CLOCKWAIT 1
| #define HAVE_SEM_GETVALUE 1
| #define HAVE_SEM_OPEN 1
| #define HAVE_SEM_TIMEDWAIT 1
| #define HAVE_SEM_UNLINK 1
| #define HAVE_SENDFILE 1
| #define HAVE_SETEGID 1
| #define HAVE_SETEUID 1
| #define HAVE_SETGID 1
| #define HAVE_SETHOSTNAME 1
| #define HAVE_SETITIMER 1
| #define HAVE_SETLOCALE 1
| #define HAVE_SETPGID 1
| #define HAVE_SETPGRP 1
| #define HAVE_SETPRIORITY 1
| #define HAVE_SETREGID 1
| #define HAVE_SETRESGID 1
| #define HAVE_SETRESUID 1
| #define HAVE_SETREUID 1
| #define HAVE_SETSID 1
| #define HAVE_SETUID 1
| #define HAVE_SETVBUF 1
| #define HAVE_SHUTDOWN 1
| #define HAVE_SIGACTION 1
| #define HAVE_SIGALTSTACK 1
| #define HAVE_SIGFILLSET 1
| #define HAVE_SIGINTERRUPT 1
| #define HAVE_SIGPENDING 1
| #define HAVE_SIGRELSE 1
| #define HAVE_SIGTIMEDWAIT 1
| #define HAVE_SIGWAIT 1
| #define HAVE_SIGWAITINFO 1
| #define HAVE_SNPRINTF 1
| #define HAVE_SPLICE 1
| #define HAVE_STRFTIME 1
| #define HAVE_STRSIGNAL 1
| #define HAVE_SYMLINKAT 1
| #define HAVE_SYNC 1
| #define HAVE_SYSCONF 1
| #define HAVE_TCGETPGRP 1
| #define HAVE_TCSETPGRP 1
| #define HAVE_TEMPNAM 1
| #define HAVE_TIMEGM 1
| #define HAVE_TIMES 1
| #define HAVE_TMPFILE 1
| #define HAVE_TMPNAM 1
| #define HAVE_TMPNAM_R 1
| #define HAVE_TRUNCATE 1
| #define HAVE_TTYNAME_R 1
| #define HAVE_UMASK 1
| #define HAVE_UNAME 1
| #define HAVE_UNLINKAT 1
| #define HAVE_UNLOCKPT 1
| #define HAVE_UTIMENSAT 1
| #define HAVE_UTIMES 1
| #define HAVE_VFORK 1
| #define HAVE_WAIT 1
| #define HAVE_WAIT3 1
| #define HAVE_WAIT4 1
| #define HAVE_WAITID 1
| #define HAVE_WAITPID 1
| #define HAVE_WCSCOLL 1
| #define HAVE_WCSFTIME 1
| #define HAVE_WCSXFRM 1
| #define HAVE_WMEMCMP 1
| #define HAVE_WRITEV 1
| #define HAVE_GETENTROPY 1
| #define HAVE_GETGROUPS 1
| #define HAVE_SYSTEM 1
| #define HAVE_DIRFD 1
| #define HAVE_CHROOT 1
| #define HAVE_LINK 1
| #define HAVE_SYMLINK 1
| #define HAVE_FCHDIR 1
| #define HAVE_FSYNC 1
| #define HAVE_FDATASYNC 1
| #define HAVE_EPOLL 1
| #define HAVE_EPOLL_CREATE1 1
| #define HAVE_PRLIMIT 1
| #define HAVE_MEMFD_CREATE 1
| #define HAVE_EVENTFD 1
| #define HAVE_TIMERFD_CREATE 1
| #define HAVE_FLOCK 1
| #define HAVE_GETPAGESIZE 1
| #define HAVE_ZLIB_COPY 1
| #define HAVE_BZLIB_H 1
| #define HAVE_HSTRERROR 1
| #define HAVE_GETSERVBYNAME 1
| #define HAVE_GETSERVBYPORT 1
| #define HAVE_GETHOSTBYNAME 1
| #define HAVE_GETHOSTBYADDR 1
| #define HAVE_GETPROTOBYNAME 1
| #define HAVE_INET_ATON 1
| #define HAVE_INET_NTOA 1
| #define HAVE_INET_PTON 1
| #define HAVE_GETPEERNAME 1
| #define HAVE_GETSOCKNAME 1
| #define HAVE_ACCEPT 1
| #define HAVE_BIND 1
| #define HAVE_CONNECT 1
| #define HAVE_LISTEN 1
| #define HAVE_RECVFROM 1
| #define HAVE_SENDTO 1
| #define HAVE_SETSOCKOPT 1
| #define HAVE_SOCKET 1
| #define HAVE_SETGROUPS 1
| #define HAVE_DECL_UT_NAMESIZE 1
| #define HAVE_UT_NAMESIZE 1
| #define HAVE_OPENPTY 1
| #define HAVE_LOGIN_TTY 1
| #define HAVE_FORKPTY 1
| #define HAVE_FSEEKO 1
| #define HAVE_FSTATVFS 1
| #define HAVE_FTELLO 1
| #define HAVE_STATVFS 1
| #define HAVE_DUP2 1
| #define HAVE_GETPGRP 1
| #define HAVE_SETPGRP 1
| #define HAVE_SETNS 1
| #define HAVE_UNSHARE 1
| #define HAVE_CLOCK_GETTIME 1
| #define HAVE_CLOCK_GETRES 1
| #define HAVE_CLOCK_SETTIME 1
| #define HAVE_CLOCK_NANOSLEEP 1
| #define HAVE_NANOSLEEP 1
| #define HAVE_DEVICE_MACROS 1
| #define SYS_SELECT_WITH_SYS_TIME 1
| #define HAVE_GETADDRINFO 1
| #define HAVE_GETNAMEINFO 1
| #define HAVE_STRUCT_TM_TM_ZONE 1
| #define HAVE_TM_ZONE 1
| #define HAVE_STRUCT_STAT_ST_RDEV 1
| #define HAVE_STRUCT_STAT_ST_BLKSIZE 1
| #define HAVE_STRUCT_STAT_ST_BLOCKS 1
| #define HAVE_STRUCT_PASSWD_PW_GECOS 1
| #define HAVE_STRUCT_PASSWD_PW_PASSWD 1
| #define HAVE_SIGINFO_T_SI_BAND 1
| #define HAVE_ADDRINFO 1
| #define HAVE_SOCKADDR_STORAGE 1
| #define HAVE_SOCKADDR_ALG 1
| #define HAVE_PROTOTYPES 1
| #define HAVE_SOCKETPAIR 1
| #define HAVE_GETHOSTBYNAME_R 1
| #define HAVE_GETHOSTBYNAME_R 1
| #define HAVE_GETHOSTBYNAME_R_6_ARG 1
| #define HAVE_GCC_ASM_FOR_X64 1
| #define DOUBLE_IS_LITTLE_ENDIAN_IEEE754 1
| #define HAVE_GCC_ASM_FOR_X87 1
| #define HAVE_ACOSH 1
| #define HAVE_ASINH 1
| #define HAVE_ATANH 1
| #define HAVE_ERF 1
| #define HAVE_ERFC 1
| #define HAVE_EXPM1 1
| #define HAVE_LOG1P 1
| #define HAVE_LOG2 1
| #define HAVE_DECL_RTLD_LAZY 1
| #define HAVE_DECL_RTLD_NOW 1
| #define HAVE_DECL_RTLD_GLOBAL 1
| #define HAVE_DECL_RTLD_LOCAL 1
| #define HAVE_DECL_RTLD_NODELETE 1
| #define HAVE_DECL_RTLD_NOLOAD 1
| #define HAVE_DECL_RTLD_DEEPBIND 1
| #define HAVE_DECL_RTLD_MEMBER 0
| #define HAVE_WCHAR_H 1
| #define SIZEOF_WCHAR_T 4
| #define HAVE_GETC_UNLOCKED 1
| #define HAVE_RL_COMPLETION_APPEND_CHARACTER 1
| #define HAVE_RL_COMPLETION_SUPPRESS_APPEND 1
| #define HAVE_RL_PRE_INPUT_HOOK 1
| #define HAVE_RL_COMPLETION_DISPLAY_MATCHES_HOOK 1
| #define HAVE_RL_RESIZE_TERMINAL 1
| #define HAVE_RL_COMPLETION_MATCHES 1
| #define HAVE_RL_CATCH_SIGNAL 1
| #define HAVE_RL_APPEND_HISTORY 1
| /* end confdefs.h.  */
| 
|       #include <stdio.h> /* Must be first for Gnu Readline */
|       #ifdef WITH_EDITLINE
|       # include <editline/readline.h>
|       #else
|       # include <readline/readline.h>
|       # include <readline/history.h>
|       #endif
| 
| 
| int
| main (void)
| {
| if (sizeof ((rl_compdisp_func_t)))
| 	    return 0;
|   ;
|   return 0;
| }
configure:25855: result: yes
configure:25876: checking if rl_startup_hook takes arguments
configure:25903: gcc -c   -D_DEFAULT_SOURCE  conftest.c >&5
conftest.c: In function 'main':
conftest.c:483:16: warning: assignment to 'int (*)(void)' from incompatible pointer type 'int (*)(const char *, int)' [-Wincompatible-pointer-types]
  483 | rl_startup_hook=test_hook_func;
      |                ^
configure:25903: $? = 0
configure:25913: result: yes
configure:25934: checking for broken nice()
configure:25959: gcc -o conftest    conftest.c -ldl  >&5
configure:25959: $? = 0
configure:25959: ./conftest
configure:25959: $? = 1
configure: program exited with status 1
configure: failed program was:
| /* confdefs.h */
| #define _NETBSD_SOURCE 1
| #define __BSD_VISIBLE 1
| #define _DARWIN_C_SOURCE 1
| #define _PYTHONFRAMEWORK ""
| #define _XOPEN_SOURCE 700
| #define _XOPEN_SOURCE_EXTENDED 1
| #define _POSIX_C_SOURCE 200809L
| #define HAVE_STDIO_H 1
| #define HAVE_STDLIB_H 1
| #define HAVE_STRING_H 1
| #define HAVE_INTTYPES_H 1
| #define HAVE_STDINT_H 1
| #define HAVE_STRINGS_H 1
| #define HAVE_SYS_STAT_H 1
| #define HAVE_SYS_TYPES_H 1
| #define HAVE_UNISTD_H 1
| #define HAVE_WCHAR_H 1
| #define STDC_HEADERS 1
| #define _ALL_SOURCE 1
| #define _DARWIN_C_SOURCE 1
| #define _GNU_SOURCE 1
| #define _HPUX_ALT_XOPEN_SOCKET_API 1
| #define _NETBSD_SOURCE 1
| #define _OPENBSD_SOURCE 1
| #define _POSIX_PTHREAD_SEMANTICS 1
| #define __STDC_WANT_IEC_60559_ATTRIBS_EXT__ 1
| #define __STDC_WANT_IEC_60559_BFP_EXT__ 1
| #define __STDC_WANT_IEC_60559_DFP_EXT__ 1
| #define __STDC_WANT_IEC_60559_FUNCS_EXT__ 1
| #define __STDC_WANT_IEC_60559_TYPES_EXT__ 1
| #define __STDC_WANT_LIB_EXT2__ 1
| #define __STDC_WANT_MATH_SPEC_FUNCS__ 1
| #define _TANDEM_SOURCE 1
| #define __EXTENSIONS__ 1
| #define PY_SUPPORT_TIER 1
| #define STDC_HEADERS 1
| #define HAVE_ALLOCA_H 1
| #define HAVE_ASM_TYPES_H 1
| #define HAVE_DLFCN_H 1
| #define HAVE_ENDIAN_H 1
| #define HAVE_ERRNO_H 1
| #define HAVE_FCNTL_H 1
| #define HAVE_GRP_H 1
| #define HAVE_LANGINFO_H 1
| #define HAVE_LIBINTL_H 1
| #define HAVE_LINUX_AUXVEC_H 1
| #define HAVE_SYS_AUXV_H 1
| #define HAVE_LINUX_FS_H 1
| #define HAVE_LINUX_LIMITS_H 1
| #define HAVE_LINUX_MEMFD_H 1
| #define HAVE_LINUX_RANDOM_H 1
| #define HAVE_LINUX_SOUNDCARD_H 1
| #define HAVE_LINUX_TIPC_H 1
| #define HAVE_LINUX_WAIT_H 1
| #define HAVE_NETDB_H 1
| #define HAVE_NET_ETHERNET_H 1
| #define HAVE_NETINET_IN_H 1
| #define HAVE_NETPACKET_PACKET_H 1
| #define HAVE_POLL_H 1
| #define HAVE_PTHREAD_H 1
| #define HAVE_PTY_H 1
| #define HAVE_SCHED_H 1
| #define HAVE_SETJMP_H 1
| #define HAVE_SHADOW_H 1
| #define HAVE_SIGNAL_H 1
| #define HAVE_SPAWN_H 1
| #define HAVE_SYS_EPOLL_H 1
| #define HAVE_SYS_EVENTFD_H 1
| #define HAVE_SYS_FILE_H 1
| #define HAVE_SYS_IOCTL_H 1
| #define HAVE_SYS_MMAN_H 1
| #define HAVE_SYS_PARAM_H 1
| #define HAVE_SYS_PIDFD_H 1
| #define HAVE_SYS_POLL_H 1
| #define HAVE_SYS_RANDOM_H 1
| #define HAVE_SYS_RESOURCE_H 1
| #define HAVE_SYS_SELECT_H 1
| #define HAVE_SYS_SENDFILE_H 1
| #define HAVE_SYS_SOCKET_H 1
| #define HAVE_SYS_SOUNDCARD_H 1
| #define HAVE_SYS_STAT_H 1
| #define HAVE_SYS_STATVFS_H 1
| #define HAVE_SYS_SYSCALL_H 1
| #define HAVE_SYS_SYSMACROS_H 1
| #define HAVE_SYS_TIME_H 1
| #define HAVE_SYS_TIMES_H 1
| #define HAVE_SYS_TIMERFD_H 1
| #define HAVE_SYS_TYPES_H 1
| #define HAVE_SYS_UIO_H 1
| #define HAVE_SYS_UN_H 1
| #define HAVE_SYS_UTSNAME_H 1
| #define HAVE_SYS_WAIT_H 1
| #define HAVE_SYS_XATTR_H 1
| #define HAVE_SYSEXITS_H 1
| #define HAVE_SYSLOG_H 1
| #define HAVE_TERMIOS_H 1
| #define HAVE_UTIME_H 1
| #define HAVE_UTMP_H 1
| #define HAVE_DIRENT_H 1
| #define MAJOR_IN_SYSMACROS 1
| #define HAVE_NET_IF_H 1
| #define HAVE_LINUX_NETLINK_H 1
| #define HAVE_LINUX_QRTR_H 1
| #define HAVE_LINUX_VM_SOCKETS_H 1
| #define HAVE_LINUX_CAN_H 1
| #define HAVE_LINUX_CAN_BCM_H 1
| #define HAVE_LINUX_CAN_J1939_H 1
| #define HAVE_LINUX_CAN_RAW_H 1
| #define HAVE_CLOCK_T 1
| #define HAVE_MAKEDEV 1
| #define HAVE_HTOLE64 1
| #define _LARGEFILE_SOURCE 1
| #define _FILE_OFFSET_BITS 64
| #if defined(SCO_DS)
| #undef _OFF_T
| #endif
| #define RETSIGTYPE void
| #define HAVE_SSIZE_T 1
| #define HAVE___UINT128_T 1
| #define HAVE_GCC_UINT128_T 1
| #define SIZEOF_INT 4
| #define SIZEOF_LONG 8
| #define ALIGNOF_LONG 8
| #define SIZEOF_LONG_LONG 8
| #define SIZEOF_VOID_P 8
| #define SIZEOF_SHORT 2
| #define SIZEOF_FLOAT 4
| #define SIZEOF_DOUBLE 8
| #define SIZEOF_FPOS_T 16
| #define SIZEOF_SIZE_T 8
| #define ALIGNOF_SIZE_T 8
| #define SIZEOF_PID_T 4
| #define SIZEOF_UINTPTR_T 8
| #define ALIGNOF_MAX_ALIGN_T 16
| #define HAVE_LONG_DOUBLE 1
| #define SIZEOF_LONG_DOUBLE 16
| #define SIZEOF__BOOL 1
| #define SIZEOF_OFF_T 8
| #define SIZEOF_TIME_T 8
| #define SIZEOF_PTHREAD_T 8
| #define SIZEOF_PTHREAD_KEY_T 4
| #define PTHREAD_KEY_T_IS_COMPATIBLE_WITH_INT 1
| #define PY_HAVE_PERF_TRAMPOLINE 1
| #define HAVE_LIBDL 1
| #define HAVE_FFI_PREP_CIF_VAR 1
| #define HAVE_FFI_PREP_CLOSURE_LOC 1
| #define HAVE_FFI_CLOSURE_ALLOC 1
| #define WITH_DECIMAL_CONTEXTVAR 1
| #define HAVE_LIBSQLITE3 1
| #define HAVE_LIBSQLITE3 1
| #define HAVE_LIBSQLITE3 1
| #define HAVE_LIBSQLITE3 1
| #define HAVE_LIBSQLITE3 1
| #define HAVE_LIBSQLITE3 1
| #define HAVE_LIBSQLITE3 1
| #define HAVE_LIBSQLITE3 1
| #define HAVE_LIBSQLITE3 1
| #define PY_SQLITE_HAVE_SERIALIZE 1
| #define _REENTRANT 1
| #define PTHREAD_SYSTEM_SCHED_SUPPORTED 1
| #define HAVE_PTHREAD_SIGMASK 1
| #define HAVE_PTHREAD_GETCPUCLOCKID 1
| #define ENABLE_IPV6 1
| #define HAVE_LINUX_CAN_RAW_FD_FRAMES 1
| #define HAVE_LINUX_CAN_RAW_JOIN_FILTERS 1
| #define WITH_DOC_STRINGS 1
| #define HAVE_STD_ATOMIC 1
| #define HAVE_BUILTIN_ATOMIC 1
| #define WITH_MIMALLOC 1
| #define WITH_PYMALLOC 1
| #define WITH_FREELISTS 1
| #define PY_COERCE_C_LOCALE 1
| #define HAVE_DLOPEN 1
| #define HAVE_DYNAMIC_LOADING 1
| #define HAVE_ACCEPT4 1
| #define HAVE_ALARM 1
| #define HAVE_BIND_TEXTDOMAIN_CODESET 1
| #define HAVE_CHMOD 1
| #define HAVE_CHOWN 1
| #define HAVE_CLOCK 1
| #define HAVE_CLOSEFROM 1
| #define HAVE_CLOSE_RANGE 1
| #define HAVE_CONFSTR 1
| #define HAVE_COPY_FILE_RANGE 1
| #define HAVE_CTERMID 1
| #define HAVE_DUP 1
| #define HAVE_DUP3 1
| #define HAVE_EXECV 1
| #define HAVE_EXPLICIT_BZERO 1
| #define HAVE_FACCESSAT 1
| #define HAVE_FCHMOD 1
| #define HAVE_FCHMODAT 1
| #define HAVE_FCHOWN 1
| #define HAVE_FCHOWNAT 1
| #define HAVE_FDOPENDIR 1
| #define HAVE_FEXECVE 1
| #define HAVE_FORK 1
| #define HAVE_FPATHCONF 1
| #define HAVE_FSTATAT 1
| #define HAVE_FTIME 1
| #define HAVE_FTRUNCATE 1
| #define HAVE_FUTIMENS 1
| #define HAVE_FUTIMES 1
| #define HAVE_FUTIMESAT 1
| #define HAVE_GAI_STRERROR 1
| #define HAVE_GETEGID 1
| #define HAVE_GETEUID 1
| #define HAVE_GETGID 1
| #define HAVE_GETGRENT 1
| #define HAVE_GETGRGID 1
| #define HAVE_GETGRGID_R 1
| #define HAVE_GETGRNAM_R 1
| #define HAVE_GETGROUPLIST 1
| #define HAVE_GETHOSTNAME 1
| #define HAVE_GETITIMER 1
| #define HAVE_GETLOADAVG 1
| #define HAVE_GETLOGIN 1
| #define HAVE_GETLOGIN_R 1
| #define HAVE_GETPEERNAME 1
| #define HAVE_GETPGID 1
| #define HAVE_GETPID 1
| #define HAVE_GETPPID 1
| #define HAVE_GETPRIORITY 1
| #define HAVE_GETPWENT 1
| #define HAVE_GETPWNAM_R 1
| #define HAVE_GETPWUID 1
| #define HAVE_GETPWUID_R 1
| #define HAVE_GETRESGID 1
| #define HAVE_GETRESUID 1
| #define HAVE_GETRUSAGE 1
| #define HAVE_GETSID 1
| #define HAVE_GETSPENT 1
| #define HAVE_GETSPNAM 1
| #define HAVE_GETUID 1
| #define HAVE_GETWD 1
| #define HAVE_GRANTPT 1
| #define HAVE_IF_NAMEINDEX 1
| #define HAVE_INITGROUPS 1
| #define HAVE_KILL 1
| #define HAVE_KILLPG 1
| #define HAVE_LCHOWN 1
| #define HAVE_LINKAT 1
| #define HAVE_LOCKF 1
| #define HAVE_LSTAT 1
| #define HAVE_LUTIMES 1
| #define HAVE_MADVISE 1
| #define HAVE_MBRTOWC 1
| #define HAVE_MEMRCHR 1
| #define HAVE_MKDIRAT 1
| #define HAVE_MKFIFO 1
| #define HAVE_MKFIFOAT 1
| #define HAVE_MKNOD 1
| #define HAVE_MKNODAT 1
| #define HAVE_MKTIME 1
| #define HAVE_MMAP 1
| #define HAVE_MREMAP 1
| #define HAVE_NICE 1
| #define HAVE_OPENAT 1
| #define HAVE_OPENDIR 1
| #define HAVE_PATHCONF 1
| #define HAVE_PAUSE 1
| #define HAVE_PIPE 1
| #define HAVE_PIPE2 1
| #define HAVE_POLL 1
| #define HAVE_POSIX_FADVISE 1
| #define HAVE_POSIX_FALLOCATE 1
| #define HAVE_POSIX_OPENPT 1
| #define HAVE_POSIX_SPAWN 1
| #define HAVE_POSIX_SPAWNP 1
| #define HAVE_POSIX_SPAWN_FILE_ACTIONS_ADDCLOSEFROM_NP 1
| #define HAVE_PREAD 1
| #define HAVE_PREADV 1
| #define HAVE_PREADV2 1
| #define HAVE_PROCESS_VM_READV 1
| #define HAVE_PTHREAD_CONDATTR_SETCLOCK 1
| #define HAVE_PTHREAD_KILL 1
| #define HAVE_PTSNAME 1
| #define HAVE_PTSNAME_R 1
| #define HAVE_PWRITE 1
| #define HAVE_PWRITEV 1
| #define HAVE_PWRITEV2 1
| #define HAVE_READLINK 1
| #define HAVE_READLINKAT 1
| #define HAVE_READV 1
| #define HAVE_REALPATH 1
| #define HAVE_RENAMEAT 1
| #define HAVE_SCHED_GET_PRIORITY_MAX 1
| #define HAVE_SCHED_RR_GET_INTERVAL 1
| #define HAVE_SCHED_SETAFFINITY 1
| #define HAVE_SCHED_SETPARAM 1
| #define HAVE_SCHED_SETSCHEDULER 1
| #define HAVE_SEM_CLOCKWAIT 1
| #define HAVE_SEM_GETVALUE 1
| #define HAVE_SEM_OPEN 1
| #define HAVE_SEM_TIMEDWAIT 1
| #define HAVE_SEM_UNLINK 1
| #define HAVE_SENDFILE 1
| #define HAVE_SETEGID 1
| #define HAVE_SETEUID 1
| #define HAVE_SETGID 1
| #define HAVE_SETHOSTNAME 1
| #define HAVE_SETITIMER 1
| #define HAVE_SETLOCALE 1
| #define HAVE_SETPGID 1
| #define HAVE_SETPGRP 1
| #define HAVE_SETPRIORITY 1
| #define HAVE_SETREGID 1
| #define HAVE_SETRESGID 1
| #define HAVE_SETRESUID 1
| #define HAVE_SETREUID 1
| #define HAVE_SETSID 1
| #define HAVE_SETUID 1
| #define HAVE_SETVBUF 1
| #define HAVE_SHUTDOWN 1
| #define HAVE_SIGACTION 1
| #define HAVE_SIGALTSTACK 1
| #define HAVE_SIGFILLSET 1
| #define HAVE_SIGINTERRUPT 1
| #define HAVE_SIGPENDING 1
| #define HAVE_SIGRELSE 1
| #define HAVE_SIGTIMEDWAIT 1
| #define HAVE_SIGWAIT 1
| #define HAVE_SIGWAITINFO 1
| #define HAVE_SNPRINTF 1
| #define HAVE_SPLICE 1
| #define HAVE_STRFTIME 1
| #define HAVE_STRSIGNAL 1
| #define HAVE_SYMLINKAT 1
| #define HAVE_SYNC 1
| #define HAVE_SYSCONF 1
| #define HAVE_TCGETPGRP 1
| #define HAVE_TCSETPGRP 1
| #define HAVE_TEMPNAM 1
| #define HAVE_TIMEGM 1
| #define HAVE_TIMES 1
| #define HAVE_TMPFILE 1
| #define HAVE_TMPNAM 1
| #define HAVE_TMPNAM_R 1
| #define HAVE_TRUNCATE 1
| #define HAVE_TTYNAME_R 1
| #define HAVE_UMASK 1
| #define HAVE_UNAME 1
| #define HAVE_UNLINKAT 1
| #define HAVE_UNLOCKPT 1
| #define HAVE_UTIMENSAT 1
| #define HAVE_UTIMES 1
| #define HAVE_VFORK 1
| #define HAVE_WAIT 1
| #define HAVE_WAIT3 1
| #define HAVE_WAIT4 1
| #define HAVE_WAITID 1
| #define HAVE_WAITPID 1
| #define HAVE_WCSCOLL 1
| #define HAVE_WCSFTIME 1
| #define HAVE_WCSXFRM 1
| #define HAVE_WMEMCMP 1
| #define HAVE_WRITEV 1
| #define HAVE_GETENTROPY 1
| #define HAVE_GETGROUPS 1
| #define HAVE_SYSTEM 1
| #define HAVE_DIRFD 1
| #define HAVE_CHROOT 1
| #define HAVE_LINK 1
| #define HAVE_SYMLINK 1
| #define HAVE_FCHDIR 1
| #define HAVE_FSYNC 1
| #define HAVE_FDATASYNC 1
| #define HAVE_EPOLL 1
| #define HAVE_EPOLL_CREATE1 1
| #define HAVE_PRLIMIT 1
| #define HAVE_MEMFD_CREATE 1
| #define HAVE_EVENTFD 1
| #define HAVE_TIMERFD_CREATE 1
| #define HAVE_FLOCK 1
| #define HAVE_GETPAGESIZE 1
| #define HAVE_ZLIB_COPY 1
| #define HAVE_BZLIB_H 1
| #define HAVE_HSTRERROR 1
| #define HAVE_GETSERVBYNAME 1
| #define HAVE_GETSERVBYPORT 1
| #define HAVE_GETHOSTBYNAME 1
| #define HAVE_GETHOSTBYADDR 1
| #define HAVE_GETPROTOBYNAME 1
| #define HAVE_INET_ATON 1
| #define HAVE_INET_NTOA 1
| #define HAVE_INET_PTON 1
| #define HAVE_GETPEERNAME 1
| #define HAVE_GETSOCKNAME 1
| #define HAVE_ACCEPT 1
| #define HAVE_BIND 1
| #define HAVE_CONNECT 1
| #define HAVE_LISTEN 1
| #define HAVE_RECVFROM 1
| #define HAVE_SENDTO 1
| #define HAVE_SETSOCKOPT 1
| #define HAVE_SOCKET 1
| #define HAVE_SETGROUPS 1
| #define HAVE_DECL_UT_NAMESIZE 1
| #define HAVE_UT_NAMESIZE 1
| #define HAVE_OPENPTY 1
| #define HAVE_LOGIN_TTY 1
| #define HAVE_FORKPTY 1
| #define HAVE_FSEEKO 1
| #define HAVE_FSTATVFS 1
| #define HAVE_FTELLO 1
| #define HAVE_STATVFS 1
| #define HAVE_DUP2 1
| #define HAVE_GETPGRP 1
| #define HAVE_SETPGRP 1
| #define HAVE_SETNS 1
| #define HAVE_UNSHARE 1
| #define HAVE_CLOCK_GETTIME 1
| #define HAVE_CLOCK_GETRES 1
| #define HAVE_CLOCK_SETTIME 1
| #define HAVE_CLOCK_NANOSLEEP 1
| #define HAVE_NANOSLEEP 1
| #define HAVE_DEVICE_MACROS 1
| #define SYS_SELECT_WITH_SYS_TIME 1
| #define HAVE_GETADDRINFO 1
| #define HAVE_GETNAMEINFO 1
| #define HAVE_STRUCT_TM_TM_ZONE 1
| #define HAVE_TM_ZONE 1
| #define HAVE_STRUCT_STAT_ST_RDEV 1
| #define HAVE_STRUCT_STAT_ST_BLKSIZE 1
| #define HAVE_STRUCT_STAT_ST_BLOCKS 1
| #define HAVE_STRUCT_PASSWD_PW_GECOS 1
| #define HAVE_STRUCT_PASSWD_PW_PASSWD 1
| #define HAVE_SIGINFO_T_SI_BAND 1
| #define HAVE_ADDRINFO 1
| #define HAVE_SOCKADDR_STORAGE 1
| #define HAVE_SOCKADDR_ALG 1
| #define HAVE_PROTOTYPES 1
| #define HAVE_SOCKETPAIR 1
| #define HAVE_GETHOSTBYNAME_R 1
| #define HAVE_GETHOSTBYNAME_R 1
| #define HAVE_GETHOSTBYNAME_R_6_ARG 1
| #define HAVE_GCC_ASM_FOR_X64 1
| #define DOUBLE_IS_LITTLE_ENDIAN_IEEE754 1
| #define HAVE_GCC_ASM_FOR_X87 1
| #define HAVE_ACOSH 1
| #define HAVE_ASINH 1
| #define HAVE_ATANH 1
| #define HAVE_ERF 1
| #define HAVE_ERFC 1
| #define HAVE_EXPM1 1
| #define HAVE_LOG1P 1
| #define HAVE_LOG2 1
| #define HAVE_DECL_RTLD_LAZY 1
| #define HAVE_DECL_RTLD_NOW 1
| #define HAVE_DECL_RTLD_GLOBAL 1
| #define HAVE_DECL_RTLD_LOCAL 1
| #define HAVE_DECL_RTLD_NODELETE 1
| #define HAVE_DECL_RTLD_NOLOAD 1
| #define HAVE_DECL_RTLD_DEEPBIND 1
| #define HAVE_DECL_RTLD_MEMBER 0
| #define HAVE_WCHAR_H 1
| #define SIZEOF_WCHAR_T 4
| #define HAVE_GETC_UNLOCKED 1
| #define HAVE_RL_COMPLETION_APPEND_CHARACTER 1
| #define HAVE_RL_COMPLETION_SUPPRESS_APPEND 1
| #define HAVE_RL_PRE_INPUT_HOOK 1
| #define HAVE_RL_COMPLETION_DISPLAY_MATCHES_HOOK 1
| #define HAVE_RL_RESIZE_TERMINAL 1
| #define HAVE_RL_COMPLETION_MATCHES 1
| #define HAVE_RL_CATCH_SIGNAL 1
| #define HAVE_RL_APPEND_HISTORY 1
| #define HAVE_RL_COMPDISP_FUNC_T 1
| #define Py_RL_STARTUP_HOOK_TAKES_ARGS 1
| /* end confdefs.h.  */
| 
| #include <stdlib.h>
| #include <unistd.h>
| int main(void)
| {
| 	int val1 = nice(1);
| 	if (val1 != -1 && val1 == nice(2))
| 		exit(0);
| 	exit(1);
| }
| 
configure:25970: result: no
configure:25979: checking for broken poll()
configure:26012: gcc -o conftest    conftest.c -ldl  >&5
configure:26012: $? = 0
configure:26012: ./conftest
configure:26012: $? = 1
configure: program exited with status 1
configure: failed program was:
| /* confdefs.h */
| #define _NETBSD_SOURCE 1
| #define __BSD_VISIBLE 1
| #define _DARWIN_C_SOURCE 1
| #define _PYTHONFRAMEWORK ""
| #define _XOPEN_SOURCE 700
| #define _XOPEN_SOURCE_EXTENDED 1
| #define _POSIX_C_SOURCE 200809L
| #define HAVE_STDIO_H 1
| #define HAVE_STDLIB_H 1
| #define HAVE_STRING_H 1
| #define HAVE_INTTYPES_H 1
| #define HAVE_STDINT_H 1
| #define HAVE_STRINGS_H 1
| #define HAVE_SYS_STAT_H 1
| #define HAVE_SYS_TYPES_H 1
| #define HAVE_UNISTD_H 1
| #define HAVE_WCHAR_H 1
| #define STDC_HEADERS 1
| #define _ALL_SOURCE 1
| #define _DARWIN_C_SOURCE 1
| #define _GNU_SOURCE 1
| #define _HPUX_ALT_XOPEN_SOCKET_API 1
| #define _NETBSD_SOURCE 1
| #define _OPENBSD_SOURCE 1
| #define _POSIX_PTHREAD_SEMANTICS 1
| #define __STDC_WANT_IEC_60559_ATTRIBS_EXT__ 1
| #define __STDC_WANT_IEC_60559_BFP_EXT__ 1
| #define __STDC_WANT_IEC_60559_DFP_EXT__ 1
| #define __STDC_WANT_IEC_60559_FUNCS_EXT__ 1
| #define __STDC_WANT_IEC_60559_TYPES_EXT__ 1
| #define __STDC_WANT_LIB_EXT2__ 1
| #define __STDC_WANT_MATH_SPEC_FUNCS__ 1
| #define _TANDEM_SOURCE 1
| #define __EXTENSIONS__ 1
| #define PY_SUPPORT_TIER 1
| #define STDC_HEADERS 1
| #define HAVE_ALLOCA_H 1
| #define HAVE_ASM_TYPES_H 1
| #define HAVE_DLFCN_H 1
| #define HAVE_ENDIAN_H 1
| #define HAVE_ERRNO_H 1
| #define HAVE_FCNTL_H 1
| #define HAVE_GRP_H 1
| #define HAVE_LANGINFO_H 1
| #define HAVE_LIBINTL_H 1
| #define HAVE_LINUX_AUXVEC_H 1
| #define HAVE_SYS_AUXV_H 1
| #define HAVE_LINUX_FS_H 1
| #define HAVE_LINUX_LIMITS_H 1
| #define HAVE_LINUX_MEMFD_H 1
| #define HAVE_LINUX_RANDOM_H 1
| #define HAVE_LINUX_SOUNDCARD_H 1
| #define HAVE_LINUX_TIPC_H 1
| #define HAVE_LINUX_WAIT_H 1
| #define HAVE_NETDB_H 1
| #define HAVE_NET_ETHERNET_H 1
| #define HAVE_NETINET_IN_H 1
| #define HAVE_NETPACKET_PACKET_H 1
| #define HAVE_POLL_H 1
| #define HAVE_PTHREAD_H 1
| #define HAVE_PTY_H 1
| #define HAVE_SCHED_H 1
| #define HAVE_SETJMP_H 1
| #define HAVE_SHADOW_H 1
| #define HAVE_SIGNAL_H 1
| #define HAVE_SPAWN_H 1
| #define HAVE_SYS_EPOLL_H 1
| #define HAVE_SYS_EVENTFD_H 1
| #define HAVE_SYS_FILE_H 1
| #define HAVE_SYS_IOCTL_H 1
| #define HAVE_SYS_MMAN_H 1
| #define HAVE_SYS_PARAM_H 1
| #define HAVE_SYS_PIDFD_H 1
| #define HAVE_SYS_POLL_H 1
| #define HAVE_SYS_RANDOM_H 1
| #define HAVE_SYS_RESOURCE_H 1
| #define HAVE_SYS_SELECT_H 1
| #define HAVE_SYS_SENDFILE_H 1
| #define HAVE_SYS_SOCKET_H 1
| #define HAVE_SYS_SOUNDCARD_H 1
| #define HAVE_SYS_STAT_H 1
| #define HAVE_SYS_STATVFS_H 1
| #define HAVE_SYS_SYSCALL_H 1
| #define HAVE_SYS_SYSMACROS_H 1
| #define HAVE_SYS_TIME_H 1
| #define HAVE_SYS_TIMES_H 1
| #define HAVE_SYS_TIMERFD_H 1
| #define HAVE_SYS_TYPES_H 1
| #define HAVE_SYS_UIO_H 1
| #define HAVE_SYS_UN_H 1
| #define HAVE_SYS_UTSNAME_H 1
| #define HAVE_SYS_WAIT_H 1
| #define HAVE_SYS_XATTR_H 1
| #define HAVE_SYSEXITS_H 1
| #define HAVE_SYSLOG_H 1
| #define HAVE_TERMIOS_H 1
| #define HAVE_UTIME_H 1
| #define HAVE_UTMP_H 1
| #define HAVE_DIRENT_H 1
| #define MAJOR_IN_SYSMACROS 1
| #define HAVE_NET_IF_H 1
| #define HAVE_LINUX_NETLINK_H 1
| #define HAVE_LINUX_QRTR_H 1
| #define HAVE_LINUX_VM_SOCKETS_H 1
| #define HAVE_LINUX_CAN_H 1
| #define HAVE_LINUX_CAN_BCM_H 1
| #define HAVE_LINUX_CAN_J1939_H 1
| #define HAVE_LINUX_CAN_RAW_H 1
| #define HAVE_CLOCK_T 1
| #define HAVE_MAKEDEV 1
| #define HAVE_HTOLE64 1
| #define _LARGEFILE_SOURCE 1
| #define _FILE_OFFSET_BITS 64
| #if defined(SCO_DS)
| #undef _OFF_T
| #endif
| #define RETSIGTYPE void
| #define HAVE_SSIZE_T 1
| #define HAVE___UINT128_T 1
| #define HAVE_GCC_UINT128_T 1
| #define SIZEOF_INT 4
| #define SIZEOF_LONG 8
| #define ALIGNOF_LONG 8
| #define SIZEOF_LONG_LONG 8
| #define SIZEOF_VOID_P 8
| #define SIZEOF_SHORT 2
| #define SIZEOF_FLOAT 4
| #define SIZEOF_DOUBLE 8
| #define SIZEOF_FPOS_T 16
| #define SIZEOF_SIZE_T 8
| #define ALIGNOF_SIZE_T 8
| #define SIZEOF_PID_T 4
| #define SIZEOF_UINTPTR_T 8
| #define ALIGNOF_MAX_ALIGN_T 16
| #define HAVE_LONG_DOUBLE 1
| #define SIZEOF_LONG_DOUBLE 16
| #define SIZEOF__BOOL 1
| #define SIZEOF_OFF_T 8
| #define SIZEOF_TIME_T 8
| #define SIZEOF_PTHREAD_T 8
| #define SIZEOF_PTHREAD_KEY_T 4
| #define PTHREAD_KEY_T_IS_COMPATIBLE_WITH_INT 1
| #define PY_HAVE_PERF_TRAMPOLINE 1
| #define HAVE_LIBDL 1
| #define HAVE_FFI_PREP_CIF_VAR 1
| #define HAVE_FFI_PREP_CLOSURE_LOC 1
| #define HAVE_FFI_CLOSURE_ALLOC 1
| #define WITH_DECIMAL_CONTEXTVAR 1
| #define HAVE_LIBSQLITE3 1
| #define HAVE_LIBSQLITE3 1
| #define HAVE_LIBSQLITE3 1
| #define HAVE_LIBSQLITE3 1
| #define HAVE_LIBSQLITE3 1
| #define HAVE_LIBSQLITE3 1
| #define HAVE_LIBSQLITE3 1
| #define HAVE_LIBSQLITE3 1
| #define HAVE_LIBSQLITE3 1
| #define PY_SQLITE_HAVE_SERIALIZE 1
| #define _REENTRANT 1
| #define PTHREAD_SYSTEM_SCHED_SUPPORTED 1
| #define HAVE_PTHREAD_SIGMASK 1
| #define HAVE_PTHREAD_GETCPUCLOCKID 1
| #define ENABLE_IPV6 1
| #define HAVE_LINUX_CAN_RAW_FD_FRAMES 1
| #define HAVE_LINUX_CAN_RAW_JOIN_FILTERS 1
| #define WITH_DOC_STRINGS 1
| #define HAVE_STD_ATOMIC 1
| #define HAVE_BUILTIN_ATOMIC 1
| #define WITH_MIMALLOC 1
| #define WITH_PYMALLOC 1
| #define WITH_FREELISTS 1
| #define PY_COERCE_C_LOCALE 1
| #define HAVE_DLOPEN 1
| #define HAVE_DYNAMIC_LOADING 1
| #define HAVE_ACCEPT4 1
| #define HAVE_ALARM 1
| #define HAVE_BIND_TEXTDOMAIN_CODESET 1
| #define HAVE_CHMOD 1
| #define HAVE_CHOWN 1
| #define HAVE_CLOCK 1
| #define HAVE_CLOSEFROM 1
| #define HAVE_CLOSE_RANGE 1
| #define HAVE_CONFSTR 1
| #define HAVE_COPY_FILE_RANGE 1
| #define HAVE_CTERMID 1
| #define HAVE_DUP 1
| #define HAVE_DUP3 1
| #define HAVE_EXECV 1
| #define HAVE_EXPLICIT_BZERO 1
| #define HAVE_FACCESSAT 1
| #define HAVE_FCHMOD 1
| #define HAVE_FCHMODAT 1
| #define HAVE_FCHOWN 1
| #define HAVE_FCHOWNAT 1
| #define HAVE_FDOPENDIR 1
| #define HAVE_FEXECVE 1
| #define HAVE_FORK 1
| #define HAVE_FPATHCONF 1
| #define HAVE_FSTATAT 1
| #define HAVE_FTIME 1
| #define HAVE_FTRUNCATE 1
| #define HAVE_FUTIMENS 1
| #define HAVE_FUTIMES 1
| #define HAVE_FUTIMESAT 1
| #define HAVE_GAI_STRERROR 1
| #define HAVE_GETEGID 1
| #define HAVE_GETEUID 1
| #define HAVE_GETGID 1
| #define HAVE_GETGRENT 1
| #define HAVE_GETGRGID 1
| #define HAVE_GETGRGID_R 1
| #define HAVE_GETGRNAM_R 1
| #define HAVE_GETGROUPLIST 1
| #define HAVE_GETHOSTNAME 1
| #define HAVE_GETITIMER 1
| #define HAVE_GETLOADAVG 1
| #define HAVE_GETLOGIN 1
| #define HAVE_GETLOGIN_R 1
| #define HAVE_GETPEERNAME 1
| #define HAVE_GETPGID 1
| #define HAVE_GETPID 1
| #define HAVE_GETPPID 1
| #define HAVE_GETPRIORITY 1
| #define HAVE_GETPWENT 1
| #define HAVE_GETPWNAM_R 1
| #define HAVE_GETPWUID 1
| #define HAVE_GETPWUID_R 1
| #define HAVE_GETRESGID 1
| #define HAVE_GETRESUID 1
| #define HAVE_GETRUSAGE 1
| #define HAVE_GETSID 1
| #define HAVE_GETSPENT 1
| #define HAVE_GETSPNAM 1
| #define HAVE_GETUID 1
| #define HAVE_GETWD 1
| #define HAVE_GRANTPT 1
| #define HAVE_IF_NAMEINDEX 1
| #define HAVE_INITGROUPS 1
| #define HAVE_KILL 1
| #define HAVE_KILLPG 1
| #define HAVE_LCHOWN 1
| #define HAVE_LINKAT 1
| #define HAVE_LOCKF 1
| #define HAVE_LSTAT 1
| #define HAVE_LUTIMES 1
| #define HAVE_MADVISE 1
| #define HAVE_MBRTOWC 1
| #define HAVE_MEMRCHR 1
| #define HAVE_MKDIRAT 1
| #define HAVE_MKFIFO 1
| #define HAVE_MKFIFOAT 1
| #define HAVE_MKNOD 1
| #define HAVE_MKNODAT 1
| #define HAVE_MKTIME 1
| #define HAVE_MMAP 1
| #define HAVE_MREMAP 1
| #define HAVE_NICE 1
| #define HAVE_OPENAT 1
| #define HAVE_OPENDIR 1
| #define HAVE_PATHCONF 1
| #define HAVE_PAUSE 1
| #define HAVE_PIPE 1
| #define HAVE_PIPE2 1
| #define HAVE_POLL 1
| #define HAVE_POSIX_FADVISE 1
| #define HAVE_POSIX_FALLOCATE 1
| #define HAVE_POSIX_OPENPT 1
| #define HAVE_POSIX_SPAWN 1
| #define HAVE_POSIX_SPAWNP 1
| #define HAVE_POSIX_SPAWN_FILE_ACTIONS_ADDCLOSEFROM_NP 1
| #define HAVE_PREAD 1
| #define HAVE_PREADV 1
| #define HAVE_PREADV2 1
| #define HAVE_PROCESS_VM_READV 1
| #define HAVE_PTHREAD_CONDATTR_SETCLOCK 1
| #define HAVE_PTHREAD_KILL 1
| #define HAVE_PTSNAME 1
| #define HAVE_PTSNAME_R 1
| #define HAVE_PWRITE 1
| #define HAVE_PWRITEV 1
| #define HAVE_PWRITEV2 1
| #define HAVE_READLINK 1
| #define HAVE_READLINKAT 1
| #define HAVE_READV 1
| #define HAVE_REALPATH 1
| #define HAVE_RENAMEAT 1
| #define HAVE_SCHED_GET_PRIORITY_MAX 1
| #define HAVE_SCHED_RR_GET_INTERVAL 1
| #define HAVE_SCHED_SETAFFINITY 1
| #define HAVE_SCHED_SETPARAM 1
| #define HAVE_SCHED_SETSCHEDULER 1
| #define HAVE_SEM_CLOCKWAIT 1
| #define HAVE_SEM_GETVALUE 1
| #define HAVE_SEM_OPEN 1
| #define HAVE_SEM_TIMEDWAIT 1
| #define HAVE_SEM_UNLINK 1
| #define HAVE_SENDFILE 1
| #define HAVE_SETEGID 1
| #define HAVE_SETEUID 1
| #define HAVE_SETGID 1
| #define HAVE_SETHOSTNAME 1
| #define HAVE_SETITIMER 1
| #define HAVE_SETLOCALE 1
| #define HAVE_SETPGID 1
| #define HAVE_SETPGRP 1
| #define HAVE_SETPRIORITY 1
| #define HAVE_SETREGID 1
| #define HAVE_SETRESGID 1
| #define HAVE_SETRESUID 1
| #define HAVE_SETREUID 1
| #define HAVE_SETSID 1
| #define HAVE_SETUID 1
| #define HAVE_SETVBUF 1
| #define HAVE_SHUTDOWN 1
| #define HAVE_SIGACTION 1
| #define HAVE_SIGALTSTACK 1
| #define HAVE_SIGFILLSET 1
| #define HAVE_SIGINTERRUPT 1
| #define HAVE_SIGPENDING 1
| #define HAVE_SIGRELSE 1
| #define HAVE_SIGTIMEDWAIT 1
| #define HAVE_SIGWAIT 1
| #define HAVE_SIGWAITINFO 1
| #define HAVE_SNPRINTF 1
| #define HAVE_SPLICE 1
| #define HAVE_STRFTIME 1
| #define HAVE_STRSIGNAL 1
| #define HAVE_SYMLINKAT 1
| #define HAVE_SYNC 1
| #define HAVE_SYSCONF 1
| #define HAVE_TCGETPGRP 1
| #define HAVE_TCSETPGRP 1
| #define HAVE_TEMPNAM 1
| #define HAVE_TIMEGM 1
| #define HAVE_TIMES 1
| #define HAVE_TMPFILE 1
| #define HAVE_TMPNAM 1
| #define HAVE_TMPNAM_R 1
| #define HAVE_TRUNCATE 1
| #define HAVE_TTYNAME_R 1
| #define HAVE_UMASK 1
| #define HAVE_UNAME 1
| #define HAVE_UNLINKAT 1
| #define HAVE_UNLOCKPT 1
| #define HAVE_UTIMENSAT 1
| #define HAVE_UTIMES 1
| #define HAVE_VFORK 1
| #define HAVE_WAIT 1
| #define HAVE_WAIT3 1
| #define HAVE_WAIT4 1
| #define HAVE_WAITID 1
| #define HAVE_WAITPID 1
| #define HAVE_WCSCOLL 1
| #define HAVE_WCSFTIME 1
| #define HAVE_WCSXFRM 1
| #define HAVE_WMEMCMP 1
| #define HAVE_WRITEV 1
| #define HAVE_GETENTROPY 1
| #define HAVE_GETGROUPS 1
| #define HAVE_SYSTEM 1
| #define HAVE_DIRFD 1
| #define HAVE_CHROOT 1
| #define HAVE_LINK 1
| #define HAVE_SYMLINK 1
| #define HAVE_FCHDIR 1
| #define HAVE_FSYNC 1
| #define HAVE_FDATASYNC 1
| #define HAVE_EPOLL 1
| #define HAVE_EPOLL_CREATE1 1
| #define HAVE_PRLIMIT 1
| #define HAVE_MEMFD_CREATE 1
| #define HAVE_EVENTFD 1
| #define HAVE_TIMERFD_CREATE 1
| #define HAVE_FLOCK 1
| #define HAVE_GETPAGESIZE 1
| #define HAVE_ZLIB_COPY 1
| #define HAVE_BZLIB_H 1
| #define HAVE_HSTRERROR 1
| #define HAVE_GETSERVBYNAME 1
| #define HAVE_GETSERVBYPORT 1
| #define HAVE_GETHOSTBYNAME 1
| #define HAVE_GETHOSTBYADDR 1
| #define HAVE_GETPROTOBYNAME 1
| #define HAVE_INET_ATON 1
| #define HAVE_INET_NTOA 1
| #define HAVE_INET_PTON 1
| #define HAVE_GETPEERNAME 1
| #define HAVE_GETSOCKNAME 1
| #define HAVE_ACCEPT 1
| #define HAVE_BIND 1
| #define HAVE_CONNECT 1
| #define HAVE_LISTEN 1
| #define HAVE_RECVFROM 1
| #define HAVE_SENDTO 1
| #define HAVE_SETSOCKOPT 1
| #define HAVE_SOCKET 1
| #define HAVE_SETGROUPS 1
| #define HAVE_DECL_UT_NAMESIZE 1
| #define HAVE_UT_NAMESIZE 1
| #define HAVE_OPENPTY 1
| #define HAVE_LOGIN_TTY 1
| #define HAVE_FORKPTY 1
| #define HAVE_FSEEKO 1
| #define HAVE_FSTATVFS 1
| #define HAVE_FTELLO 1
| #define HAVE_STATVFS 1
| #define HAVE_DUP2 1
| #define HAVE_GETPGRP 1
| #define HAVE_SETPGRP 1
| #define HAVE_SETNS 1
| #define HAVE_UNSHARE 1
| #define HAVE_CLOCK_GETTIME 1
| #define HAVE_CLOCK_GETRES 1
| #define HAVE_CLOCK_SETTIME 1
| #define HAVE_CLOCK_NANOSLEEP 1
| #define HAVE_NANOSLEEP 1
| #define HAVE_DEVICE_MACROS 1
| #define SYS_SELECT_WITH_SYS_TIME 1
| #define HAVE_GETADDRINFO 1
| #define HAVE_GETNAMEINFO 1
| #define HAVE_STRUCT_TM_TM_ZONE 1
| #define HAVE_TM_ZONE 1
| #define HAVE_STRUCT_STAT_ST_RDEV 1
| #define HAVE_STRUCT_STAT_ST_BLKSIZE 1
| #define HAVE_STRUCT_STAT_ST_BLOCKS 1
| #define HAVE_STRUCT_PASSWD_PW_GECOS 1
| #define HAVE_STRUCT_PASSWD_PW_PASSWD 1
| #define HAVE_SIGINFO_T_SI_BAND 1
| #define HAVE_ADDRINFO 1
| #define HAVE_SOCKADDR_STORAGE 1
| #define HAVE_SOCKADDR_ALG 1
| #define HAVE_PROTOTYPES 1
| #define HAVE_SOCKETPAIR 1
| #define HAVE_GETHOSTBYNAME_R 1
| #define HAVE_GETHOSTBYNAME_R 1
| #define HAVE_GETHOSTBYNAME_R_6_ARG 1
| #define HAVE_GCC_ASM_FOR_X64 1
| #define DOUBLE_IS_LITTLE_ENDIAN_IEEE754 1
| #define HAVE_GCC_ASM_FOR_X87 1
| #define HAVE_ACOSH 1
| #define HAVE_ASINH 1
| #define HAVE_ATANH 1
| #define HAVE_ERF 1
| #define HAVE_ERFC 1
| #define HAVE_EXPM1 1
| #define HAVE_LOG1P 1
| #define HAVE_LOG2 1
| #define HAVE_DECL_RTLD_LAZY 1
| #define HAVE_DECL_RTLD_NOW 1
| #define HAVE_DECL_RTLD_GLOBAL 1
| #define HAVE_DECL_RTLD_LOCAL 1
| #define HAVE_DECL_RTLD_NODELETE 1
| #define HAVE_DECL_RTLD_NOLOAD 1
| #define HAVE_DECL_RTLD_DEEPBIND 1
| #define HAVE_DECL_RTLD_MEMBER 0
| #define HAVE_WCHAR_H 1
| #define SIZEOF_WCHAR_T 4
| #define HAVE_GETC_UNLOCKED 1
| #define HAVE_RL_COMPLETION_APPEND_CHARACTER 1
| #define HAVE_RL_COMPLETION_SUPPRESS_APPEND 1
| #define HAVE_RL_PRE_INPUT_HOOK 1
| #define HAVE_RL_COMPLETION_DISPLAY_MATCHES_HOOK 1
| #define HAVE_RL_RESIZE_TERMINAL 1
| #define HAVE_RL_COMPLETION_MATCHES 1
| #define HAVE_RL_CATCH_SIGNAL 1
| #define HAVE_RL_APPEND_HISTORY 1
| #define HAVE_RL_COMPDISP_FUNC_T 1
| #define Py_RL_STARTUP_HOOK_TAKES_ARGS 1
| /* end confdefs.h.  */
| 
| #include <poll.h>
| #include <unistd.h>
| 
| int main(void)
| {
|     struct pollfd poll_struct = { 42, POLLIN|POLLPRI|POLLOUT, 0 };
|     int poll_test;
| 
|     close (42);
| 
|     poll_test = poll(&poll_struct, 1, 0);
|     if (poll_test < 0)
|         return 0;
|     else if (poll_test == 0 && poll_struct.revents != POLLNVAL)
|         return 0;
|     else
|         return 1;
| }
| 
configure:26023: result: no
configure:26033: checking for working tzset()
configure:26111: gcc -o conftest    conftest.c -ldl  >&5
configure:26111: $? = 0
configure:26111: ./conftest
configure:26111: $? = 0
configure:26122: result: yes
configure:26132: checking for tv_nsec in struct stat
configure:26152: gcc -c   conftest.c >&5
configure:26152: $? = 0
configure:26160: result: yes
configure:26170: checking for tv_nsec2 in struct stat
configure:26190: gcc -c   conftest.c >&5
conftest.c: In function 'main':
conftest.c:479:3: error: 'struct stat' has no member named 'st_mtimespec'
  479 | st.st_mtimespec.tv_nsec = 1;
      |   ^
configure:26190: $? = 1
configure: failed program was:
| /* confdefs.h */
| #define _NETBSD_SOURCE 1
| #define __BSD_VISIBLE 1
| #define _DARWIN_C_SOURCE 1
| #define _PYTHONFRAMEWORK ""
| #define _XOPEN_SOURCE 700
| #define _XOPEN_SOURCE_EXTENDED 1
| #define _POSIX_C_SOURCE 200809L
| #define HAVE_STDIO_H 1
| #define HAVE_STDLIB_H 1
| #define HAVE_STRING_H 1
| #define HAVE_INTTYPES_H 1
| #define HAVE_STDINT_H 1
| #define HAVE_STRINGS_H 1
| #define HAVE_SYS_STAT_H 1
| #define HAVE_SYS_TYPES_H 1
| #define HAVE_UNISTD_H 1
| #define HAVE_WCHAR_H 1
| #define STDC_HEADERS 1
| #define _ALL_SOURCE 1
| #define _DARWIN_C_SOURCE 1
| #define _GNU_SOURCE 1
| #define _HPUX_ALT_XOPEN_SOCKET_API 1
| #define _NETBSD_SOURCE 1
| #define _OPENBSD_SOURCE 1
| #define _POSIX_PTHREAD_SEMANTICS 1
| #define __STDC_WANT_IEC_60559_ATTRIBS_EXT__ 1
| #define __STDC_WANT_IEC_60559_BFP_EXT__ 1
| #define __STDC_WANT_IEC_60559_DFP_EXT__ 1
| #define __STDC_WANT_IEC_60559_FUNCS_EXT__ 1
| #define __STDC_WANT_IEC_60559_TYPES_EXT__ 1
| #define __STDC_WANT_LIB_EXT2__ 1
| #define __STDC_WANT_MATH_SPEC_FUNCS__ 1
| #define _TANDEM_SOURCE 1
| #define __EXTENSIONS__ 1
| #define PY_SUPPORT_TIER 1
| #define STDC_HEADERS 1
| #define HAVE_ALLOCA_H 1
| #define HAVE_ASM_TYPES_H 1
| #define HAVE_DLFCN_H 1
| #define HAVE_ENDIAN_H 1
| #define HAVE_ERRNO_H 1
| #define HAVE_FCNTL_H 1
| #define HAVE_GRP_H 1
| #define HAVE_LANGINFO_H 1
| #define HAVE_LIBINTL_H 1
| #define HAVE_LINUX_AUXVEC_H 1
| #define HAVE_SYS_AUXV_H 1
| #define HAVE_LINUX_FS_H 1
| #define HAVE_LINUX_LIMITS_H 1
| #define HAVE_LINUX_MEMFD_H 1
| #define HAVE_LINUX_RANDOM_H 1
| #define HAVE_LINUX_SOUNDCARD_H 1
| #define HAVE_LINUX_TIPC_H 1
| #define HAVE_LINUX_WAIT_H 1
| #define HAVE_NETDB_H 1
| #define HAVE_NET_ETHERNET_H 1
| #define HAVE_NETINET_IN_H 1
| #define HAVE_NETPACKET_PACKET_H 1
| #define HAVE_POLL_H 1
| #define HAVE_PTHREAD_H 1
| #define HAVE_PTY_H 1
| #define HAVE_SCHED_H 1
| #define HAVE_SETJMP_H 1
| #define HAVE_SHADOW_H 1
| #define HAVE_SIGNAL_H 1
| #define HAVE_SPAWN_H 1
| #define HAVE_SYS_EPOLL_H 1
| #define HAVE_SYS_EVENTFD_H 1
| #define HAVE_SYS_FILE_H 1
| #define HAVE_SYS_IOCTL_H 1
| #define HAVE_SYS_MMAN_H 1
| #define HAVE_SYS_PARAM_H 1
| #define HAVE_SYS_PIDFD_H 1
| #define HAVE_SYS_POLL_H 1
| #define HAVE_SYS_RANDOM_H 1
| #define HAVE_SYS_RESOURCE_H 1
| #define HAVE_SYS_SELECT_H 1
| #define HAVE_SYS_SENDFILE_H 1
| #define HAVE_SYS_SOCKET_H 1
| #define HAVE_SYS_SOUNDCARD_H 1
| #define HAVE_SYS_STAT_H 1
| #define HAVE_SYS_STATVFS_H 1
| #define HAVE_SYS_SYSCALL_H 1
| #define HAVE_SYS_SYSMACROS_H 1
| #define HAVE_SYS_TIME_H 1
| #define HAVE_SYS_TIMES_H 1
| #define HAVE_SYS_TIMERFD_H 1
| #define HAVE_SYS_TYPES_H 1
| #define HAVE_SYS_UIO_H 1
| #define HAVE_SYS_UN_H 1
| #define HAVE_SYS_UTSNAME_H 1
| #define HAVE_SYS_WAIT_H 1
| #define HAVE_SYS_XATTR_H 1
| #define HAVE_SYSEXITS_H 1
| #define HAVE_SYSLOG_H 1
| #define HAVE_TERMIOS_H 1
| #define HAVE_UTIME_H 1
| #define HAVE_UTMP_H 1
| #define HAVE_DIRENT_H 1
| #define MAJOR_IN_SYSMACROS 1
| #define HAVE_NET_IF_H 1
| #define HAVE_LINUX_NETLINK_H 1
| #define HAVE_LINUX_QRTR_H 1
| #define HAVE_LINUX_VM_SOCKETS_H 1
| #define HAVE_LINUX_CAN_H 1
| #define HAVE_LINUX_CAN_BCM_H 1
| #define HAVE_LINUX_CAN_J1939_H 1
| #define HAVE_LINUX_CAN_RAW_H 1
| #define HAVE_CLOCK_T 1
| #define HAVE_MAKEDEV 1
| #define HAVE_HTOLE64 1
| #define _LARGEFILE_SOURCE 1
| #define _FILE_OFFSET_BITS 64
| #if defined(SCO_DS)
| #undef _OFF_T
| #endif
| #define RETSIGTYPE void
| #define HAVE_SSIZE_T 1
| #define HAVE___UINT128_T 1
| #define HAVE_GCC_UINT128_T 1
| #define SIZEOF_INT 4
| #define SIZEOF_LONG 8
| #define ALIGNOF_LONG 8
| #define SIZEOF_LONG_LONG 8
| #define SIZEOF_VOID_P 8
| #define SIZEOF_SHORT 2
| #define SIZEOF_FLOAT 4
| #define SIZEOF_DOUBLE 8
| #define SIZEOF_FPOS_T 16
| #define SIZEOF_SIZE_T 8
| #define ALIGNOF_SIZE_T 8
| #define SIZEOF_PID_T 4
| #define SIZEOF_UINTPTR_T 8
| #define ALIGNOF_MAX_ALIGN_T 16
| #define HAVE_LONG_DOUBLE 1
| #define SIZEOF_LONG_DOUBLE 16
| #define SIZEOF__BOOL 1
| #define SIZEOF_OFF_T 8
| #define SIZEOF_TIME_T 8
| #define SIZEOF_PTHREAD_T 8
| #define SIZEOF_PTHREAD_KEY_T 4
| #define PTHREAD_KEY_T_IS_COMPATIBLE_WITH_INT 1
| #define PY_HAVE_PERF_TRAMPOLINE 1
| #define HAVE_LIBDL 1
| #define HAVE_FFI_PREP_CIF_VAR 1
| #define HAVE_FFI_PREP_CLOSURE_LOC 1
| #define HAVE_FFI_CLOSURE_ALLOC 1
| #define WITH_DECIMAL_CONTEXTVAR 1
| #define HAVE_LIBSQLITE3 1
| #define HAVE_LIBSQLITE3 1
| #define HAVE_LIBSQLITE3 1
| #define HAVE_LIBSQLITE3 1
| #define HAVE_LIBSQLITE3 1
| #define HAVE_LIBSQLITE3 1
| #define HAVE_LIBSQLITE3 1
| #define HAVE_LIBSQLITE3 1
| #define HAVE_LIBSQLITE3 1
| #define PY_SQLITE_HAVE_SERIALIZE 1
| #define _REENTRANT 1
| #define PTHREAD_SYSTEM_SCHED_SUPPORTED 1
| #define HAVE_PTHREAD_SIGMASK 1
| #define HAVE_PTHREAD_GETCPUCLOCKID 1
| #define ENABLE_IPV6 1
| #define HAVE_LINUX_CAN_RAW_FD_FRAMES 1
| #define HAVE_LINUX_CAN_RAW_JOIN_FILTERS 1
| #define WITH_DOC_STRINGS 1
| #define HAVE_STD_ATOMIC 1
| #define HAVE_BUILTIN_ATOMIC 1
| #define WITH_MIMALLOC 1
| #define WITH_PYMALLOC 1
| #define WITH_FREELISTS 1
| #define PY_COERCE_C_LOCALE 1
| #define HAVE_DLOPEN 1
| #define HAVE_DYNAMIC_LOADING 1
| #define HAVE_ACCEPT4 1
| #define HAVE_ALARM 1
| #define HAVE_BIND_TEXTDOMAIN_CODESET 1
| #define HAVE_CHMOD 1
| #define HAVE_CHOWN 1
| #define HAVE_CLOCK 1
| #define HAVE_CLOSEFROM 1
| #define HAVE_CLOSE_RANGE 1
| #define HAVE_CONFSTR 1
| #define HAVE_COPY_FILE_RANGE 1
| #define HAVE_CTERMID 1
| #define HAVE_DUP 1
| #define HAVE_DUP3 1
| #define HAVE_EXECV 1
| #define HAVE_EXPLICIT_BZERO 1
| #define HAVE_FACCESSAT 1
| #define HAVE_FCHMOD 1
| #define HAVE_FCHMODAT 1
| #define HAVE_FCHOWN 1
| #define HAVE_FCHOWNAT 1
| #define HAVE_FDOPENDIR 1
| #define HAVE_FEXECVE 1
| #define HAVE_FORK 1
| #define HAVE_FPATHCONF 1
| #define HAVE_FSTATAT 1
| #define HAVE_FTIME 1
| #define HAVE_FTRUNCATE 1
| #define HAVE_FUTIMENS 1
| #define HAVE_FUTIMES 1
| #define HAVE_FUTIMESAT 1
| #define HAVE_GAI_STRERROR 1
| #define HAVE_GETEGID 1
| #define HAVE_GETEUID 1
| #define HAVE_GETGID 1
| #define HAVE_GETGRENT 1
| #define HAVE_GETGRGID 1
| #define HAVE_GETGRGID_R 1
| #define HAVE_GETGRNAM_R 1
| #define HAVE_GETGROUPLIST 1
| #define HAVE_GETHOSTNAME 1
| #define HAVE_GETITIMER 1
| #define HAVE_GETLOADAVG 1
| #define HAVE_GETLOGIN 1
| #define HAVE_GETLOGIN_R 1
| #define HAVE_GETPEERNAME 1
| #define HAVE_GETPGID 1
| #define HAVE_GETPID 1
| #define HAVE_GETPPID 1
| #define HAVE_GETPRIORITY 1
| #define HAVE_GETPWENT 1
| #define HAVE_GETPWNAM_R 1
| #define HAVE_GETPWUID 1
| #define HAVE_GETPWUID_R 1
| #define HAVE_GETRESGID 1
| #define HAVE_GETRESUID 1
| #define HAVE_GETRUSAGE 1
| #define HAVE_GETSID 1
| #define HAVE_GETSPENT 1
| #define HAVE_GETSPNAM 1
| #define HAVE_GETUID 1
| #define HAVE_GETWD 1
| #define HAVE_GRANTPT 1
| #define HAVE_IF_NAMEINDEX 1
| #define HAVE_INITGROUPS 1
| #define HAVE_KILL 1
| #define HAVE_KILLPG 1
| #define HAVE_LCHOWN 1
| #define HAVE_LINKAT 1
| #define HAVE_LOCKF 1
| #define HAVE_LSTAT 1
| #define HAVE_LUTIMES 1
| #define HAVE_MADVISE 1
| #define HAVE_MBRTOWC 1
| #define HAVE_MEMRCHR 1
| #define HAVE_MKDIRAT 1
| #define HAVE_MKFIFO 1
| #define HAVE_MKFIFOAT 1
| #define HAVE_MKNOD 1
| #define HAVE_MKNODAT 1
| #define HAVE_MKTIME 1
| #define HAVE_MMAP 1
| #define HAVE_MREMAP 1
| #define HAVE_NICE 1
| #define HAVE_OPENAT 1
| #define HAVE_OPENDIR 1
| #define HAVE_PATHCONF 1
| #define HAVE_PAUSE 1
| #define HAVE_PIPE 1
| #define HAVE_PIPE2 1
| #define HAVE_POLL 1
| #define HAVE_POSIX_FADVISE 1
| #define HAVE_POSIX_FALLOCATE 1
| #define HAVE_POSIX_OPENPT 1
| #define HAVE_POSIX_SPAWN 1
| #define HAVE_POSIX_SPAWNP 1
| #define HAVE_POSIX_SPAWN_FILE_ACTIONS_ADDCLOSEFROM_NP 1
| #define HAVE_PREAD 1
| #define HAVE_PREADV 1
| #define HAVE_PREADV2 1
| #define HAVE_PROCESS_VM_READV 1
| #define HAVE_PTHREAD_CONDATTR_SETCLOCK 1
| #define HAVE_PTHREAD_KILL 1
| #define HAVE_PTSNAME 1
| #define HAVE_PTSNAME_R 1
| #define HAVE_PWRITE 1
| #define HAVE_PWRITEV 1
| #define HAVE_PWRITEV2 1
| #define HAVE_READLINK 1
| #define HAVE_READLINKAT 1
| #define HAVE_READV 1
| #define HAVE_REALPATH 1
| #define HAVE_RENAMEAT 1
| #define HAVE_SCHED_GET_PRIORITY_MAX 1
| #define HAVE_SCHED_RR_GET_INTERVAL 1
| #define HAVE_SCHED_SETAFFINITY 1
| #define HAVE_SCHED_SETPARAM 1
| #define HAVE_SCHED_SETSCHEDULER 1
| #define HAVE_SEM_CLOCKWAIT 1
| #define HAVE_SEM_GETVALUE 1
| #define HAVE_SEM_OPEN 1
| #define HAVE_SEM_TIMEDWAIT 1
| #define HAVE_SEM_UNLINK 1
| #define HAVE_SENDFILE 1
| #define HAVE_SETEGID 1
| #define HAVE_SETEUID 1
| #define HAVE_SETGID 1
| #define HAVE_SETHOSTNAME 1
| #define HAVE_SETITIMER 1
| #define HAVE_SETLOCALE 1
| #define HAVE_SETPGID 1
| #define HAVE_SETPGRP 1
| #define HAVE_SETPRIORITY 1
| #define HAVE_SETREGID 1
| #define HAVE_SETRESGID 1
| #define HAVE_SETRESUID 1
| #define HAVE_SETREUID 1
| #define HAVE_SETSID 1
| #define HAVE_SETUID 1
| #define HAVE_SETVBUF 1
| #define HAVE_SHUTDOWN 1
| #define HAVE_SIGACTION 1
| #define HAVE_SIGALTSTACK 1
| #define HAVE_SIGFILLSET 1
| #define HAVE_SIGINTERRUPT 1
| #define HAVE_SIGPENDING 1
| #define HAVE_SIGRELSE 1
| #define HAVE_SIGTIMEDWAIT 1
| #define HAVE_SIGWAIT 1
| #define HAVE_SIGWAITINFO 1
| #define HAVE_SNPRINTF 1
| #define HAVE_SPLICE 1
| #define HAVE_STRFTIME 1
| #define HAVE_STRSIGNAL 1
| #define HAVE_SYMLINKAT 1
| #define HAVE_SYNC 1
| #define HAVE_SYSCONF 1
| #define HAVE_TCGETPGRP 1
| #define HAVE_TCSETPGRP 1
| #define HAVE_TEMPNAM 1
| #define HAVE_TIMEGM 1
| #define HAVE_TIMES 1
| #define HAVE_TMPFILE 1
| #define HAVE_TMPNAM 1
| #define HAVE_TMPNAM_R 1
| #define HAVE_TRUNCATE 1
| #define HAVE_TTYNAME_R 1
| #define HAVE_UMASK 1
| #define HAVE_UNAME 1
| #define HAVE_UNLINKAT 1
| #define HAVE_UNLOCKPT 1
| #define HAVE_UTIMENSAT 1
| #define HAVE_UTIMES 1
| #define HAVE_VFORK 1
| #define HAVE_WAIT 1
| #define HAVE_WAIT3 1
| #define HAVE_WAIT4 1
| #define HAVE_WAITID 1
| #define HAVE_WAITPID 1
| #define HAVE_WCSCOLL 1
| #define HAVE_WCSFTIME 1
| #define HAVE_WCSXFRM 1
| #define HAVE_WMEMCMP 1
| #define HAVE_WRITEV 1
| #define HAVE_GETENTROPY 1
| #define HAVE_GETGROUPS 1
| #define HAVE_SYSTEM 1
| #define HAVE_DIRFD 1
| #define HAVE_CHROOT 1
| #define HAVE_LINK 1
| #define HAVE_SYMLINK 1
| #define HAVE_FCHDIR 1
| #define HAVE_FSYNC 1
| #define HAVE_FDATASYNC 1
| #define HAVE_EPOLL 1
| #define HAVE_EPOLL_CREATE1 1
| #define HAVE_PRLIMIT 1
| #define HAVE_MEMFD_CREATE 1
| #define HAVE_EVENTFD 1
| #define HAVE_TIMERFD_CREATE 1
| #define HAVE_FLOCK 1
| #define HAVE_GETPAGESIZE 1
| #define HAVE_ZLIB_COPY 1
| #define HAVE_BZLIB_H 1
| #define HAVE_HSTRERROR 1
| #define HAVE_GETSERVBYNAME 1
| #define HAVE_GETSERVBYPORT 1
| #define HAVE_GETHOSTBYNAME 1
| #define HAVE_GETHOSTBYADDR 1
| #define HAVE_GETPROTOBYNAME 1
| #define HAVE_INET_ATON 1
| #define HAVE_INET_NTOA 1
| #define HAVE_INET_PTON 1
| #define HAVE_GETPEERNAME 1
| #define HAVE_GETSOCKNAME 1
| #define HAVE_ACCEPT 1
| #define HAVE_BIND 1
| #define HAVE_CONNECT 1
| #define HAVE_LISTEN 1
| #define HAVE_RECVFROM 1
| #define HAVE_SENDTO 1
| #define HAVE_SETSOCKOPT 1
| #define HAVE_SOCKET 1
| #define HAVE_SETGROUPS 1
| #define HAVE_DECL_UT_NAMESIZE 1
| #define HAVE_UT_NAMESIZE 1
| #define HAVE_OPENPTY 1
| #define HAVE_LOGIN_TTY 1
| #define HAVE_FORKPTY 1
| #define HAVE_FSEEKO 1
| #define HAVE_FSTATVFS 1
| #define HAVE_FTELLO 1
| #define HAVE_STATVFS 1
| #define HAVE_DUP2 1
| #define HAVE_GETPGRP 1
| #define HAVE_SETPGRP 1
| #define HAVE_SETNS 1
| #define HAVE_UNSHARE 1
| #define HAVE_CLOCK_GETTIME 1
| #define HAVE_CLOCK_GETRES 1
| #define HAVE_CLOCK_SETTIME 1
| #define HAVE_CLOCK_NANOSLEEP 1
| #define HAVE_NANOSLEEP 1
| #define HAVE_DEVICE_MACROS 1
| #define SYS_SELECT_WITH_SYS_TIME 1
| #define HAVE_GETADDRINFO 1
| #define HAVE_GETNAMEINFO 1
| #define HAVE_STRUCT_TM_TM_ZONE 1
| #define HAVE_TM_ZONE 1
| #define HAVE_STRUCT_STAT_ST_RDEV 1
| #define HAVE_STRUCT_STAT_ST_BLKSIZE 1
| #define HAVE_STRUCT_STAT_ST_BLOCKS 1
| #define HAVE_STRUCT_PASSWD_PW_GECOS 1
| #define HAVE_STRUCT_PASSWD_PW_PASSWD 1
| #define HAVE_SIGINFO_T_SI_BAND 1
| #define HAVE_ADDRINFO 1
| #define HAVE_SOCKADDR_STORAGE 1
| #define HAVE_SOCKADDR_ALG 1
| #define HAVE_PROTOTYPES 1
| #define HAVE_SOCKETPAIR 1
| #define HAVE_GETHOSTBYNAME_R 1
| #define HAVE_GETHOSTBYNAME_R 1
| #define HAVE_GETHOSTBYNAME_R_6_ARG 1
| #define HAVE_GCC_ASM_FOR_X64 1
| #define DOUBLE_IS_LITTLE_ENDIAN_IEEE754 1
| #define HAVE_GCC_ASM_FOR_X87 1
| #define HAVE_ACOSH 1
| #define HAVE_ASINH 1
| #define HAVE_ATANH 1
| #define HAVE_ERF 1
| #define HAVE_ERFC 1
| #define HAVE_EXPM1 1
| #define HAVE_LOG1P 1
| #define HAVE_LOG2 1
| #define HAVE_DECL_RTLD_LAZY 1
| #define HAVE_DECL_RTLD_NOW 1
| #define HAVE_DECL_RTLD_GLOBAL 1
| #define HAVE_DECL_RTLD_LOCAL 1
| #define HAVE_DECL_RTLD_NODELETE 1
| #define HAVE_DECL_RTLD_NOLOAD 1
| #define HAVE_DECL_RTLD_DEEPBIND 1
| #define HAVE_DECL_RTLD_MEMBER 0
| #define HAVE_WCHAR_H 1
| #define SIZEOF_WCHAR_T 4
| #define HAVE_GETC_UNLOCKED 1
| #define HAVE_RL_COMPLETION_APPEND_CHARACTER 1
| #define HAVE_RL_COMPLETION_SUPPRESS_APPEND 1
| #define HAVE_RL_PRE_INPUT_HOOK 1
| #define HAVE_RL_COMPLETION_DISPLAY_MATCHES_HOOK 1
| #define HAVE_RL_RESIZE_TERMINAL 1
| #define HAVE_RL_COMPLETION_MATCHES 1
| #define HAVE_RL_CATCH_SIGNAL 1
| #define HAVE_RL_APPEND_HISTORY 1
| #define HAVE_RL_COMPDISP_FUNC_T 1
| #define Py_RL_STARTUP_HOOK_TAKES_ARGS 1
| #define HAVE_WORKING_TZSET 1
| #define HAVE_STAT_TV_NSEC 1
| /* end confdefs.h.  */
| #include <sys/stat.h>
| int
| main (void)
| {
| 
| struct stat st;
| st.st_mtimespec.tv_nsec = 1;
| 
|   ;
|   return 0;
| }
configure:26198: result: no
configure:26217: checking for ncursesw
configure:26224: $PKG_CONFIG --exists --print-errors "ncursesw"
configure:26227: $? = 0
configure:26241: $PKG_CONFIG --exists --print-errors "ncursesw"
configure:26244: $? = 0
configure:26282: result: yes
configure:26290: checking for panelw
configure:26297: $PKG_CONFIG --exists --print-errors "panelw"
configure:26300: $? = 0
configure:26314: $PKG_CONFIG --exists --print-errors "panelw"
configure:26317: $? = 0
configure:26355: result: yes
configure:26529: checking for ncursesw/curses.h
configure:26529: gcc -c   -D_DEFAULT_SOURCE -D_XOPEN_SOURCE=600  -D_DEFAULT_SOURCE -D_XOPEN_SOURCE=600  conftest.c >&5
conftest.c:6: warning: "_XOPEN_SOURCE" redefined
    6 | #define _XOPEN_SOURCE 700
      | 
<command-line>: note: this is the location of the previous definition
configure:26529: $? = 0
configure:26529: result: yes
configure:26535: checking for ncursesw/ncurses.h
configure:26535: gcc -c   -D_DEFAULT_SOURCE -D_XOPEN_SOURCE=600  -D_DEFAULT_SOURCE -D_XOPEN_SOURCE=600  conftest.c >&5
conftest.c:6: warning: "_XOPEN_SOURCE" redefined
    6 | #define _XOPEN_SOURCE 700
      | 
<command-line>: note: this is the location of the previous definition
configure:26535: $? = 0
configure:26535: result: yes
configure:26541: checking for ncursesw/panel.h
configure:26541: gcc -c   -D_DEFAULT_SOURCE -D_XOPEN_SOURCE=600  -D_DEFAULT_SOURCE -D_XOPEN_SOURCE=600  conftest.c >&5
conftest.c:6: warning: "_XOPEN_SOURCE" redefined
    6 | #define _XOPEN_SOURCE 700
      | 
<command-line>: note: this is the location of the previous definition
configure:26541: $? = 0
configure:26541: result: yes
configure:26547: checking for ncurses/curses.h
configure:26547: gcc -c   -D_DEFAULT_SOURCE -D_XOPEN_SOURCE=600  -D_DEFAULT_SOURCE -D_XOPEN_SOURCE=600  conftest.c >&5
conftest.c:6: warning: "_XOPEN_SOURCE" redefined
    6 | #define _XOPEN_SOURCE 700
      | 
<command-line>: note: this is the location of the previous definition
conftest.c:506:10: fatal error: ncurses/curses.h: No such file or directory
  506 | #include <ncurses/curses.h>
      |          ^~~~~~~~~~~~~~~~~~
compilation terminated.
configure:26547: $? = 1
configure: failed program was:
| /* confdefs.h */
| #define _NETBSD_SOURCE 1
| #define __BSD_VISIBLE 1
| #define _DARWIN_C_SOURCE 1
| #define _PYTHONFRAMEWORK ""
| #define _XOPEN_SOURCE 700
| #define _XOPEN_SOURCE_EXTENDED 1
| #define _POSIX_C_SOURCE 200809L
| #define HAVE_STDIO_H 1
| #define HAVE_STDLIB_H 1
| #define HAVE_STRING_H 1
| #define HAVE_INTTYPES_H 1
| #define HAVE_STDINT_H 1
| #define HAVE_STRINGS_H 1
| #define HAVE_SYS_STAT_H 1
| #define HAVE_SYS_TYPES_H 1
| #define HAVE_UNISTD_H 1
| #define HAVE_WCHAR_H 1
| #define STDC_HEADERS 1
| #define _ALL_SOURCE 1
| #define _DARWIN_C_SOURCE 1
| #define _GNU_SOURCE 1
| #define _HPUX_ALT_XOPEN_SOCKET_API 1
| #define _NETBSD_SOURCE 1
| #define _OPENBSD_SOURCE 1
| #define _POSIX_PTHREAD_SEMANTICS 1
| #define __STDC_WANT_IEC_60559_ATTRIBS_EXT__ 1
| #define __STDC_WANT_IEC_60559_BFP_EXT__ 1
| #define __STDC_WANT_IEC_60559_DFP_EXT__ 1
| #define __STDC_WANT_IEC_60559_FUNCS_EXT__ 1
| #define __STDC_WANT_IEC_60559_TYPES_EXT__ 1
| #define __STDC_WANT_LIB_EXT2__ 1
| #define __STDC_WANT_MATH_SPEC_FUNCS__ 1
| #define _TANDEM_SOURCE 1
| #define __EXTENSIONS__ 1
| #define PY_SUPPORT_TIER 1
| #define STDC_HEADERS 1
| #define HAVE_ALLOCA_H 1
| #define HAVE_ASM_TYPES_H 1
| #define HAVE_DLFCN_H 1
| #define HAVE_ENDIAN_H 1
| #define HAVE_ERRNO_H 1
| #define HAVE_FCNTL_H 1
| #define HAVE_GRP_H 1
| #define HAVE_LANGINFO_H 1
| #define HAVE_LIBINTL_H 1
| #define HAVE_LINUX_AUXVEC_H 1
| #define HAVE_SYS_AUXV_H 1
| #define HAVE_LINUX_FS_H 1
| #define HAVE_LINUX_LIMITS_H 1
| #define HAVE_LINUX_MEMFD_H 1
| #define HAVE_LINUX_RANDOM_H 1
| #define HAVE_LINUX_SOUNDCARD_H 1
| #define HAVE_LINUX_TIPC_H 1
| #define HAVE_LINUX_WAIT_H 1
| #define HAVE_NETDB_H 1
| #define HAVE_NET_ETHERNET_H 1
| #define HAVE_NETINET_IN_H 1
| #define HAVE_NETPACKET_PACKET_H 1
| #define HAVE_POLL_H 1
| #define HAVE_PTHREAD_H 1
| #define HAVE_PTY_H 1
| #define HAVE_SCHED_H 1
| #define HAVE_SETJMP_H 1
| #define HAVE_SHADOW_H 1
| #define HAVE_SIGNAL_H 1
| #define HAVE_SPAWN_H 1
| #define HAVE_SYS_EPOLL_H 1
| #define HAVE_SYS_EVENTFD_H 1
| #define HAVE_SYS_FILE_H 1
| #define HAVE_SYS_IOCTL_H 1
| #define HAVE_SYS_MMAN_H 1
| #define HAVE_SYS_PARAM_H 1
| #define HAVE_SYS_PIDFD_H 1
| #define HAVE_SYS_POLL_H 1
| #define HAVE_SYS_RANDOM_H 1
| #define HAVE_SYS_RESOURCE_H 1
| #define HAVE_SYS_SELECT_H 1
| #define HAVE_SYS_SENDFILE_H 1
| #define HAVE_SYS_SOCKET_H 1
| #define HAVE_SYS_SOUNDCARD_H 1
| #define HAVE_SYS_STAT_H 1
| #define HAVE_SYS_STATVFS_H 1
| #define HAVE_SYS_SYSCALL_H 1
| #define HAVE_SYS_SYSMACROS_H 1
| #define HAVE_SYS_TIME_H 1
| #define HAVE_SYS_TIMES_H 1
| #define HAVE_SYS_TIMERFD_H 1
| #define HAVE_SYS_TYPES_H 1
| #define HAVE_SYS_UIO_H 1
| #define HAVE_SYS_UN_H 1
| #define HAVE_SYS_UTSNAME_H 1
| #define HAVE_SYS_WAIT_H 1
| #define HAVE_SYS_XATTR_H 1
| #define HAVE_SYSEXITS_H 1
| #define HAVE_SYSLOG_H 1
| #define HAVE_TERMIOS_H 1
| #define HAVE_UTIME_H 1
| #define HAVE_UTMP_H 1
| #define HAVE_DIRENT_H 1
| #define MAJOR_IN_SYSMACROS 1
| #define HAVE_NET_IF_H 1
| #define HAVE_LINUX_NETLINK_H 1
| #define HAVE_LINUX_QRTR_H 1
| #define HAVE_LINUX_VM_SOCKETS_H 1
| #define HAVE_LINUX_CAN_H 1
| #define HAVE_LINUX_CAN_BCM_H 1
| #define HAVE_LINUX_CAN_J1939_H 1
| #define HAVE_LINUX_CAN_RAW_H 1
| #define HAVE_CLOCK_T 1
| #define HAVE_MAKEDEV 1
| #define HAVE_HTOLE64 1
| #define _LARGEFILE_SOURCE 1
| #define _FILE_OFFSET_BITS 64
| #if defined(SCO_DS)
| #undef _OFF_T
| #endif
| #define RETSIGTYPE void
| #define HAVE_SSIZE_T 1
| #define HAVE___UINT128_T 1
| #define HAVE_GCC_UINT128_T 1
| #define SIZEOF_INT 4
| #define SIZEOF_LONG 8
| #define ALIGNOF_LONG 8
| #define SIZEOF_LONG_LONG 8
| #define SIZEOF_VOID_P 8
| #define SIZEOF_SHORT 2
| #define SIZEOF_FLOAT 4
| #define SIZEOF_DOUBLE 8
| #define SIZEOF_FPOS_T 16
| #define SIZEOF_SIZE_T 8
| #define ALIGNOF_SIZE_T 8
| #define SIZEOF_PID_T 4
| #define SIZEOF_UINTPTR_T 8
| #define ALIGNOF_MAX_ALIGN_T 16
| #define HAVE_LONG_DOUBLE 1
| #define SIZEOF_LONG_DOUBLE 16
| #define SIZEOF__BOOL 1
| #define SIZEOF_OFF_T 8
| #define SIZEOF_TIME_T 8
| #define SIZEOF_PTHREAD_T 8
| #define SIZEOF_PTHREAD_KEY_T 4
| #define PTHREAD_KEY_T_IS_COMPATIBLE_WITH_INT 1
| #define PY_HAVE_PERF_TRAMPOLINE 1
| #define HAVE_LIBDL 1
| #define HAVE_FFI_PREP_CIF_VAR 1
| #define HAVE_FFI_PREP_CLOSURE_LOC 1
| #define HAVE_FFI_CLOSURE_ALLOC 1
| #define WITH_DECIMAL_CONTEXTVAR 1
| #define HAVE_LIBSQLITE3 1
| #define HAVE_LIBSQLITE3 1
| #define HAVE_LIBSQLITE3 1
| #define HAVE_LIBSQLITE3 1
| #define HAVE_LIBSQLITE3 1
| #define HAVE_LIBSQLITE3 1
| #define HAVE_LIBSQLITE3 1
| #define HAVE_LIBSQLITE3 1
| #define HAVE_LIBSQLITE3 1
| #define PY_SQLITE_HAVE_SERIALIZE 1
| #define _REENTRANT 1
| #define PTHREAD_SYSTEM_SCHED_SUPPORTED 1
| #define HAVE_PTHREAD_SIGMASK 1
| #define HAVE_PTHREAD_GETCPUCLOCKID 1
| #define ENABLE_IPV6 1
| #define HAVE_LINUX_CAN_RAW_FD_FRAMES 1
| #define HAVE_LINUX_CAN_RAW_JOIN_FILTERS 1
| #define WITH_DOC_STRINGS 1
| #define HAVE_STD_ATOMIC 1
| #define HAVE_BUILTIN_ATOMIC 1
| #define WITH_MIMALLOC 1
| #define WITH_PYMALLOC 1
| #define WITH_FREELISTS 1
| #define PY_COERCE_C_LOCALE 1
| #define HAVE_DLOPEN 1
| #define HAVE_DYNAMIC_LOADING 1
| #define HAVE_ACCEPT4 1
| #define HAVE_ALARM 1
| #define HAVE_BIND_TEXTDOMAIN_CODESET 1
| #define HAVE_CHMOD 1
| #define HAVE_CHOWN 1
| #define HAVE_CLOCK 1
| #define HAVE_CLOSEFROM 1
| #define HAVE_CLOSE_RANGE 1
| #define HAVE_CONFSTR 1
| #define HAVE_COPY_FILE_RANGE 1
| #define HAVE_CTERMID 1
| #define HAVE_DUP 1
| #define HAVE_DUP3 1
| #define HAVE_EXECV 1
| #define HAVE_EXPLICIT_BZERO 1
| #define HAVE_FACCESSAT 1
| #define HAVE_FCHMOD 1
| #define HAVE_FCHMODAT 1
| #define HAVE_FCHOWN 1
| #define HAVE_FCHOWNAT 1
| #define HAVE_FDOPENDIR 1
| #define HAVE_FEXECVE 1
| #define HAVE_FORK 1
| #define HAVE_FPATHCONF 1
| #define HAVE_FSTATAT 1
| #define HAVE_FTIME 1
| #define HAVE_FTRUNCATE 1
| #define HAVE_FUTIMENS 1
| #define HAVE_FUTIMES 1
| #define HAVE_FUTIMESAT 1
| #define HAVE_GAI_STRERROR 1
| #define HAVE_GETEGID 1
| #define HAVE_GETEUID 1
| #define HAVE_GETGID 1
| #define HAVE_GETGRENT 1
| #define HAVE_GETGRGID 1
| #define HAVE_GETGRGID_R 1
| #define HAVE_GETGRNAM_R 1
| #define HAVE_GETGROUPLIST 1
| #define HAVE_GETHOSTNAME 1
| #define HAVE_GETITIMER 1
| #define HAVE_GETLOADAVG 1
| #define HAVE_GETLOGIN 1
| #define HAVE_GETLOGIN_R 1
| #define HAVE_GETPEERNAME 1
| #define HAVE_GETPGID 1
| #define HAVE_GETPID 1
| #define HAVE_GETPPID 1
| #define HAVE_GETPRIORITY 1
| #define HAVE_GETPWENT 1
| #define HAVE_GETPWNAM_R 1
| #define HAVE_GETPWUID 1
| #define HAVE_GETPWUID_R 1
| #define HAVE_GETRESGID 1
| #define HAVE_GETRESUID 1
| #define HAVE_GETRUSAGE 1
| #define HAVE_GETSID 1
| #define HAVE_GETSPENT 1
| #define HAVE_GETSPNAM 1
| #define HAVE_GETUID 1
| #define HAVE_GETWD 1
| #define HAVE_GRANTPT 1
| #define HAVE_IF_NAMEINDEX 1
| #define HAVE_INITGROUPS 1
| #define HAVE_KILL 1
| #define HAVE_KILLPG 1
| #define HAVE_LCHOWN 1
| #define HAVE_LINKAT 1
| #define HAVE_LOCKF 1
| #define HAVE_LSTAT 1
| #define HAVE_LUTIMES 1
| #define HAVE_MADVISE 1
| #define HAVE_MBRTOWC 1
| #define HAVE_MEMRCHR 1
| #define HAVE_MKDIRAT 1
| #define HAVE_MKFIFO 1
| #define HAVE_MKFIFOAT 1
| #define HAVE_MKNOD 1
| #define HAVE_MKNODAT 1
| #define HAVE_MKTIME 1
| #define HAVE_MMAP 1
| #define HAVE_MREMAP 1
| #define HAVE_NICE 1
| #define HAVE_OPENAT 1
| #define HAVE_OPENDIR 1
| #define HAVE_PATHCONF 1
| #define HAVE_PAUSE 1
| #define HAVE_PIPE 1
| #define HAVE_PIPE2 1
| #define HAVE_POLL 1
| #define HAVE_POSIX_FADVISE 1
| #define HAVE_POSIX_FALLOCATE 1
| #define HAVE_POSIX_OPENPT 1
| #define HAVE_POSIX_SPAWN 1
| #define HAVE_POSIX_SPAWNP 1
| #define HAVE_POSIX_SPAWN_FILE_ACTIONS_ADDCLOSEFROM_NP 1
| #define HAVE_PREAD 1
| #define HAVE_PREADV 1
| #define HAVE_PREADV2 1
| #define HAVE_PROCESS_VM_READV 1
| #define HAVE_PTHREAD_CONDATTR_SETCLOCK 1
| #define HAVE_PTHREAD_KILL 1
| #define HAVE_PTSNAME 1
| #define HAVE_PTSNAME_R 1
| #define HAVE_PWRITE 1
| #define HAVE_PWRITEV 1
| #define HAVE_PWRITEV2 1
| #define HAVE_READLINK 1
| #define HAVE_READLINKAT 1
| #define HAVE_READV 1
| #define HAVE_REALPATH 1
| #define HAVE_RENAMEAT 1
| #define HAVE_SCHED_GET_PRIORITY_MAX 1
| #define HAVE_SCHED_RR_GET_INTERVAL 1
| #define HAVE_SCHED_SETAFFINITY 1
| #define HAVE_SCHED_SETPARAM 1
| #define HAVE_SCHED_SETSCHEDULER 1
| #define HAVE_SEM_CLOCKWAIT 1
| #define HAVE_SEM_GETVALUE 1
| #define HAVE_SEM_OPEN 1
| #define HAVE_SEM_TIMEDWAIT 1
| #define HAVE_SEM_UNLINK 1
| #define HAVE_SENDFILE 1
| #define HAVE_SETEGID 1
| #define HAVE_SETEUID 1
| #define HAVE_SETGID 1
| #define HAVE_SETHOSTNAME 1
| #define HAVE_SETITIMER 1
| #define HAVE_SETLOCALE 1
| #define HAVE_SETPGID 1
| #define HAVE_SETPGRP 1
| #define HAVE_SETPRIORITY 1
| #define HAVE_SETREGID 1
| #define HAVE_SETRESGID 1
| #define HAVE_SETRESUID 1
| #define HAVE_SETREUID 1
| #define HAVE_SETSID 1
| #define HAVE_SETUID 1
| #define HAVE_SETVBUF 1
| #define HAVE_SHUTDOWN 1
| #define HAVE_SIGACTION 1
| #define HAVE_SIGALTSTACK 1
| #define HAVE_SIGFILLSET 1
| #define HAVE_SIGINTERRUPT 1
| #define HAVE_SIGPENDING 1
| #define HAVE_SIGRELSE 1
| #define HAVE_SIGTIMEDWAIT 1
| #define HAVE_SIGWAIT 1
| #define HAVE_SIGWAITINFO 1
| #define HAVE_SNPRINTF 1
| #define HAVE_SPLICE 1
| #define HAVE_STRFTIME 1
| #define HAVE_STRSIGNAL 1
| #define HAVE_SYMLINKAT 1
| #define HAVE_SYNC 1
| #define HAVE_SYSCONF 1
| #define HAVE_TCGETPGRP 1
| #define HAVE_TCSETPGRP 1
| #define HAVE_TEMPNAM 1
| #define HAVE_TIMEGM 1
| #define HAVE_TIMES 1
| #define HAVE_TMPFILE 1
| #define HAVE_TMPNAM 1
| #define HAVE_TMPNAM_R 1
| #define HAVE_TRUNCATE 1
| #define HAVE_TTYNAME_R 1
| #define HAVE_UMASK 1
| #define HAVE_UNAME 1
| #define HAVE_UNLINKAT 1
| #define HAVE_UNLOCKPT 1
| #define HAVE_UTIMENSAT 1
| #define HAVE_UTIMES 1
| #define HAVE_VFORK 1
| #define HAVE_WAIT 1
| #define HAVE_WAIT3 1
| #define HAVE_WAIT4 1
| #define HAVE_WAITID 1
| #define HAVE_WAITPID 1
| #define HAVE_WCSCOLL 1
| #define HAVE_WCSFTIME 1
| #define HAVE_WCSXFRM 1
| #define HAVE_WMEMCMP 1
| #define HAVE_WRITEV 1
| #define HAVE_GETENTROPY 1
| #define HAVE_GETGROUPS 1
| #define HAVE_SYSTEM 1
| #define HAVE_DIRFD 1
| #define HAVE_CHROOT 1
| #define HAVE_LINK 1
| #define HAVE_SYMLINK 1
| #define HAVE_FCHDIR 1
| #define HAVE_FSYNC 1
| #define HAVE_FDATASYNC 1
| #define HAVE_EPOLL 1
| #define HAVE_EPOLL_CREATE1 1
| #define HAVE_PRLIMIT 1
| #define HAVE_MEMFD_CREATE 1
| #define HAVE_EVENTFD 1
| #define HAVE_TIMERFD_CREATE 1
| #define HAVE_FLOCK 1
| #define HAVE_GETPAGESIZE 1
| #define HAVE_ZLIB_COPY 1
| #define HAVE_BZLIB_H 1
| #define HAVE_HSTRERROR 1
| #define HAVE_GETSERVBYNAME 1
| #define HAVE_GETSERVBYPORT 1
| #define HAVE_GETHOSTBYNAME 1
| #define HAVE_GETHOSTBYADDR 1
| #define HAVE_GETPROTOBYNAME 1
| #define HAVE_INET_ATON 1
| #define HAVE_INET_NTOA 1
| #define HAVE_INET_PTON 1
| #define HAVE_GETPEERNAME 1
| #define HAVE_GETSOCKNAME 1
| #define HAVE_ACCEPT 1
| #define HAVE_BIND 1
| #define HAVE_CONNECT 1
| #define HAVE_LISTEN 1
| #define HAVE_RECVFROM 1
| #define HAVE_SENDTO 1
| #define HAVE_SETSOCKOPT 1
| #define HAVE_SOCKET 1
| #define HAVE_SETGROUPS 1
| #define HAVE_DECL_UT_NAMESIZE 1
| #define HAVE_UT_NAMESIZE 1
| #define HAVE_OPENPTY 1
| #define HAVE_LOGIN_TTY 1
| #define HAVE_FORKPTY 1
| #define HAVE_FSEEKO 1
| #define HAVE_FSTATVFS 1
| #define HAVE_FTELLO 1
| #define HAVE_STATVFS 1
| #define HAVE_DUP2 1
| #define HAVE_GETPGRP 1
| #define HAVE_SETPGRP 1
| #define HAVE_SETNS 1
| #define HAVE_UNSHARE 1
| #define HAVE_CLOCK_GETTIME 1
| #define HAVE_CLOCK_GETRES 1
| #define HAVE_CLOCK_SETTIME 1
| #define HAVE_CLOCK_NANOSLEEP 1
| #define HAVE_NANOSLEEP 1
| #define HAVE_DEVICE_MACROS 1
| #define SYS_SELECT_WITH_SYS_TIME 1
| #define HAVE_GETADDRINFO 1
| #define HAVE_GETNAMEINFO 1
| #define HAVE_STRUCT_TM_TM_ZONE 1
| #define HAVE_TM_ZONE 1
| #define HAVE_STRUCT_STAT_ST_RDEV 1
| #define HAVE_STRUCT_STAT_ST_BLKSIZE 1
| #define HAVE_STRUCT_STAT_ST_BLOCKS 1
| #define HAVE_STRUCT_PASSWD_PW_GECOS 1
| #define HAVE_STRUCT_PASSWD_PW_PASSWD 1
| #define HAVE_SIGINFO_T_SI_BAND 1
| #define HAVE_ADDRINFO 1
| #define HAVE_SOCKADDR_STORAGE 1
| #define HAVE_SOCKADDR_ALG 1
| #define HAVE_PROTOTYPES 1
| #define HAVE_SOCKETPAIR 1
| #define HAVE_GETHOSTBYNAME_R 1
| #define HAVE_GETHOSTBYNAME_R 1
| #define HAVE_GETHOSTBYNAME_R_6_ARG 1
| #define HAVE_GCC_ASM_FOR_X64 1
| #define DOUBLE_IS_LITTLE_ENDIAN_IEEE754 1
| #define HAVE_GCC_ASM_FOR_X87 1
| #define HAVE_ACOSH 1
| #define HAVE_ASINH 1
| #define HAVE_ATANH 1
| #define HAVE_ERF 1
| #define HAVE_ERFC 1
| #define HAVE_EXPM1 1
| #define HAVE_LOG1P 1
| #define HAVE_LOG2 1
| #define HAVE_DECL_RTLD_LAZY 1
| #define HAVE_DECL_RTLD_NOW 1
| #define HAVE_DECL_RTLD_GLOBAL 1
| #define HAVE_DECL_RTLD_LOCAL 1
| #define HAVE_DECL_RTLD_NODELETE 1
| #define HAVE_DECL_RTLD_NOLOAD 1
| #define HAVE_DECL_RTLD_DEEPBIND 1
| #define HAVE_DECL_RTLD_MEMBER 0
| #define HAVE_WCHAR_H 1
| #define SIZEOF_WCHAR_T 4
| #define HAVE_GETC_UNLOCKED 1
| #define HAVE_RL_COMPLETION_APPEND_CHARACTER 1
| #define HAVE_RL_COMPLETION_SUPPRESS_APPEND 1
| #define HAVE_RL_PRE_INPUT_HOOK 1
| #define HAVE_RL_COMPLETION_DISPLAY_MATCHES_HOOK 1
| #define HAVE_RL_RESIZE_TERMINAL 1
| #define HAVE_RL_COMPLETION_MATCHES 1
| #define HAVE_RL_CATCH_SIGNAL 1
| #define HAVE_RL_APPEND_HISTORY 1
| #define HAVE_RL_COMPDISP_FUNC_T 1
| #define Py_RL_STARTUP_HOOK_TAKES_ARGS 1
| #define HAVE_WORKING_TZSET 1
| #define HAVE_STAT_TV_NSEC 1
| #define HAVE_NCURSESW 1
| #define HAVE_PANELW 1
| #define HAVE_NCURSESW_CURSES_H 1
| #define HAVE_NCURSESW_NCURSES_H 1
| #define HAVE_NCURSESW_PANEL_H 1
| /* end confdefs.h.  */
| #include <stddef.h>
| #ifdef HAVE_STDIO_H
| # include <stdio.h>
| #endif
| #ifdef HAVE_STDLIB_H
| # include <stdlib.h>
| #endif
| #ifdef HAVE_STRING_H
| # include <string.h>
| #endif
| #ifdef HAVE_INTTYPES_H
| # include <inttypes.h>
| #endif
| #ifdef HAVE_STDINT_H
| # include <stdint.h>
| #endif
| #ifdef HAVE_STRINGS_H
| # include <strings.h>
| #endif
| #ifdef HAVE_SYS_TYPES_H
| # include <sys/types.h>
| #endif
| #ifdef HAVE_SYS_STAT_H
| # include <sys/stat.h>
| #endif
| #ifdef HAVE_UNISTD_H
| # include <unistd.h>
| #endif
| #include <ncurses/curses.h>
configure:26547: result: no
configure:26553: checking for ncurses/ncurses.h
configure:26553: gcc -c   -D_DEFAULT_SOURCE -D_XOPEN_SOURCE=600  -D_DEFAULT_SOURCE -D_XOPEN_SOURCE=600  conftest.c >&5
conftest.c:6: warning: "_XOPEN_SOURCE" redefined
    6 | #define _XOPEN_SOURCE 700
      | 
<command-line>: note: this is the location of the previous definition
conftest.c:506:10: fatal error: ncurses/ncurses.h: No such file or directory
  506 | #include <ncurses/ncurses.h>
      |          ^~~~~~~~~~~~~~~~~~~
compilation terminated.
configure:26553: $? = 1
configure: failed program was:
| /* confdefs.h */
| #define _NETBSD_SOURCE 1
| #define __BSD_VISIBLE 1
| #define _DARWIN_C_SOURCE 1
| #define _PYTHONFRAMEWORK ""
| #define _XOPEN_SOURCE 700
| #define _XOPEN_SOURCE_EXTENDED 1
| #define _POSIX_C_SOURCE 200809L
| #define HAVE_STDIO_H 1
| #define HAVE_STDLIB_H 1
| #define HAVE_STRING_H 1
| #define HAVE_INTTYPES_H 1
| #define HAVE_STDINT_H 1
| #define HAVE_STRINGS_H 1
| #define HAVE_SYS_STAT_H 1
| #define HAVE_SYS_TYPES_H 1
| #define HAVE_UNISTD_H 1
| #define HAVE_WCHAR_H 1
| #define STDC_HEADERS 1
| #define _ALL_SOURCE 1
| #define _DARWIN_C_SOURCE 1
| #define _GNU_SOURCE 1
| #define _HPUX_ALT_XOPEN_SOCKET_API 1
| #define _NETBSD_SOURCE 1
| #define _OPENBSD_SOURCE 1
| #define _POSIX_PTHREAD_SEMANTICS 1
| #define __STDC_WANT_IEC_60559_ATTRIBS_EXT__ 1
| #define __STDC_WANT_IEC_60559_BFP_EXT__ 1
| #define __STDC_WANT_IEC_60559_DFP_EXT__ 1
| #define __STDC_WANT_IEC_60559_FUNCS_EXT__ 1
| #define __STDC_WANT_IEC_60559_TYPES_EXT__ 1
| #define __STDC_WANT_LIB_EXT2__ 1
| #define __STDC_WANT_MATH_SPEC_FUNCS__ 1
| #define _TANDEM_SOURCE 1
| #define __EXTENSIONS__ 1
| #define PY_SUPPORT_TIER 1
| #define STDC_HEADERS 1
| #define HAVE_ALLOCA_H 1
| #define HAVE_ASM_TYPES_H 1
| #define HAVE_DLFCN_H 1
| #define HAVE_ENDIAN_H 1
| #define HAVE_ERRNO_H 1
| #define HAVE_FCNTL_H 1
| #define HAVE_GRP_H 1
| #define HAVE_LANGINFO_H 1
| #define HAVE_LIBINTL_H 1
| #define HAVE_LINUX_AUXVEC_H 1
| #define HAVE_SYS_AUXV_H 1
| #define HAVE_LINUX_FS_H 1
| #define HAVE_LINUX_LIMITS_H 1
| #define HAVE_LINUX_MEMFD_H 1
| #define HAVE_LINUX_RANDOM_H 1
| #define HAVE_LINUX_SOUNDCARD_H 1
| #define HAVE_LINUX_TIPC_H 1
| #define HAVE_LINUX_WAIT_H 1
| #define HAVE_NETDB_H 1
| #define HAVE_NET_ETHERNET_H 1
| #define HAVE_NETINET_IN_H 1
| #define HAVE_NETPACKET_PACKET_H 1
| #define HAVE_POLL_H 1
| #define HAVE_PTHREAD_H 1
| #define HAVE_PTY_H 1
| #define HAVE_SCHED_H 1
| #define HAVE_SETJMP_H 1
| #define HAVE_SHADOW_H 1
| #define HAVE_SIGNAL_H 1
| #define HAVE_SPAWN_H 1
| #define HAVE_SYS_EPOLL_H 1
| #define HAVE_SYS_EVENTFD_H 1
| #define HAVE_SYS_FILE_H 1
| #define HAVE_SYS_IOCTL_H 1
| #define HAVE_SYS_MMAN_H 1
| #define HAVE_SYS_PARAM_H 1
| #define HAVE_SYS_PIDFD_H 1
| #define HAVE_SYS_POLL_H 1
| #define HAVE_SYS_RANDOM_H 1
| #define HAVE_SYS_RESOURCE_H 1
| #define HAVE_SYS_SELECT_H 1
| #define HAVE_SYS_SENDFILE_H 1
| #define HAVE_SYS_SOCKET_H 1
| #define HAVE_SYS_SOUNDCARD_H 1
| #define HAVE_SYS_STAT_H 1
| #define HAVE_SYS_STATVFS_H 1
| #define HAVE_SYS_SYSCALL_H 1
| #define HAVE_SYS_SYSMACROS_H 1
| #define HAVE_SYS_TIME_H 1
| #define HAVE_SYS_TIMES_H 1
| #define HAVE_SYS_TIMERFD_H 1
| #define HAVE_SYS_TYPES_H 1
| #define HAVE_SYS_UIO_H 1
| #define HAVE_SYS_UN_H 1
| #define HAVE_SYS_UTSNAME_H 1
| #define HAVE_SYS_WAIT_H 1
| #define HAVE_SYS_XATTR_H 1
| #define HAVE_SYSEXITS_H 1
| #define HAVE_SYSLOG_H 1
| #define HAVE_TERMIOS_H 1
| #define HAVE_UTIME_H 1
| #define HAVE_UTMP_H 1
| #define HAVE_DIRENT_H 1
| #define MAJOR_IN_SYSMACROS 1
| #define HAVE_NET_IF_H 1
| #define HAVE_LINUX_NETLINK_H 1
| #define HAVE_LINUX_QRTR_H 1
| #define HAVE_LINUX_VM_SOCKETS_H 1
| #define HAVE_LINUX_CAN_H 1
| #define HAVE_LINUX_CAN_BCM_H 1
| #define HAVE_LINUX_CAN_J1939_H 1
| #define HAVE_LINUX_CAN_RAW_H 1
| #define HAVE_CLOCK_T 1
| #define HAVE_MAKEDEV 1
| #define HAVE_HTOLE64 1
| #define _LARGEFILE_SOURCE 1
| #define _FILE_OFFSET_BITS 64
| #if defined(SCO_DS)
| #undef _OFF_T
| #endif
| #define RETSIGTYPE void
| #define HAVE_SSIZE_T 1
| #define HAVE___UINT128_T 1
| #define HAVE_GCC_UINT128_T 1
| #define SIZEOF_INT 4
| #define SIZEOF_LONG 8
| #define ALIGNOF_LONG 8
| #define SIZEOF_LONG_LONG 8
| #define SIZEOF_VOID_P 8
| #define SIZEOF_SHORT 2
| #define SIZEOF_FLOAT 4
| #define SIZEOF_DOUBLE 8
| #define SIZEOF_FPOS_T 16
| #define SIZEOF_SIZE_T 8
| #define ALIGNOF_SIZE_T 8
| #define SIZEOF_PID_T 4
| #define SIZEOF_UINTPTR_T 8
| #define ALIGNOF_MAX_ALIGN_T 16
| #define HAVE_LONG_DOUBLE 1
| #define SIZEOF_LONG_DOUBLE 16
| #define SIZEOF__BOOL 1
| #define SIZEOF_OFF_T 8
| #define SIZEOF_TIME_T 8
| #define SIZEOF_PTHREAD_T 8
| #define SIZEOF_PTHREAD_KEY_T 4
| #define PTHREAD_KEY_T_IS_COMPATIBLE_WITH_INT 1
| #define PY_HAVE_PERF_TRAMPOLINE 1
| #define HAVE_LIBDL 1
| #define HAVE_FFI_PREP_CIF_VAR 1
| #define HAVE_FFI_PREP_CLOSURE_LOC 1
| #define HAVE_FFI_CLOSURE_ALLOC 1
| #define WITH_DECIMAL_CONTEXTVAR 1
| #define HAVE_LIBSQLITE3 1
| #define HAVE_LIBSQLITE3 1
| #define HAVE_LIBSQLITE3 1
| #define HAVE_LIBSQLITE3 1
| #define HAVE_LIBSQLITE3 1
| #define HAVE_LIBSQLITE3 1
| #define HAVE_LIBSQLITE3 1
| #define HAVE_LIBSQLITE3 1
| #define HAVE_LIBSQLITE3 1
| #define PY_SQLITE_HAVE_SERIALIZE 1
| #define _REENTRANT 1
| #define PTHREAD_SYSTEM_SCHED_SUPPORTED 1
| #define HAVE_PTHREAD_SIGMASK 1
| #define HAVE_PTHREAD_GETCPUCLOCKID 1
| #define ENABLE_IPV6 1
| #define HAVE_LINUX_CAN_RAW_FD_FRAMES 1
| #define HAVE_LINUX_CAN_RAW_JOIN_FILTERS 1
| #define WITH_DOC_STRINGS 1
| #define HAVE_STD_ATOMIC 1
| #define HAVE_BUILTIN_ATOMIC 1
| #define WITH_MIMALLOC 1
| #define WITH_PYMALLOC 1
| #define WITH_FREELISTS 1
| #define PY_COERCE_C_LOCALE 1
| #define HAVE_DLOPEN 1
| #define HAVE_DYNAMIC_LOADING 1
| #define HAVE_ACCEPT4 1
| #define HAVE_ALARM 1
| #define HAVE_BIND_TEXTDOMAIN_CODESET 1
| #define HAVE_CHMOD 1
| #define HAVE_CHOWN 1
| #define HAVE_CLOCK 1
| #define HAVE_CLOSEFROM 1
| #define HAVE_CLOSE_RANGE 1
| #define HAVE_CONFSTR 1
| #define HAVE_COPY_FILE_RANGE 1
| #define HAVE_CTERMID 1
| #define HAVE_DUP 1
| #define HAVE_DUP3 1
| #define HAVE_EXECV 1
| #define HAVE_EXPLICIT_BZERO 1
| #define HAVE_FACCESSAT 1
| #define HAVE_FCHMOD 1
| #define HAVE_FCHMODAT 1
| #define HAVE_FCHOWN 1
| #define HAVE_FCHOWNAT 1
| #define HAVE_FDOPENDIR 1
| #define HAVE_FEXECVE 1
| #define HAVE_FORK 1
| #define HAVE_FPATHCONF 1
| #define HAVE_FSTATAT 1
| #define HAVE_FTIME 1
| #define HAVE_FTRUNCATE 1
| #define HAVE_FUTIMENS 1
| #define HAVE_FUTIMES 1
| #define HAVE_FUTIMESAT 1
| #define HAVE_GAI_STRERROR 1
| #define HAVE_GETEGID 1
| #define HAVE_GETEUID 1
| #define HAVE_GETGID 1
| #define HAVE_GETGRENT 1
| #define HAVE_GETGRGID 1
| #define HAVE_GETGRGID_R 1
| #define HAVE_GETGRNAM_R 1
| #define HAVE_GETGROUPLIST 1
| #define HAVE_GETHOSTNAME 1
| #define HAVE_GETITIMER 1
| #define HAVE_GETLOADAVG 1
| #define HAVE_GETLOGIN 1
| #define HAVE_GETLOGIN_R 1
| #define HAVE_GETPEERNAME 1
| #define HAVE_GETPGID 1
| #define HAVE_GETPID 1
| #define HAVE_GETPPID 1
| #define HAVE_GETPRIORITY 1
| #define HAVE_GETPWENT 1
| #define HAVE_GETPWNAM_R 1
| #define HAVE_GETPWUID 1
| #define HAVE_GETPWUID_R 1
| #define HAVE_GETRESGID 1
| #define HAVE_GETRESUID 1
| #define HAVE_GETRUSAGE 1
| #define HAVE_GETSID 1
| #define HAVE_GETSPENT 1
| #define HAVE_GETSPNAM 1
| #define HAVE_GETUID 1
| #define HAVE_GETWD 1
| #define HAVE_GRANTPT 1
| #define HAVE_IF_NAMEINDEX 1
| #define HAVE_INITGROUPS 1
| #define HAVE_KILL 1
| #define HAVE_KILLPG 1
| #define HAVE_LCHOWN 1
| #define HAVE_LINKAT 1
| #define HAVE_LOCKF 1
| #define HAVE_LSTAT 1
| #define HAVE_LUTIMES 1
| #define HAVE_MADVISE 1
| #define HAVE_MBRTOWC 1
| #define HAVE_MEMRCHR 1
| #define HAVE_MKDIRAT 1
| #define HAVE_MKFIFO 1
| #define HAVE_MKFIFOAT 1
| #define HAVE_MKNOD 1
| #define HAVE_MKNODAT 1
| #define HAVE_MKTIME 1
| #define HAVE_MMAP 1
| #define HAVE_MREMAP 1
| #define HAVE_NICE 1
| #define HAVE_OPENAT 1
| #define HAVE_OPENDIR 1
| #define HAVE_PATHCONF 1
| #define HAVE_PAUSE 1
| #define HAVE_PIPE 1
| #define HAVE_PIPE2 1
| #define HAVE_POLL 1
| #define HAVE_POSIX_FADVISE 1
| #define HAVE_POSIX_FALLOCATE 1
| #define HAVE_POSIX_OPENPT 1
| #define HAVE_POSIX_SPAWN 1
| #define HAVE_POSIX_SPAWNP 1
| #define HAVE_POSIX_SPAWN_FILE_ACTIONS_ADDCLOSEFROM_NP 1
| #define HAVE_PREAD 1
| #define HAVE_PREADV 1
| #define HAVE_PREADV2 1
| #define HAVE_PROCESS_VM_READV 1
| #define HAVE_PTHREAD_CONDATTR_SETCLOCK 1
| #define HAVE_PTHREAD_KILL 1
| #define HAVE_PTSNAME 1
| #define HAVE_PTSNAME_R 1
| #define HAVE_PWRITE 1
| #define HAVE_PWRITEV 1
| #define HAVE_PWRITEV2 1
| #define HAVE_READLINK 1
| #define HAVE_READLINKAT 1
| #define HAVE_READV 1
| #define HAVE_REALPATH 1
| #define HAVE_RENAMEAT 1
| #define HAVE_SCHED_GET_PRIORITY_MAX 1
| #define HAVE_SCHED_RR_GET_INTERVAL 1
| #define HAVE_SCHED_SETAFFINITY 1
| #define HAVE_SCHED_SETPARAM 1
| #define HAVE_SCHED_SETSCHEDULER 1
| #define HAVE_SEM_CLOCKWAIT 1
| #define HAVE_SEM_GETVALUE 1
| #define HAVE_SEM_OPEN 1
| #define HAVE_SEM_TIMEDWAIT 1
| #define HAVE_SEM_UNLINK 1
| #define HAVE_SENDFILE 1
| #define HAVE_SETEGID 1
| #define HAVE_SETEUID 1
| #define HAVE_SETGID 1
| #define HAVE_SETHOSTNAME 1
| #define HAVE_SETITIMER 1
| #define HAVE_SETLOCALE 1
| #define HAVE_SETPGID 1
| #define HAVE_SETPGRP 1
| #define HAVE_SETPRIORITY 1
| #define HAVE_SETREGID 1
| #define HAVE_SETRESGID 1
| #define HAVE_SETRESUID 1
| #define HAVE_SETREUID 1
| #define HAVE_SETSID 1
| #define HAVE_SETUID 1
| #define HAVE_SETVBUF 1
| #define HAVE_SHUTDOWN 1
| #define HAVE_SIGACTION 1
| #define HAVE_SIGALTSTACK 1
| #define HAVE_SIGFILLSET 1
| #define HAVE_SIGINTERRUPT 1
| #define HAVE_SIGPENDING 1
| #define HAVE_SIGRELSE 1
| #define HAVE_SIGTIMEDWAIT 1
| #define HAVE_SIGWAIT 1
| #define HAVE_SIGWAITINFO 1
| #define HAVE_SNPRINTF 1
| #define HAVE_SPLICE 1
| #define HAVE_STRFTIME 1
| #define HAVE_STRSIGNAL 1
| #define HAVE_SYMLINKAT 1
| #define HAVE_SYNC 1
| #define HAVE_SYSCONF 1
| #define HAVE_TCGETPGRP 1
| #define HAVE_TCSETPGRP 1
| #define HAVE_TEMPNAM 1
| #define HAVE_TIMEGM 1
| #define HAVE_TIMES 1
| #define HAVE_TMPFILE 1
| #define HAVE_TMPNAM 1
| #define HAVE_TMPNAM_R 1
| #define HAVE_TRUNCATE 1
| #define HAVE_TTYNAME_R 1
| #define HAVE_UMASK 1
| #define HAVE_UNAME 1
| #define HAVE_UNLINKAT 1
| #define HAVE_UNLOCKPT 1
| #define HAVE_UTIMENSAT 1
| #define HAVE_UTIMES 1
| #define HAVE_VFORK 1
| #define HAVE_WAIT 1
| #define HAVE_WAIT3 1
| #define HAVE_WAIT4 1
| #define HAVE_WAITID 1
| #define HAVE_WAITPID 1
| #define HAVE_WCSCOLL 1
| #define HAVE_WCSFTIME 1
| #define HAVE_WCSXFRM 1
| #define HAVE_WMEMCMP 1
| #define HAVE_WRITEV 1
| #define HAVE_GETENTROPY 1
| #define HAVE_GETGROUPS 1
| #define HAVE_SYSTEM 1
| #define HAVE_DIRFD 1
| #define HAVE_CHROOT 1
| #define HAVE_LINK 1
| #define HAVE_SYMLINK 1
| #define HAVE_FCHDIR 1
| #define HAVE_FSYNC 1
| #define HAVE_FDATASYNC 1
| #define HAVE_EPOLL 1
| #define HAVE_EPOLL_CREATE1 1
| #define HAVE_PRLIMIT 1
| #define HAVE_MEMFD_CREATE 1
| #define HAVE_EVENTFD 1
| #define HAVE_TIMERFD_CREATE 1
| #define HAVE_FLOCK 1
| #define HAVE_GETPAGESIZE 1
| #define HAVE_ZLIB_COPY 1
| #define HAVE_BZLIB_H 1
| #define HAVE_HSTRERROR 1
| #define HAVE_GETSERVBYNAME 1
| #define HAVE_GETSERVBYPORT 1
| #define HAVE_GETHOSTBYNAME 1
| #define HAVE_GETHOSTBYADDR 1
| #define HAVE_GETPROTOBYNAME 1
| #define HAVE_INET_ATON 1
| #define HAVE_INET_NTOA 1
| #define HAVE_INET_PTON 1
| #define HAVE_GETPEERNAME 1
| #define HAVE_GETSOCKNAME 1
| #define HAVE_ACCEPT 1
| #define HAVE_BIND 1
| #define HAVE_CONNECT 1
| #define HAVE_LISTEN 1
| #define HAVE_RECVFROM 1
| #define HAVE_SENDTO 1
| #define HAVE_SETSOCKOPT 1
| #define HAVE_SOCKET 1
| #define HAVE_SETGROUPS 1
| #define HAVE_DECL_UT_NAMESIZE 1
| #define HAVE_UT_NAMESIZE 1
| #define HAVE_OPENPTY 1
| #define HAVE_LOGIN_TTY 1
| #define HAVE_FORKPTY 1
| #define HAVE_FSEEKO 1
| #define HAVE_FSTATVFS 1
| #define HAVE_FTELLO 1
| #define HAVE_STATVFS 1
| #define HAVE_DUP2 1
| #define HAVE_GETPGRP 1
| #define HAVE_SETPGRP 1
| #define HAVE_SETNS 1
| #define HAVE_UNSHARE 1
| #define HAVE_CLOCK_GETTIME 1
| #define HAVE_CLOCK_GETRES 1
| #define HAVE_CLOCK_SETTIME 1
| #define HAVE_CLOCK_NANOSLEEP 1
| #define HAVE_NANOSLEEP 1
| #define HAVE_DEVICE_MACROS 1
| #define SYS_SELECT_WITH_SYS_TIME 1
| #define HAVE_GETADDRINFO 1
| #define HAVE_GETNAMEINFO 1
| #define HAVE_STRUCT_TM_TM_ZONE 1
| #define HAVE_TM_ZONE 1
| #define HAVE_STRUCT_STAT_ST_RDEV 1
| #define HAVE_STRUCT_STAT_ST_BLKSIZE 1
| #define HAVE_STRUCT_STAT_ST_BLOCKS 1
| #define HAVE_STRUCT_PASSWD_PW_GECOS 1
| #define HAVE_STRUCT_PASSWD_PW_PASSWD 1
| #define HAVE_SIGINFO_T_SI_BAND 1
| #define HAVE_ADDRINFO 1
| #define HAVE_SOCKADDR_STORAGE 1
| #define HAVE_SOCKADDR_ALG 1
| #define HAVE_PROTOTYPES 1
| #define HAVE_SOCKETPAIR 1
| #define HAVE_GETHOSTBYNAME_R 1
| #define HAVE_GETHOSTBYNAME_R 1
| #define HAVE_GETHOSTBYNAME_R_6_ARG 1
| #define HAVE_GCC_ASM_FOR_X64 1
| #define DOUBLE_IS_LITTLE_ENDIAN_IEEE754 1
| #define HAVE_GCC_ASM_FOR_X87 1
| #define HAVE_ACOSH 1
| #define HAVE_ASINH 1
| #define HAVE_ATANH 1
| #define HAVE_ERF 1
| #define HAVE_ERFC 1
| #define HAVE_EXPM1 1
| #define HAVE_LOG1P 1
| #define HAVE_LOG2 1
| #define HAVE_DECL_RTLD_LAZY 1
| #define HAVE_DECL_RTLD_NOW 1
| #define HAVE_DECL_RTLD_GLOBAL 1
| #define HAVE_DECL_RTLD_LOCAL 1
| #define HAVE_DECL_RTLD_NODELETE 1
| #define HAVE_DECL_RTLD_NOLOAD 1
| #define HAVE_DECL_RTLD_DEEPBIND 1
| #define HAVE_DECL_RTLD_MEMBER 0
| #define HAVE_WCHAR_H 1
| #define SIZEOF_WCHAR_T 4
| #define HAVE_GETC_UNLOCKED 1
| #define HAVE_RL_COMPLETION_APPEND_CHARACTER 1
| #define HAVE_RL_COMPLETION_SUPPRESS_APPEND 1
| #define HAVE_RL_PRE_INPUT_HOOK 1
| #define HAVE_RL_COMPLETION_DISPLAY_MATCHES_HOOK 1
| #define HAVE_RL_RESIZE_TERMINAL 1
| #define HAVE_RL_COMPLETION_MATCHES 1
| #define HAVE_RL_CATCH_SIGNAL 1
| #define HAVE_RL_APPEND_HISTORY 1
| #define HAVE_RL_COMPDISP_FUNC_T 1
| #define Py_RL_STARTUP_HOOK_TAKES_ARGS 1
| #define HAVE_WORKING_TZSET 1
| #define HAVE_STAT_TV_NSEC 1
| #define HAVE_NCURSESW 1
| #define HAVE_PANELW 1
| #define HAVE_NCURSESW_CURSES_H 1
| #define HAVE_NCURSESW_NCURSES_H 1
| #define HAVE_NCURSESW_PANEL_H 1
| /* end confdefs.h.  */
| #include <stddef.h>
| #ifdef HAVE_STDIO_H
| # include <stdio.h>
| #endif
| #ifdef HAVE_STDLIB_H
| # include <stdlib.h>
| #endif
| #ifdef HAVE_STRING_H
| # include <string.h>
| #endif
| #ifdef HAVE_INTTYPES_H
| # include <inttypes.h>
| #endif
| #ifdef HAVE_STDINT_H
| # include <stdint.h>
| #endif
| #ifdef HAVE_STRINGS_H
| # include <strings.h>
| #endif
| #ifdef HAVE_SYS_TYPES_H
| # include <sys/types.h>
| #endif
| #ifdef HAVE_SYS_STAT_H
| # include <sys/stat.h>
| #endif
| #ifdef HAVE_UNISTD_H
| # include <unistd.h>
| #endif
| #include <ncurses/ncurses.h>
configure:26553: result: no
configure:26559: checking for ncurses/panel.h
configure:26559: gcc -c   -D_DEFAULT_SOURCE -D_XOPEN_SOURCE=600  -D_DEFAULT_SOURCE -D_XOPEN_SOURCE=600  conftest.c >&5
conftest.c:6: warning: "_XOPEN_SOURCE" redefined
    6 | #define _XOPEN_SOURCE 700
      | 
<command-line>: note: this is the location of the previous definition
conftest.c:506:10: fatal error: ncurses/panel.h: No such file or directory
  506 | #include <ncurses/panel.h>
      |          ^~~~~~~~~~~~~~~~~
compilation terminated.
configure:26559: $? = 1
configure: failed program was:
| /* confdefs.h */
| #define _NETBSD_SOURCE 1
| #define __BSD_VISIBLE 1
| #define _DARWIN_C_SOURCE 1
| #define _PYTHONFRAMEWORK ""
| #define _XOPEN_SOURCE 700
| #define _XOPEN_SOURCE_EXTENDED 1
| #define _POSIX_C_SOURCE 200809L
| #define HAVE_STDIO_H 1
| #define HAVE_STDLIB_H 1
| #define HAVE_STRING_H 1
| #define HAVE_INTTYPES_H 1
| #define HAVE_STDINT_H 1
| #define HAVE_STRINGS_H 1
| #define HAVE_SYS_STAT_H 1
| #define HAVE_SYS_TYPES_H 1
| #define HAVE_UNISTD_H 1
| #define HAVE_WCHAR_H 1
| #define STDC_HEADERS 1
| #define _ALL_SOURCE 1
| #define _DARWIN_C_SOURCE 1
| #define _GNU_SOURCE 1
| #define _HPUX_ALT_XOPEN_SOCKET_API 1
| #define _NETBSD_SOURCE 1
| #define _OPENBSD_SOURCE 1
| #define _POSIX_PTHREAD_SEMANTICS 1
| #define __STDC_WANT_IEC_60559_ATTRIBS_EXT__ 1
| #define __STDC_WANT_IEC_60559_BFP_EXT__ 1
| #define __STDC_WANT_IEC_60559_DFP_EXT__ 1
| #define __STDC_WANT_IEC_60559_FUNCS_EXT__ 1
| #define __STDC_WANT_IEC_60559_TYPES_EXT__ 1
| #define __STDC_WANT_LIB_EXT2__ 1
| #define __STDC_WANT_MATH_SPEC_FUNCS__ 1
| #define _TANDEM_SOURCE 1
| #define __EXTENSIONS__ 1
| #define PY_SUPPORT_TIER 1
| #define STDC_HEADERS 1
| #define HAVE_ALLOCA_H 1
| #define HAVE_ASM_TYPES_H 1
| #define HAVE_DLFCN_H 1
| #define HAVE_ENDIAN_H 1
| #define HAVE_ERRNO_H 1
| #define HAVE_FCNTL_H 1
| #define HAVE_GRP_H 1
| #define HAVE_LANGINFO_H 1
| #define HAVE_LIBINTL_H 1
| #define HAVE_LINUX_AUXVEC_H 1
| #define HAVE_SYS_AUXV_H 1
| #define HAVE_LINUX_FS_H 1
| #define HAVE_LINUX_LIMITS_H 1
| #define HAVE_LINUX_MEMFD_H 1
| #define HAVE_LINUX_RANDOM_H 1
| #define HAVE_LINUX_SOUNDCARD_H 1
| #define HAVE_LINUX_TIPC_H 1
| #define HAVE_LINUX_WAIT_H 1
| #define HAVE_NETDB_H 1
| #define HAVE_NET_ETHERNET_H 1
| #define HAVE_NETINET_IN_H 1
| #define HAVE_NETPACKET_PACKET_H 1
| #define HAVE_POLL_H 1
| #define HAVE_PTHREAD_H 1
| #define HAVE_PTY_H 1
| #define HAVE_SCHED_H 1
| #define HAVE_SETJMP_H 1
| #define HAVE_SHADOW_H 1
| #define HAVE_SIGNAL_H 1
| #define HAVE_SPAWN_H 1
| #define HAVE_SYS_EPOLL_H 1
| #define HAVE_SYS_EVENTFD_H 1
| #define HAVE_SYS_FILE_H 1
| #define HAVE_SYS_IOCTL_H 1
| #define HAVE_SYS_MMAN_H 1
| #define HAVE_SYS_PARAM_H 1
| #define HAVE_SYS_PIDFD_H 1
| #define HAVE_SYS_POLL_H 1
| #define HAVE_SYS_RANDOM_H 1
| #define HAVE_SYS_RESOURCE_H 1
| #define HAVE_SYS_SELECT_H 1
| #define HAVE_SYS_SENDFILE_H 1
| #define HAVE_SYS_SOCKET_H 1
| #define HAVE_SYS_SOUNDCARD_H 1
| #define HAVE_SYS_STAT_H 1
| #define HAVE_SYS_STATVFS_H 1
| #define HAVE_SYS_SYSCALL_H 1
| #define HAVE_SYS_SYSMACROS_H 1
| #define HAVE_SYS_TIME_H 1
| #define HAVE_SYS_TIMES_H 1
| #define HAVE_SYS_TIMERFD_H 1
| #define HAVE_SYS_TYPES_H 1
| #define HAVE_SYS_UIO_H 1
| #define HAVE_SYS_UN_H 1
| #define HAVE_SYS_UTSNAME_H 1
| #define HAVE_SYS_WAIT_H 1
| #define HAVE_SYS_XATTR_H 1
| #define HAVE_SYSEXITS_H 1
| #define HAVE_SYSLOG_H 1
| #define HAVE_TERMIOS_H 1
| #define HAVE_UTIME_H 1
| #define HAVE_UTMP_H 1
| #define HAVE_DIRENT_H 1
| #define MAJOR_IN_SYSMACROS 1
| #define HAVE_NET_IF_H 1
| #define HAVE_LINUX_NETLINK_H 1
| #define HAVE_LINUX_QRTR_H 1
| #define HAVE_LINUX_VM_SOCKETS_H 1
| #define HAVE_LINUX_CAN_H 1
| #define HAVE_LINUX_CAN_BCM_H 1
| #define HAVE_LINUX_CAN_J1939_H 1
| #define HAVE_LINUX_CAN_RAW_H 1
| #define HAVE_CLOCK_T 1
| #define HAVE_MAKEDEV 1
| #define HAVE_HTOLE64 1
| #define _LARGEFILE_SOURCE 1
| #define _FILE_OFFSET_BITS 64
| #if defined(SCO_DS)
| #undef _OFF_T
| #endif
| #define RETSIGTYPE void
| #define HAVE_SSIZE_T 1
| #define HAVE___UINT128_T 1
| #define HAVE_GCC_UINT128_T 1
| #define SIZEOF_INT 4
| #define SIZEOF_LONG 8
| #define ALIGNOF_LONG 8
| #define SIZEOF_LONG_LONG 8
| #define SIZEOF_VOID_P 8
| #define SIZEOF_SHORT 2
| #define SIZEOF_FLOAT 4
| #define SIZEOF_DOUBLE 8
| #define SIZEOF_FPOS_T 16
| #define SIZEOF_SIZE_T 8
| #define ALIGNOF_SIZE_T 8
| #define SIZEOF_PID_T 4
| #define SIZEOF_UINTPTR_T 8
| #define ALIGNOF_MAX_ALIGN_T 16
| #define HAVE_LONG_DOUBLE 1
| #define SIZEOF_LONG_DOUBLE 16
| #define SIZEOF__BOOL 1
| #define SIZEOF_OFF_T 8
| #define SIZEOF_TIME_T 8
| #define SIZEOF_PTHREAD_T 8
| #define SIZEOF_PTHREAD_KEY_T 4
| #define PTHREAD_KEY_T_IS_COMPATIBLE_WITH_INT 1
| #define PY_HAVE_PERF_TRAMPOLINE 1
| #define HAVE_LIBDL 1
| #define HAVE_FFI_PREP_CIF_VAR 1
| #define HAVE_FFI_PREP_CLOSURE_LOC 1
| #define HAVE_FFI_CLOSURE_ALLOC 1
| #define WITH_DECIMAL_CONTEXTVAR 1
| #define HAVE_LIBSQLITE3 1
| #define HAVE_LIBSQLITE3 1
| #define HAVE_LIBSQLITE3 1
| #define HAVE_LIBSQLITE3 1
| #define HAVE_LIBSQLITE3 1
| #define HAVE_LIBSQLITE3 1
| #define HAVE_LIBSQLITE3 1
| #define HAVE_LIBSQLITE3 1
| #define HAVE_LIBSQLITE3 1
| #define PY_SQLITE_HAVE_SERIALIZE 1
| #define _REENTRANT 1
| #define PTHREAD_SYSTEM_SCHED_SUPPORTED 1
| #define HAVE_PTHREAD_SIGMASK 1
| #define HAVE_PTHREAD_GETCPUCLOCKID 1
| #define ENABLE_IPV6 1
| #define HAVE_LINUX_CAN_RAW_FD_FRAMES 1
| #define HAVE_LINUX_CAN_RAW_JOIN_FILTERS 1
| #define WITH_DOC_STRINGS 1
| #define HAVE_STD_ATOMIC 1
| #define HAVE_BUILTIN_ATOMIC 1
| #define WITH_MIMALLOC 1
| #define WITH_PYMALLOC 1
| #define WITH_FREELISTS 1
| #define PY_COERCE_C_LOCALE 1
| #define HAVE_DLOPEN 1
| #define HAVE_DYNAMIC_LOADING 1
| #define HAVE_ACCEPT4 1
| #define HAVE_ALARM 1
| #define HAVE_BIND_TEXTDOMAIN_CODESET 1
| #define HAVE_CHMOD 1
| #define HAVE_CHOWN 1
| #define HAVE_CLOCK 1
| #define HAVE_CLOSEFROM 1
| #define HAVE_CLOSE_RANGE 1
| #define HAVE_CONFSTR 1
| #define HAVE_COPY_FILE_RANGE 1
| #define HAVE_CTERMID 1
| #define HAVE_DUP 1
| #define HAVE_DUP3 1
| #define HAVE_EXECV 1
| #define HAVE_EXPLICIT_BZERO 1
| #define HAVE_FACCESSAT 1
| #define HAVE_FCHMOD 1
| #define HAVE_FCHMODAT 1
| #define HAVE_FCHOWN 1
| #define HAVE_FCHOWNAT 1
| #define HAVE_FDOPENDIR 1
| #define HAVE_FEXECVE 1
| #define HAVE_FORK 1
| #define HAVE_FPATHCONF 1
| #define HAVE_FSTATAT 1
| #define HAVE_FTIME 1
| #define HAVE_FTRUNCATE 1
| #define HAVE_FUTIMENS 1
| #define HAVE_FUTIMES 1
| #define HAVE_FUTIMESAT 1
| #define HAVE_GAI_STRERROR 1
| #define HAVE_GETEGID 1
| #define HAVE_GETEUID 1
| #define HAVE_GETGID 1
| #define HAVE_GETGRENT 1
| #define HAVE_GETGRGID 1
| #define HAVE_GETGRGID_R 1
| #define HAVE_GETGRNAM_R 1
| #define HAVE_GETGROUPLIST 1
| #define HAVE_GETHOSTNAME 1
| #define HAVE_GETITIMER 1
| #define HAVE_GETLOADAVG 1
| #define HAVE_GETLOGIN 1
| #define HAVE_GETLOGIN_R 1
| #define HAVE_GETPEERNAME 1
| #define HAVE_GETPGID 1
| #define HAVE_GETPID 1
| #define HAVE_GETPPID 1
| #define HAVE_GETPRIORITY 1
| #define HAVE_GETPWENT 1
| #define HAVE_GETPWNAM_R 1
| #define HAVE_GETPWUID 1
| #define HAVE_GETPWUID_R 1
| #define HAVE_GETRESGID 1
| #define HAVE_GETRESUID 1
| #define HAVE_GETRUSAGE 1
| #define HAVE_GETSID 1
| #define HAVE_GETSPENT 1
| #define HAVE_GETSPNAM 1
| #define HAVE_GETUID 1
| #define HAVE_GETWD 1
| #define HAVE_GRANTPT 1
| #define HAVE_IF_NAMEINDEX 1
| #define HAVE_INITGROUPS 1
| #define HAVE_KILL 1
| #define HAVE_KILLPG 1
| #define HAVE_LCHOWN 1
| #define HAVE_LINKAT 1
| #define HAVE_LOCKF 1
| #define HAVE_LSTAT 1
| #define HAVE_LUTIMES 1
| #define HAVE_MADVISE 1
| #define HAVE_MBRTOWC 1
| #define HAVE_MEMRCHR 1
| #define HAVE_MKDIRAT 1
| #define HAVE_MKFIFO 1
| #define HAVE_MKFIFOAT 1
| #define HAVE_MKNOD 1
| #define HAVE_MKNODAT 1
| #define HAVE_MKTIME 1
| #define HAVE_MMAP 1
| #define HAVE_MREMAP 1
| #define HAVE_NICE 1
| #define HAVE_OPENAT 1
| #define HAVE_OPENDIR 1
| #define HAVE_PATHCONF 1
| #define HAVE_PAUSE 1
| #define HAVE_PIPE 1
| #define HAVE_PIPE2 1
| #define HAVE_POLL 1
| #define HAVE_POSIX_FADVISE 1
| #define HAVE_POSIX_FALLOCATE 1
| #define HAVE_POSIX_OPENPT 1
| #define HAVE_POSIX_SPAWN 1
| #define HAVE_POSIX_SPAWNP 1
| #define HAVE_POSIX_SPAWN_FILE_ACTIONS_ADDCLOSEFROM_NP 1
| #define HAVE_PREAD 1
| #define HAVE_PREADV 1
| #define HAVE_PREADV2 1
| #define HAVE_PROCESS_VM_READV 1
| #define HAVE_PTHREAD_CONDATTR_SETCLOCK 1
| #define HAVE_PTHREAD_KILL 1
| #define HAVE_PTSNAME 1
| #define HAVE_PTSNAME_R 1
| #define HAVE_PWRITE 1
| #define HAVE_PWRITEV 1
| #define HAVE_PWRITEV2 1
| #define HAVE_READLINK 1
| #define HAVE_READLINKAT 1
| #define HAVE_READV 1
| #define HAVE_REALPATH 1
| #define HAVE_RENAMEAT 1
| #define HAVE_SCHED_GET_PRIORITY_MAX 1
| #define HAVE_SCHED_RR_GET_INTERVAL 1
| #define HAVE_SCHED_SETAFFINITY 1
| #define HAVE_SCHED_SETPARAM 1
| #define HAVE_SCHED_SETSCHEDULER 1
| #define HAVE_SEM_CLOCKWAIT 1
| #define HAVE_SEM_GETVALUE 1
| #define HAVE_SEM_OPEN 1
| #define HAVE_SEM_TIMEDWAIT 1
| #define HAVE_SEM_UNLINK 1
| #define HAVE_SENDFILE 1
| #define HAVE_SETEGID 1
| #define HAVE_SETEUID 1
| #define HAVE_SETGID 1
| #define HAVE_SETHOSTNAME 1
| #define HAVE_SETITIMER 1
| #define HAVE_SETLOCALE 1
| #define HAVE_SETPGID 1
| #define HAVE_SETPGRP 1
| #define HAVE_SETPRIORITY 1
| #define HAVE_SETREGID 1
| #define HAVE_SETRESGID 1
| #define HAVE_SETRESUID 1
| #define HAVE_SETREUID 1
| #define HAVE_SETSID 1
| #define HAVE_SETUID 1
| #define HAVE_SETVBUF 1
| #define HAVE_SHUTDOWN 1
| #define HAVE_SIGACTION 1
| #define HAVE_SIGALTSTACK 1
| #define HAVE_SIGFILLSET 1
| #define HAVE_SIGINTERRUPT 1
| #define HAVE_SIGPENDING 1
| #define HAVE_SIGRELSE 1
| #define HAVE_SIGTIMEDWAIT 1
| #define HAVE_SIGWAIT 1
| #define HAVE_SIGWAITINFO 1
| #define HAVE_SNPRINTF 1
| #define HAVE_SPLICE 1
| #define HAVE_STRFTIME 1
| #define HAVE_STRSIGNAL 1
| #define HAVE_SYMLINKAT 1
| #define HAVE_SYNC 1
| #define HAVE_SYSCONF 1
| #define HAVE_TCGETPGRP 1
| #define HAVE_TCSETPGRP 1
| #define HAVE_TEMPNAM 1
| #define HAVE_TIMEGM 1
| #define HAVE_TIMES 1
| #define HAVE_TMPFILE 1
| #define HAVE_TMPNAM 1
| #define HAVE_TMPNAM_R 1
| #define HAVE_TRUNCATE 1
| #define HAVE_TTYNAME_R 1
| #define HAVE_UMASK 1
| #define HAVE_UNAME 1
| #define HAVE_UNLINKAT 1
| #define HAVE_UNLOCKPT 1
| #define HAVE_UTIMENSAT 1
| #define HAVE_UTIMES 1
| #define HAVE_VFORK 1
| #define HAVE_WAIT 1
| #define HAVE_WAIT3 1
| #define HAVE_WAIT4 1
| #define HAVE_WAITID 1
| #define HAVE_WAITPID 1
| #define HAVE_WCSCOLL 1
| #define HAVE_WCSFTIME 1
| #define HAVE_WCSXFRM 1
| #define HAVE_WMEMCMP 1
| #define HAVE_WRITEV 1
| #define HAVE_GETENTROPY 1
| #define HAVE_GETGROUPS 1
| #define HAVE_SYSTEM 1
| #define HAVE_DIRFD 1
| #define HAVE_CHROOT 1
| #define HAVE_LINK 1
| #define HAVE_SYMLINK 1
| #define HAVE_FCHDIR 1
| #define HAVE_FSYNC 1
| #define HAVE_FDATASYNC 1
| #define HAVE_EPOLL 1
| #define HAVE_EPOLL_CREATE1 1
| #define HAVE_PRLIMIT 1
| #define HAVE_MEMFD_CREATE 1
| #define HAVE_EVENTFD 1
| #define HAVE_TIMERFD_CREATE 1
| #define HAVE_FLOCK 1
| #define HAVE_GETPAGESIZE 1
| #define HAVE_ZLIB_COPY 1
| #define HAVE_BZLIB_H 1
| #define HAVE_HSTRERROR 1
| #define HAVE_GETSERVBYNAME 1
| #define HAVE_GETSERVBYPORT 1
| #define HAVE_GETHOSTBYNAME 1
| #define HAVE_GETHOSTBYADDR 1
| #define HAVE_GETPROTOBYNAME 1
| #define HAVE_INET_ATON 1
| #define HAVE_INET_NTOA 1
| #define HAVE_INET_PTON 1
| #define HAVE_GETPEERNAME 1
| #define HAVE_GETSOCKNAME 1
| #define HAVE_ACCEPT 1
| #define HAVE_BIND 1
| #define HAVE_CONNECT 1
| #define HAVE_LISTEN 1
| #define HAVE_RECVFROM 1
| #define HAVE_SENDTO 1
| #define HAVE_SETSOCKOPT 1
| #define HAVE_SOCKET 1
| #define HAVE_SETGROUPS 1
| #define HAVE_DECL_UT_NAMESIZE 1
| #define HAVE_UT_NAMESIZE 1
| #define HAVE_OPENPTY 1
| #define HAVE_LOGIN_TTY 1
| #define HAVE_FORKPTY 1
| #define HAVE_FSEEKO 1
| #define HAVE_FSTATVFS 1
| #define HAVE_FTELLO 1
| #define HAVE_STATVFS 1
| #define HAVE_DUP2 1
| #define HAVE_GETPGRP 1
| #define HAVE_SETPGRP 1
| #define HAVE_SETNS 1
| #define HAVE_UNSHARE 1
| #define HAVE_CLOCK_GETTIME 1
| #define HAVE_CLOCK_GETRES 1
| #define HAVE_CLOCK_SETTIME 1
| #define HAVE_CLOCK_NANOSLEEP 1
| #define HAVE_NANOSLEEP 1
| #define HAVE_DEVICE_MACROS 1
| #define SYS_SELECT_WITH_SYS_TIME 1
| #define HAVE_GETADDRINFO 1
| #define HAVE_GETNAMEINFO 1
| #define HAVE_STRUCT_TM_TM_ZONE 1
| #define HAVE_TM_ZONE 1
| #define HAVE_STRUCT_STAT_ST_RDEV 1
| #define HAVE_STRUCT_STAT_ST_BLKSIZE 1
| #define HAVE_STRUCT_STAT_ST_BLOCKS 1
| #define HAVE_STRUCT_PASSWD_PW_GECOS 1
| #define HAVE_STRUCT_PASSWD_PW_PASSWD 1
| #define HAVE_SIGINFO_T_SI_BAND 1
| #define HAVE_ADDRINFO 1
| #define HAVE_SOCKADDR_STORAGE 1
| #define HAVE_SOCKADDR_ALG 1
| #define HAVE_PROTOTYPES 1
| #define HAVE_SOCKETPAIR 1
| #define HAVE_GETHOSTBYNAME_R 1
| #define HAVE_GETHOSTBYNAME_R 1
| #define HAVE_GETHOSTBYNAME_R_6_ARG 1
| #define HAVE_GCC_ASM_FOR_X64 1
| #define DOUBLE_IS_LITTLE_ENDIAN_IEEE754 1
| #define HAVE_GCC_ASM_FOR_X87 1
| #define HAVE_ACOSH 1
| #define HAVE_ASINH 1
| #define HAVE_ATANH 1
| #define HAVE_ERF 1
| #define HAVE_ERFC 1
| #define HAVE_EXPM1 1
| #define HAVE_LOG1P 1
| #define HAVE_LOG2 1
| #define HAVE_DECL_RTLD_LAZY 1
| #define HAVE_DECL_RTLD_NOW 1
| #define HAVE_DECL_RTLD_GLOBAL 1
| #define HAVE_DECL_RTLD_LOCAL 1
| #define HAVE_DECL_RTLD_NODELETE 1
| #define HAVE_DECL_RTLD_NOLOAD 1
| #define HAVE_DECL_RTLD_DEEPBIND 1
| #define HAVE_DECL_RTLD_MEMBER 0
| #define HAVE_WCHAR_H 1
| #define SIZEOF_WCHAR_T 4
| #define HAVE_GETC_UNLOCKED 1
| #define HAVE_RL_COMPLETION_APPEND_CHARACTER 1
| #define HAVE_RL_COMPLETION_SUPPRESS_APPEND 1
| #define HAVE_RL_PRE_INPUT_HOOK 1
| #define HAVE_RL_COMPLETION_DISPLAY_MATCHES_HOOK 1
| #define HAVE_RL_RESIZE_TERMINAL 1
| #define HAVE_RL_COMPLETION_MATCHES 1
| #define HAVE_RL_CATCH_SIGNAL 1
| #define HAVE_RL_APPEND_HISTORY 1
| #define HAVE_RL_COMPDISP_FUNC_T 1
| #define Py_RL_STARTUP_HOOK_TAKES_ARGS 1
| #define HAVE_WORKING_TZSET 1
| #define HAVE_STAT_TV_NSEC 1
| #define HAVE_NCURSESW 1
| #define HAVE_PANELW 1
| #define HAVE_NCURSESW_CURSES_H 1
| #define HAVE_NCURSESW_NCURSES_H 1
| #define HAVE_NCURSESW_PANEL_H 1
| /* end confdefs.h.  */
| #include <stddef.h>
| #ifdef HAVE_STDIO_H
| # include <stdio.h>
| #endif
| #ifdef HAVE_STDLIB_H
| # include <stdlib.h>
| #endif
| #ifdef HAVE_STRING_H
| # include <string.h>
| #endif
| #ifdef HAVE_INTTYPES_H
| # include <inttypes.h>
| #endif
| #ifdef HAVE_STDINT_H
| # include <stdint.h>
| #endif
| #ifdef HAVE_STRINGS_H
| # include <strings.h>
| #endif
| #ifdef HAVE_SYS_TYPES_H
| # include <sys/types.h>
| #endif
| #ifdef HAVE_SYS_STAT_H
| # include <sys/stat.h>
| #endif
| #ifdef HAVE_UNISTD_H
| # include <unistd.h>
| #endif
| #include <ncurses/panel.h>
configure:26559: result: no
configure:26565: checking for curses.h
configure:26565: gcc -c   -D_DEFAULT_SOURCE -D_XOPEN_SOURCE=600  -D_DEFAULT_SOURCE -D_XOPEN_SOURCE=600  conftest.c >&5
conftest.c:6: warning: "_XOPEN_SOURCE" redefined
    6 | #define _XOPEN_SOURCE 700
      | 
<command-line>: note: this is the location of the previous definition
configure:26565: $? = 0
configure:26565: result: yes
configure:26571: checking for ncurses.h
configure:26571: gcc -c   -D_DEFAULT_SOURCE -D_XOPEN_SOURCE=600  -D_DEFAULT_SOURCE -D_XOPEN_SOURCE=600  conftest.c >&5
conftest.c:6: warning: "_XOPEN_SOURCE" redefined
    6 | #define _XOPEN_SOURCE 700
      | 
<command-line>: note: this is the location of the previous definition
configure:26571: $? = 0
configure:26571: result: yes
configure:26577: checking for panel.h
configure:26577: gcc -c   -D_DEFAULT_SOURCE -D_XOPEN_SOURCE=600  -D_DEFAULT_SOURCE -D_XOPEN_SOURCE=600  conftest.c >&5
conftest.c:6: warning: "_XOPEN_SOURCE" redefined
    6 | #define _XOPEN_SOURCE 700
      | 
<command-line>: note: this is the location of the previous definition
configure:26577: $? = 0
configure:26577: result: yes
configure:26588: checking for library containing initscr
configure:26618: gcc -o conftest   -D_DEFAULT_SOURCE -D_XOPEN_SOURCE=600  -D_DEFAULT_SOURCE -D_XOPEN_SOURCE=600   conftest.c -ldl  -lncursesw -ltinfo  -lpanelw  >&5
conftest.c:6: warning: "_XOPEN_SOURCE" redefined
    6 | #define _XOPEN_SOURCE 700
      | 
<command-line>: note: this is the location of the previous definition
configure:26618: $? = 0
configure:26638: result: none required
configure:26653: checking for library containing update_panels
configure:26683: gcc -o conftest   -D_DEFAULT_SOURCE -D_XOPEN_SOURCE=600  -D_DEFAULT_SOURCE -D_XOPEN_SOURCE=600   conftest.c -ldl  -lncursesw -ltinfo  -lpanelw  >&5
conftest.c:6: warning: "_XOPEN_SOURCE" redefined
    6 | #define _XOPEN_SOURCE 700
      | 
<command-line>: note: this is the location of the previous definition
configure:26683: $? = 0
configure:26703: result: none required
configure:26737: checking for term.h
configure:26737: gcc -c   -D_DEFAULT_SOURCE -D_XOPEN_SOURCE=600  -D_DEFAULT_SOURCE -D_XOPEN_SOURCE=600  conftest.c >&5
conftest.c:6: warning: "_XOPEN_SOURCE" redefined
    6 | #define _XOPEN_SOURCE 700
      | 
<command-line>: note: this is the location of the previous definition
configure:26737: $? = 0
configure:26737: result: yes
configure:26762: checking whether mvwdelch is an expression
configure:26797: gcc -c   -D_DEFAULT_SOURCE -D_XOPEN_SOURCE=600  -D_DEFAULT_SOURCE -D_XOPEN_SOURCE=600  conftest.c >&5
conftest.c:6: warning: "_XOPEN_SOURCE" redefined
    6 | #define _XOPEN_SOURCE 700
      | 
<command-line>: note: this is the location of the previous definition
configure:26797: $? = 0
configure:26805: result: yes
configure:26815: checking whether WINDOW has _flags
configure:26850: gcc -c   -D_DEFAULT_SOURCE -D_XOPEN_SOURCE=600  -D_DEFAULT_SOURCE -D_XOPEN_SOURCE=600  conftest.c >&5
conftest.c:6: warning: "_XOPEN_SOURCE" redefined
    6 | #define _XOPEN_SOURCE 700
      | 
<command-line>: note: this is the location of the previous definition
configure:26850: $? = 0
configure:26858: result: yes
configure:26873: checking for curses function is_pad
configure:26909: gcc -c   -D_DEFAULT_SOURCE -D_XOPEN_SOURCE=600  -D_DEFAULT_SOURCE -D_XOPEN_SOURCE=600  conftest.c >&5
conftest.c:6: warning: "_XOPEN_SOURCE" redefined
    6 | #define _XOPEN_SOURCE 700
      | 
<command-line>: note: this is the location of the previous definition
configure:26909: $? = 0
configure:26918: result: yes
configure:26931: checking for curses function is_term_resized
configure:26967: gcc -c   -D_DEFAULT_SOURCE -D_XOPEN_SOURCE=600  -D_DEFAULT_SOURCE -D_XOPEN_SOURCE=600  conftest.c >&5
conftest.c:6: warning: "_XOPEN_SOURCE" redefined
    6 | #define _XOPEN_SOURCE 700
      | 
<command-line>: note: this is the location of the previous definition
configure:26967: $? = 0
configure:26976: result: yes
configure:26989: checking for curses function resize_term
configure:27025: gcc -c   -D_DEFAULT_SOURCE -D_XOPEN_SOURCE=600  -D_DEFAULT_SOURCE -D_XOPEN_SOURCE=600  conftest.c >&5
conftest.c:6: warning: "_XOPEN_SOURCE" redefined
    6 | #define _XOPEN_SOURCE 700
      | 
<command-line>: note: this is the location of the previous definition
configure:27025: $? = 0
configure:27034: result: yes
configure:27047: checking for curses function resizeterm
configure:27083: gcc -c   -D_DEFAULT_SOURCE -D_XOPEN_SOURCE=600  -D_DEFAULT_SOURCE -D_XOPEN_SOURCE=600  conftest.c >&5
conftest.c:6: warning: "_XOPEN_SOURCE" redefined
    6 | #define _XOPEN_SOURCE 700
      | 
<command-line>: note: this is the location of the previous definition
configure:27083: $? = 0
configure:27092: result: yes
configure:27105: checking for curses function immedok
configure:27141: gcc -c   -D_DEFAULT_SOURCE -D_XOPEN_SOURCE=600  -D_DEFAULT_SOURCE -D_XOPEN_SOURCE=600  conftest.c >&5
conftest.c:6: warning: "_XOPEN_SOURCE" redefined
    6 | #define _XOPEN_SOURCE 700
      | 
<command-line>: note: this is the location of the previous definition
configure:27141: $? = 0
configure:27150: result: yes
configure:27163: checking for curses function syncok
configure:27199: gcc -c   -D_DEFAULT_SOURCE -D_XOPEN_SOURCE=600  -D_DEFAULT_SOURCE -D_XOPEN_SOURCE=600  conftest.c >&5
conftest.c:6: warning: "_XOPEN_SOURCE" redefined
    6 | #define _XOPEN_SOURCE 700
      | 
<command-line>: note: this is the location of the previous definition
configure:27199: $? = 0
configure:27208: result: yes
configure:27221: checking for curses function wchgat
configure:27257: gcc -c   -D_DEFAULT_SOURCE -D_XOPEN_SOURCE=600  -D_DEFAULT_SOURCE -D_XOPEN_SOURCE=600  conftest.c >&5
conftest.c:6: warning: "_XOPEN_SOURCE" redefined
    6 | #define _XOPEN_SOURCE 700
      | 
<command-line>: note: this is the location of the previous definition
configure:27257: $? = 0
configure:27266: result: yes
configure:27279: checking for curses function filter
configure:27315: gcc -c   -D_DEFAULT_SOURCE -D_XOPEN_SOURCE=600  -D_DEFAULT_SOURCE -D_XOPEN_SOURCE=600  conftest.c >&5
conftest.c:6: warning: "_XOPEN_SOURCE" redefined
    6 | #define _XOPEN_SOURCE 700
      | 
<command-line>: note: this is the location of the previous definition
configure:27315: $? = 0
configure:27324: result: yes
configure:27337: checking for curses function has_key
configure:27373: gcc -c   -D_DEFAULT_SOURCE -D_XOPEN_SOURCE=600  -D_DEFAULT_SOURCE -D_XOPEN_SOURCE=600  conftest.c >&5
conftest.c:6: warning: "_XOPEN_SOURCE" redefined
    6 | #define _XOPEN_SOURCE 700
      | 
<command-line>: note: this is the location of the previous definition
configure:27373: $? = 0
configure:27382: result: yes
configure:27395: checking for curses function typeahead
configure:27431: gcc -c   -D_DEFAULT_SOURCE -D_XOPEN_SOURCE=600  -D_DEFAULT_SOURCE -D_XOPEN_SOURCE=600  conftest.c >&5
conftest.c:6: warning: "_XOPEN_SOURCE" redefined
    6 | #define _XOPEN_SOURCE 700
      | 
<command-line>: note: this is the location of the previous definition
configure:27431: $? = 0
configure:27440: result: yes
configure:27453: checking for curses function use_env
configure:27489: gcc -c   -D_DEFAULT_SOURCE -D_XOPEN_SOURCE=600  -D_DEFAULT_SOURCE -D_XOPEN_SOURCE=600  conftest.c >&5
conftest.c:6: warning: "_XOPEN_SOURCE" redefined
    6 | #define _XOPEN_SOURCE 700
      | 
<command-line>: note: this is the location of the previous definition
configure:27489: $? = 0
configure:27498: result: yes
configure:27518: checking for device files
configure:27542: checking for /dev/ptmx
configure:27556: result: yes
configure:27568: checking for /dev/ptc
configure:27582: result: no
configure:27601: checking for socklen_t
configure:27601: gcc -c   conftest.c >&5
configure:27601: $? = 0
configure:27601: gcc -c   conftest.c >&5
conftest.c: In function 'main':
conftest.c:508:24: error: expected expression before ')' token
  508 | if (sizeof ((socklen_t)))
      |                        ^
configure:27601: $? = 1
configure: failed program was:
| /* confdefs.h */
| #define _NETBSD_SOURCE 1
| #define __BSD_VISIBLE 1
| #define _DARWIN_C_SOURCE 1
| #define _PYTHONFRAMEWORK ""
| #define _XOPEN_SOURCE 700
| #define _XOPEN_SOURCE_EXTENDED 1
| #define _POSIX_C_SOURCE 200809L
| #define HAVE_STDIO_H 1
| #define HAVE_STDLIB_H 1
| #define HAVE_STRING_H 1
| #define HAVE_INTTYPES_H 1
| #define HAVE_STDINT_H 1
| #define HAVE_STRINGS_H 1
| #define HAVE_SYS_STAT_H 1
| #define HAVE_SYS_TYPES_H 1
| #define HAVE_UNISTD_H 1
| #define HAVE_WCHAR_H 1
| #define STDC_HEADERS 1
| #define _ALL_SOURCE 1
| #define _DARWIN_C_SOURCE 1
| #define _GNU_SOURCE 1
| #define _HPUX_ALT_XOPEN_SOCKET_API 1
| #define _NETBSD_SOURCE 1
| #define _OPENBSD_SOURCE 1
| #define _POSIX_PTHREAD_SEMANTICS 1
| #define __STDC_WANT_IEC_60559_ATTRIBS_EXT__ 1
| #define __STDC_WANT_IEC_60559_BFP_EXT__ 1
| #define __STDC_WANT_IEC_60559_DFP_EXT__ 1
| #define __STDC_WANT_IEC_60559_FUNCS_EXT__ 1
| #define __STDC_WANT_IEC_60559_TYPES_EXT__ 1
| #define __STDC_WANT_LIB_EXT2__ 1
| #define __STDC_WANT_MATH_SPEC_FUNCS__ 1
| #define _TANDEM_SOURCE 1
| #define __EXTENSIONS__ 1
| #define PY_SUPPORT_TIER 1
| #define STDC_HEADERS 1
| #define HAVE_ALLOCA_H 1
| #define HAVE_ASM_TYPES_H 1
| #define HAVE_DLFCN_H 1
| #define HAVE_ENDIAN_H 1
| #define HAVE_ERRNO_H 1
| #define HAVE_FCNTL_H 1
| #define HAVE_GRP_H 1
| #define HAVE_LANGINFO_H 1
| #define HAVE_LIBINTL_H 1
| #define HAVE_LINUX_AUXVEC_H 1
| #define HAVE_SYS_AUXV_H 1
| #define HAVE_LINUX_FS_H 1
| #define HAVE_LINUX_LIMITS_H 1
| #define HAVE_LINUX_MEMFD_H 1
| #define HAVE_LINUX_RANDOM_H 1
| #define HAVE_LINUX_SOUNDCARD_H 1
| #define HAVE_LINUX_TIPC_H 1
| #define HAVE_LINUX_WAIT_H 1
| #define HAVE_NETDB_H 1
| #define HAVE_NET_ETHERNET_H 1
| #define HAVE_NETINET_IN_H 1
| #define HAVE_NETPACKET_PACKET_H 1
| #define HAVE_POLL_H 1
| #define HAVE_PTHREAD_H 1
| #define HAVE_PTY_H 1
| #define HAVE_SCHED_H 1
| #define HAVE_SETJMP_H 1
| #define HAVE_SHADOW_H 1
| #define HAVE_SIGNAL_H 1
| #define HAVE_SPAWN_H 1
| #define HAVE_SYS_EPOLL_H 1
| #define HAVE_SYS_EVENTFD_H 1
| #define HAVE_SYS_FILE_H 1
| #define HAVE_SYS_IOCTL_H 1
| #define HAVE_SYS_MMAN_H 1
| #define HAVE_SYS_PARAM_H 1
| #define HAVE_SYS_PIDFD_H 1
| #define HAVE_SYS_POLL_H 1
| #define HAVE_SYS_RANDOM_H 1
| #define HAVE_SYS_RESOURCE_H 1
| #define HAVE_SYS_SELECT_H 1
| #define HAVE_SYS_SENDFILE_H 1
| #define HAVE_SYS_SOCKET_H 1
| #define HAVE_SYS_SOUNDCARD_H 1
| #define HAVE_SYS_STAT_H 1
| #define HAVE_SYS_STATVFS_H 1
| #define HAVE_SYS_SYSCALL_H 1
| #define HAVE_SYS_SYSMACROS_H 1
| #define HAVE_SYS_TIME_H 1
| #define HAVE_SYS_TIMES_H 1
| #define HAVE_SYS_TIMERFD_H 1
| #define HAVE_SYS_TYPES_H 1
| #define HAVE_SYS_UIO_H 1
| #define HAVE_SYS_UN_H 1
| #define HAVE_SYS_UTSNAME_H 1
| #define HAVE_SYS_WAIT_H 1
| #define HAVE_SYS_XATTR_H 1
| #define HAVE_SYSEXITS_H 1
| #define HAVE_SYSLOG_H 1
| #define HAVE_TERMIOS_H 1
| #define HAVE_UTIME_H 1
| #define HAVE_UTMP_H 1
| #define HAVE_DIRENT_H 1
| #define MAJOR_IN_SYSMACROS 1
| #define HAVE_NET_IF_H 1
| #define HAVE_LINUX_NETLINK_H 1
| #define HAVE_LINUX_QRTR_H 1
| #define HAVE_LINUX_VM_SOCKETS_H 1
| #define HAVE_LINUX_CAN_H 1
| #define HAVE_LINUX_CAN_BCM_H 1
| #define HAVE_LINUX_CAN_J1939_H 1
| #define HAVE_LINUX_CAN_RAW_H 1
| #define HAVE_CLOCK_T 1
| #define HAVE_MAKEDEV 1
| #define HAVE_HTOLE64 1
| #define _LARGEFILE_SOURCE 1
| #define _FILE_OFFSET_BITS 64
| #if defined(SCO_DS)
| #undef _OFF_T
| #endif
| #define RETSIGTYPE void
| #define HAVE_SSIZE_T 1
| #define HAVE___UINT128_T 1
| #define HAVE_GCC_UINT128_T 1
| #define SIZEOF_INT 4
| #define SIZEOF_LONG 8
| #define ALIGNOF_LONG 8
| #define SIZEOF_LONG_LONG 8
| #define SIZEOF_VOID_P 8
| #define SIZEOF_SHORT 2
| #define SIZEOF_FLOAT 4
| #define SIZEOF_DOUBLE 8
| #define SIZEOF_FPOS_T 16
| #define SIZEOF_SIZE_T 8
| #define ALIGNOF_SIZE_T 8
| #define SIZEOF_PID_T 4
| #define SIZEOF_UINTPTR_T 8
| #define ALIGNOF_MAX_ALIGN_T 16
| #define HAVE_LONG_DOUBLE 1
| #define SIZEOF_LONG_DOUBLE 16
| #define SIZEOF__BOOL 1
| #define SIZEOF_OFF_T 8
| #define SIZEOF_TIME_T 8
| #define SIZEOF_PTHREAD_T 8
| #define SIZEOF_PTHREAD_KEY_T 4
| #define PTHREAD_KEY_T_IS_COMPATIBLE_WITH_INT 1
| #define PY_HAVE_PERF_TRAMPOLINE 1
| #define HAVE_LIBDL 1
| #define HAVE_FFI_PREP_CIF_VAR 1
| #define HAVE_FFI_PREP_CLOSURE_LOC 1
| #define HAVE_FFI_CLOSURE_ALLOC 1
| #define WITH_DECIMAL_CONTEXTVAR 1
| #define HAVE_LIBSQLITE3 1
| #define HAVE_LIBSQLITE3 1
| #define HAVE_LIBSQLITE3 1
| #define HAVE_LIBSQLITE3 1
| #define HAVE_LIBSQLITE3 1
| #define HAVE_LIBSQLITE3 1
| #define HAVE_LIBSQLITE3 1
| #define HAVE_LIBSQLITE3 1
| #define HAVE_LIBSQLITE3 1
| #define PY_SQLITE_HAVE_SERIALIZE 1
| #define _REENTRANT 1
| #define PTHREAD_SYSTEM_SCHED_SUPPORTED 1
| #define HAVE_PTHREAD_SIGMASK 1
| #define HAVE_PTHREAD_GETCPUCLOCKID 1
| #define ENABLE_IPV6 1
| #define HAVE_LINUX_CAN_RAW_FD_FRAMES 1
| #define HAVE_LINUX_CAN_RAW_JOIN_FILTERS 1
| #define WITH_DOC_STRINGS 1
| #define HAVE_STD_ATOMIC 1
| #define HAVE_BUILTIN_ATOMIC 1
| #define WITH_MIMALLOC 1
| #define WITH_PYMALLOC 1
| #define WITH_FREELISTS 1
| #define PY_COERCE_C_LOCALE 1
| #define HAVE_DLOPEN 1
| #define HAVE_DYNAMIC_LOADING 1
| #define HAVE_ACCEPT4 1
| #define HAVE_ALARM 1
| #define HAVE_BIND_TEXTDOMAIN_CODESET 1
| #define HAVE_CHMOD 1
| #define HAVE_CHOWN 1
| #define HAVE_CLOCK 1
| #define HAVE_CLOSEFROM 1
| #define HAVE_CLOSE_RANGE 1
| #define HAVE_CONFSTR 1
| #define HAVE_COPY_FILE_RANGE 1
| #define HAVE_CTERMID 1
| #define HAVE_DUP 1
| #define HAVE_DUP3 1
| #define HAVE_EXECV 1
| #define HAVE_EXPLICIT_BZERO 1
| #define HAVE_FACCESSAT 1
| #define HAVE_FCHMOD 1
| #define HAVE_FCHMODAT 1
| #define HAVE_FCHOWN 1
| #define HAVE_FCHOWNAT 1
| #define HAVE_FDOPENDIR 1
| #define HAVE_FEXECVE 1
| #define HAVE_FORK 1
| #define HAVE_FPATHCONF 1
| #define HAVE_FSTATAT 1
| #define HAVE_FTIME 1
| #define HAVE_FTRUNCATE 1
| #define HAVE_FUTIMENS 1
| #define HAVE_FUTIMES 1
| #define HAVE_FUTIMESAT 1
| #define HAVE_GAI_STRERROR 1
| #define HAVE_GETEGID 1
| #define HAVE_GETEUID 1
| #define HAVE_GETGID 1
| #define HAVE_GETGRENT 1
| #define HAVE_GETGRGID 1
| #define HAVE_GETGRGID_R 1
| #define HAVE_GETGRNAM_R 1
| #define HAVE_GETGROUPLIST 1
| #define HAVE_GETHOSTNAME 1
| #define HAVE_GETITIMER 1
| #define HAVE_GETLOADAVG 1
| #define HAVE_GETLOGIN 1
| #define HAVE_GETLOGIN_R 1
| #define HAVE_GETPEERNAME 1
| #define HAVE_GETPGID 1
| #define HAVE_GETPID 1
| #define HAVE_GETPPID 1
| #define HAVE_GETPRIORITY 1
| #define HAVE_GETPWENT 1
| #define HAVE_GETPWNAM_R 1
| #define HAVE_GETPWUID 1
| #define HAVE_GETPWUID_R 1
| #define HAVE_GETRESGID 1
| #define HAVE_GETRESUID 1
| #define HAVE_GETRUSAGE 1
| #define HAVE_GETSID 1
| #define HAVE_GETSPENT 1
| #define HAVE_GETSPNAM 1
| #define HAVE_GETUID 1
| #define HAVE_GETWD 1
| #define HAVE_GRANTPT 1
| #define HAVE_IF_NAMEINDEX 1
| #define HAVE_INITGROUPS 1
| #define HAVE_KILL 1
| #define HAVE_KILLPG 1
| #define HAVE_LCHOWN 1
| #define HAVE_LINKAT 1
| #define HAVE_LOCKF 1
| #define HAVE_LSTAT 1
| #define HAVE_LUTIMES 1
| #define HAVE_MADVISE 1
| #define HAVE_MBRTOWC 1
| #define HAVE_MEMRCHR 1
| #define HAVE_MKDIRAT 1
| #define HAVE_MKFIFO 1
| #define HAVE_MKFIFOAT 1
| #define HAVE_MKNOD 1
| #define HAVE_MKNODAT 1
| #define HAVE_MKTIME 1
| #define HAVE_MMAP 1
| #define HAVE_MREMAP 1
| #define HAVE_NICE 1
| #define HAVE_OPENAT 1
| #define HAVE_OPENDIR 1
| #define HAVE_PATHCONF 1
| #define HAVE_PAUSE 1
| #define HAVE_PIPE 1
| #define HAVE_PIPE2 1
| #define HAVE_POLL 1
| #define HAVE_POSIX_FADVISE 1
| #define HAVE_POSIX_FALLOCATE 1
| #define HAVE_POSIX_OPENPT 1
| #define HAVE_POSIX_SPAWN 1
| #define HAVE_POSIX_SPAWNP 1
| #define HAVE_POSIX_SPAWN_FILE_ACTIONS_ADDCLOSEFROM_NP 1
| #define HAVE_PREAD 1
| #define HAVE_PREADV 1
| #define HAVE_PREADV2 1
| #define HAVE_PROCESS_VM_READV 1
| #define HAVE_PTHREAD_CONDATTR_SETCLOCK 1
| #define HAVE_PTHREAD_KILL 1
| #define HAVE_PTSNAME 1
| #define HAVE_PTSNAME_R 1
| #define HAVE_PWRITE 1
| #define HAVE_PWRITEV 1
| #define HAVE_PWRITEV2 1
| #define HAVE_READLINK 1
| #define HAVE_READLINKAT 1
| #define HAVE_READV 1
| #define HAVE_REALPATH 1
| #define HAVE_RENAMEAT 1
| #define HAVE_SCHED_GET_PRIORITY_MAX 1
| #define HAVE_SCHED_RR_GET_INTERVAL 1
| #define HAVE_SCHED_SETAFFINITY 1
| #define HAVE_SCHED_SETPARAM 1
| #define HAVE_SCHED_SETSCHEDULER 1
| #define HAVE_SEM_CLOCKWAIT 1
| #define HAVE_SEM_GETVALUE 1
| #define HAVE_SEM_OPEN 1
| #define HAVE_SEM_TIMEDWAIT 1
| #define HAVE_SEM_UNLINK 1
| #define HAVE_SENDFILE 1
| #define HAVE_SETEGID 1
| #define HAVE_SETEUID 1
| #define HAVE_SETGID 1
| #define HAVE_SETHOSTNAME 1
| #define HAVE_SETITIMER 1
| #define HAVE_SETLOCALE 1
| #define HAVE_SETPGID 1
| #define HAVE_SETPGRP 1
| #define HAVE_SETPRIORITY 1
| #define HAVE_SETREGID 1
| #define HAVE_SETRESGID 1
| #define HAVE_SETRESUID 1
| #define HAVE_SETREUID 1
| #define HAVE_SETSID 1
| #define HAVE_SETUID 1
| #define HAVE_SETVBUF 1
| #define HAVE_SHUTDOWN 1
| #define HAVE_SIGACTION 1
| #define HAVE_SIGALTSTACK 1
| #define HAVE_SIGFILLSET 1
| #define HAVE_SIGINTERRUPT 1
| #define HAVE_SIGPENDING 1
| #define HAVE_SIGRELSE 1
| #define HAVE_SIGTIMEDWAIT 1
| #define HAVE_SIGWAIT 1
| #define HAVE_SIGWAITINFO 1
| #define HAVE_SNPRINTF 1
| #define HAVE_SPLICE 1
| #define HAVE_STRFTIME 1
| #define HAVE_STRSIGNAL 1
| #define HAVE_SYMLINKAT 1
| #define HAVE_SYNC 1
| #define HAVE_SYSCONF 1
| #define HAVE_TCGETPGRP 1
| #define HAVE_TCSETPGRP 1
| #define HAVE_TEMPNAM 1
| #define HAVE_TIMEGM 1
| #define HAVE_TIMES 1
| #define HAVE_TMPFILE 1
| #define HAVE_TMPNAM 1
| #define HAVE_TMPNAM_R 1
| #define HAVE_TRUNCATE 1
| #define HAVE_TTYNAME_R 1
| #define HAVE_UMASK 1
| #define HAVE_UNAME 1
| #define HAVE_UNLINKAT 1
| #define HAVE_UNLOCKPT 1
| #define HAVE_UTIMENSAT 1
| #define HAVE_UTIMES 1
| #define HAVE_VFORK 1
| #define HAVE_WAIT 1
| #define HAVE_WAIT3 1
| #define HAVE_WAIT4 1
| #define HAVE_WAITID 1
| #define HAVE_WAITPID 1
| #define HAVE_WCSCOLL 1
| #define HAVE_WCSFTIME 1
| #define HAVE_WCSXFRM 1
| #define HAVE_WMEMCMP 1
| #define HAVE_WRITEV 1
| #define HAVE_GETENTROPY 1
| #define HAVE_GETGROUPS 1
| #define HAVE_SYSTEM 1
| #define HAVE_DIRFD 1
| #define HAVE_CHROOT 1
| #define HAVE_LINK 1
| #define HAVE_SYMLINK 1
| #define HAVE_FCHDIR 1
| #define HAVE_FSYNC 1
| #define HAVE_FDATASYNC 1
| #define HAVE_EPOLL 1
| #define HAVE_EPOLL_CREATE1 1
| #define HAVE_PRLIMIT 1
| #define HAVE_MEMFD_CREATE 1
| #define HAVE_EVENTFD 1
| #define HAVE_TIMERFD_CREATE 1
| #define HAVE_FLOCK 1
| #define HAVE_GETPAGESIZE 1
| #define HAVE_ZLIB_COPY 1
| #define HAVE_BZLIB_H 1
| #define HAVE_HSTRERROR 1
| #define HAVE_GETSERVBYNAME 1
| #define HAVE_GETSERVBYPORT 1
| #define HAVE_GETHOSTBYNAME 1
| #define HAVE_GETHOSTBYADDR 1
| #define HAVE_GETPROTOBYNAME 1
| #define HAVE_INET_ATON 1
| #define HAVE_INET_NTOA 1
| #define HAVE_INET_PTON 1
| #define HAVE_GETPEERNAME 1
| #define HAVE_GETSOCKNAME 1
| #define HAVE_ACCEPT 1
| #define HAVE_BIND 1
| #define HAVE_CONNECT 1
| #define HAVE_LISTEN 1
| #define HAVE_RECVFROM 1
| #define HAVE_SENDTO 1
| #define HAVE_SETSOCKOPT 1
| #define HAVE_SOCKET 1
| #define HAVE_SETGROUPS 1
| #define HAVE_DECL_UT_NAMESIZE 1
| #define HAVE_UT_NAMESIZE 1
| #define HAVE_OPENPTY 1
| #define HAVE_LOGIN_TTY 1
| #define HAVE_FORKPTY 1
| #define HAVE_FSEEKO 1
| #define HAVE_FSTATVFS 1
| #define HAVE_FTELLO 1
| #define HAVE_STATVFS 1
| #define HAVE_DUP2 1
| #define HAVE_GETPGRP 1
| #define HAVE_SETPGRP 1
| #define HAVE_SETNS 1
| #define HAVE_UNSHARE 1
| #define HAVE_CLOCK_GETTIME 1
| #define HAVE_CLOCK_GETRES 1
| #define HAVE_CLOCK_SETTIME 1
| #define HAVE_CLOCK_NANOSLEEP 1
| #define HAVE_NANOSLEEP 1
| #define HAVE_DEVICE_MACROS 1
| #define SYS_SELECT_WITH_SYS_TIME 1
| #define HAVE_GETADDRINFO 1
| #define HAVE_GETNAMEINFO 1
| #define HAVE_STRUCT_TM_TM_ZONE 1
| #define HAVE_TM_ZONE 1
| #define HAVE_STRUCT_STAT_ST_RDEV 1
| #define HAVE_STRUCT_STAT_ST_BLKSIZE 1
| #define HAVE_STRUCT_STAT_ST_BLOCKS 1
| #define HAVE_STRUCT_PASSWD_PW_GECOS 1
| #define HAVE_STRUCT_PASSWD_PW_PASSWD 1
| #define HAVE_SIGINFO_T_SI_BAND 1
| #define HAVE_ADDRINFO 1
| #define HAVE_SOCKADDR_STORAGE 1
| #define HAVE_SOCKADDR_ALG 1
| #define HAVE_PROTOTYPES 1
| #define HAVE_SOCKETPAIR 1
| #define HAVE_GETHOSTBYNAME_R 1
| #define HAVE_GETHOSTBYNAME_R 1
| #define HAVE_GETHOSTBYNAME_R_6_ARG 1
| #define HAVE_GCC_ASM_FOR_X64 1
| #define DOUBLE_IS_LITTLE_ENDIAN_IEEE754 1
| #define HAVE_GCC_ASM_FOR_X87 1
| #define HAVE_ACOSH 1
| #define HAVE_ASINH 1
| #define HAVE_ATANH 1
| #define HAVE_ERF 1
| #define HAVE_ERFC 1
| #define HAVE_EXPM1 1
| #define HAVE_LOG1P 1
| #define HAVE_LOG2 1
| #define HAVE_DECL_RTLD_LAZY 1
| #define HAVE_DECL_RTLD_NOW 1
| #define HAVE_DECL_RTLD_GLOBAL 1
| #define HAVE_DECL_RTLD_LOCAL 1
| #define HAVE_DECL_RTLD_NODELETE 1
| #define HAVE_DECL_RTLD_NOLOAD 1
| #define HAVE_DECL_RTLD_DEEPBIND 1
| #define HAVE_DECL_RTLD_MEMBER 0
| #define HAVE_WCHAR_H 1
| #define SIZEOF_WCHAR_T 4
| #define HAVE_GETC_UNLOCKED 1
| #define HAVE_RL_COMPLETION_APPEND_CHARACTER 1
| #define HAVE_RL_COMPLETION_SUPPRESS_APPEND 1
| #define HAVE_RL_PRE_INPUT_HOOK 1
| #define HAVE_RL_COMPLETION_DISPLAY_MATCHES_HOOK 1
| #define HAVE_RL_RESIZE_TERMINAL 1
| #define HAVE_RL_COMPLETION_MATCHES 1
| #define HAVE_RL_CATCH_SIGNAL 1
| #define HAVE_RL_APPEND_HISTORY 1
| #define HAVE_RL_COMPDISP_FUNC_T 1
| #define Py_RL_STARTUP_HOOK_TAKES_ARGS 1
| #define HAVE_WORKING_TZSET 1
| #define HAVE_STAT_TV_NSEC 1
| #define HAVE_NCURSESW 1
| #define HAVE_PANELW 1
| #define HAVE_NCURSESW_CURSES_H 1
| #define HAVE_NCURSESW_NCURSES_H 1
| #define HAVE_NCURSESW_PANEL_H 1
| #define HAVE_CURSES_H 1
| #define HAVE_NCURSES_H 1
| #define HAVE_PANEL_H 1
| #define HAVE_TERM_H 1
| #define MVWDELCH_IS_EXPRESSION 1
| #define WINDOW_HAS_FLAGS 1
| #define HAVE_CURSES_IS_PAD 1
| #define HAVE_CURSES_IS_TERM_RESIZED 1
| #define HAVE_CURSES_RESIZE_TERM 1
| #define HAVE_CURSES_RESIZETERM 1
| #define HAVE_CURSES_IMMEDOK 1
| #define HAVE_CURSES_SYNCOK 1
| #define HAVE_CURSES_WCHGAT 1
| #define HAVE_CURSES_FILTER 1
| #define HAVE_CURSES_HAS_KEY 1
| #define HAVE_CURSES_TYPEAHEAD 1
| #define HAVE_CURSES_USE_ENV 1
| #define HAVE_DEV_PTMX 1
| /* end confdefs.h.  */
| 
| #ifdef HAVE_SYS_TYPES_H
| #include <sys/types.h>
| #endif
| #ifdef HAVE_SYS_SOCKET_H
| #include <sys/socket.h>
| #endif
| 
| 
| int
| main (void)
| {
| if (sizeof ((socklen_t)))
| 	    return 0;
|   ;
|   return 0;
| }
configure:27601: result: yes
configure:27623: checking for broken mbstowcs
configure:27647: gcc -o conftest    conftest.c -ldl  >&5
configure:27647: $? = 0
configure:27647: ./conftest
configure:27647: $? = 0
configure:27658: result: no
configure:27668: checking for --with-computed-gotos
configure:27693: result: no value specified
configure:27698: checking whether gcc supports computed gotos
configure:27727: gcc -o conftest    conftest.c -ldl  >&5
configure:27727: $? = 0
configure:27727: ./conftest
configure:27727: $? = 0
configure:27738: result: yes
configure:27788: checking for build directories
configure:27795: result: done
configure:27799: checking for -O2
configure:27819: gcc -c -O2  conftest.c >&5
configure:27819: $? = 0
configure:27829: result: yes
configure:27834: checking for glibc _FORTIFY_SOURCE/memmove bug
configure:27864: gcc -o conftest -O2 -D_FORTIFY_SOURCE=2   conftest.c -ldl  >&5
configure:27864: $? = 0
configure:27864: ./conftest
configure:27864: $? = 0
configure:27875: result: no
configure:27889: checking for gcc ipa-pure-const bug
configure:27917: gcc -o conftest -O2   conftest.c -ldl  >&5
configure:27917: $? = 0
configure:27917: ./conftest
configure:27917: $? = 0
configure:27928: result: no
configure:27940: checking for ensurepip
configure:27973: result: upgrade
configure:27978: checking if the dirent structure of a d_type field
configure:27998: gcc -o conftest    conftest.c -ldl  >&5
configure:27998: $? = 0
configure:28008: result: yes
configure:28021: checking for the Linux getrandom() syscall
configure:28048: gcc -o conftest    conftest.c -ldl  >&5
configure:28048: $? = 0
configure:28058: result: yes
configure:28072: checking for the getrandom() function
configure:28097: gcc -o conftest    conftest.c -ldl  >&5
configure:28097: $? = 0
configure:28107: result: yes
configure:28128: checking for library containing shm_open
configure:28158: gcc -o conftest    conftest.c -ldl  >&5
configure:28158: $? = 0
configure:28178: result: none required
configure:28205: checking for shm_open
configure:28205: gcc -o conftest    conftest.c -ldl  >&5
configure:28205: $? = 0
configure:28205: result: yes
configure:28205: checking for shm_unlink
configure:28205: gcc -o conftest    conftest.c -ldl  >&5
configure:28205: $? = 0
configure:28205: result: yes
configure:28294: checking for pkg-config
configure:28326: result: /usr/bin/pkg-config
configure:28396: checking whether compiling and linking against OpenSSL works
Trying link with OPENSSL_LDFLAGS=; OPENSSL_LIBS=-lssl -lcrypto ; OPENSSL_INCLUDES=
configure:28418: gcc -o conftest      conftest.c -lssl -lcrypto  -ldl  >&5
configure:28418: $? = 0
configure:28421: result: yes
configure:28460: checking for --with-openssl-rpath
configure:28501: result: 
configure:28554: checking whether OpenSSL provides required ssl module APIs
configure:28587: gcc -o conftest       conftest.c -ldl  -lssl -lcrypto  >&5
configure:28587: $? = 0
configure:28597: result: yes
configure:28617: checking whether OpenSSL provides required hashlib module APIs
configure:28647: gcc -o conftest       conftest.c -ldl   -lcrypto >&5
configure:28647: $? = 0
configure:28657: result: yes
configure:28671: checking for --with-ssl-default-suites
configure:28699: result: python
configure:28709: checking for --with-builtin-hashlib-hashes
configure:28731: result: md5,sha1,sha2,sha3,blake2
configure:28763: checking for libb2
configure:28770: $PKG_CONFIG --exists --print-errors "libb2"
Package libb2 was not found in the pkg-config search path.
Perhaps you should add the directory containing `libb2.pc'
to the PKG_CONFIG_PATH environment variable
Package 'libb2', required by 'virtual:world', not found
configure:28773: $? = 1
configure:28787: $PKG_CONFIG --exists --print-errors "libb2"
Package libb2 was not found in the pkg-config search path.
Perhaps you should add the directory containing `libb2.pc'
to the PKG_CONFIG_PATH environment variable
Package 'libb2', required by 'virtual:world', not found
configure:28790: $? = 1
configure:28804: result: no
Package 'libb2', required by 'virtual:world', not found
configure:28842: checking for --disable-test-modules
configure:28867: result: yes
configure:28888: checking whether libatomic is needed by <pyatomic.h>
configure:28934: gcc -o conftest  -IObjects -IInclude -IPython -I. -I/koala_evals/python-shell-DSL-copy/Include   conftest.c -ldl  >&5
configure:28934: $? = 0
configure:28943: result: no
configure:29578: checking for stdlib extension module _multiprocessing
configure:29612: result: yes
configure:29616: checking for stdlib extension module _posixshmem
configure:29650: result: yes
configure:29745: checking for stdlib extension module fcntl
configure:29779: result: yes
configure:29783: checking for stdlib extension module mmap
configure:29817: result: yes
configure:29821: checking for stdlib extension module _socket
configure:29855: result: yes
configure:29860: checking for stdlib extension module grp
configure:29895: result: yes
configure:29899: checking for stdlib extension module pwd
configure:29933: result: yes
configure:29937: checking for stdlib extension module resource
configure:29971: result: yes
configure:29975: checking for stdlib extension module _scproxy
configure:30009: result: n/a
configure:30013: checking for stdlib extension module syslog
configure:30047: result: yes
configure:30051: checking for stdlib extension module termios
configure:30085: result: yes
configure:30090: checking for stdlib extension module pyexpat
configure:30124: result: yes
configure:30128: checking for stdlib extension module _elementtree
configure:30162: result: yes
configure:30343: checking for stdlib extension module _md5
configure:30377: result: yes
configure:30381: checking for stdlib extension module _sha1
configure:30415: result: yes
configure:30419: checking for stdlib extension module _sha2
configure:30453: result: yes
configure:30457: checking for stdlib extension module _sha3
configure:30491: result: yes
configure:30495: checking for stdlib extension module _blake2
configure:30529: result: yes
configure:30534: checking for stdlib extension module _ctypes
configure:30568: result: yes
configure:30572: checking for stdlib extension module _curses
configure:30607: result: yes
configure:30611: checking for stdlib extension module _curses_panel
configure:30646: result: yes
configure:30650: checking for stdlib extension module _decimal
configure:30684: result: yes
configure:30688: checking for stdlib extension module _dbm
configure:30722: result: missing
configure:30726: checking for stdlib extension module _gdbm
configure:30760: result: missing
configure:30764: checking for stdlib extension module readline
configure:30798: result: yes
configure:30802: checking for stdlib extension module _sqlite3
configure:30836: result: yes
configure:30840: checking for stdlib extension module _tkinter
configure:30874: result: missing
configure:30878: checking for stdlib extension module _uuid
configure:30912: result: missing
configure:30917: checking for stdlib extension module zlib
configure:30951: result: yes
configure:30977: checking for stdlib extension module _bz2
configure:31011: result: yes
configure:31015: checking for stdlib extension module _lzma
configure:31049: result: missing
configure:31054: checking for stdlib extension module _ssl
configure:31088: result: yes
configure:31092: checking for stdlib extension module _hashlib
configure:31126: result: yes
configure:31131: checking for stdlib extension module _testcapi
configure:31165: result: yes
configure:31169: checking for stdlib extension module _testclinic
configure:31203: result: yes
configure:31207: checking for stdlib extension module _testclinic_limited
configure:31241: result: yes
configure:31245: checking for stdlib extension module _testlimitedcapi
configure:31279: result: yes
configure:31283: checking for stdlib extension module _testinternalcapi
configure:31317: result: yes
configure:31321: checking for stdlib extension module _testbuffer
configure:31355: result: yes
configure:31359: checking for stdlib extension module _testimportmultiple
configure:31393: result: yes
configure:31397: checking for stdlib extension module _testmultiphase
configure:31431: result: yes
configure:31435: checking for stdlib extension module _testsinglephase
configure:31469: result: yes
configure:31473: checking for stdlib extension module _testexternalinspection
configure:31507: result: yes
configure:31511: checking for stdlib extension module xxsubtype
configure:31545: result: yes
configure:31549: checking for stdlib extension module _xxtestfuzz
configure:31583: result: yes
configure:31587: checking for stdlib extension module _ctypes_test
configure:31621: result: yes
configure:31626: checking for stdlib extension module xxlimited
configure:31660: result: yes
configure:31664: checking for stdlib extension module xxlimited_35
configure:31698: result: yes
configure:32152: creating ./config.status

## ---------------------- ##
## Running config.status. ##
## ---------------------- ##

This file was extended by python config.status 3.13, which was
generated by GNU Autoconf 2.71.  Invocation command line was

  CONFIG_FILES    = 
  CONFIG_HEADERS  = 
  CONFIG_LINKS    = 
  CONFIG_COMMANDS = 
  $ ./config.status 

on eb7224a43966

config.status:1790: creating Makefile.pre
config.status:1790: creating Misc/python.pc
config.status:1790: creating Misc/python-embed.pc
config.status:1790: creating Misc/python-config.sh
config.status:1790: creating Modules/Setup.bootstrap
config.status:1790: creating Modules/Setup.stdlib
config.status:1790: creating Modules/ld_so_aix
config.status:1790: creating pyconfig.h
configure:33335: creating Modules/Setup.local
configure:33342: creating Makefile
configure:33359:

If you want a release build with all stable optimizations active (PGO, etc),
please run ./configure --enable-optimizations


## ---------------- ##
## Cache variables. ##
## ---------------- ##

ac_cv_aligned_required=no
ac_cv_alignof_long=8
ac_cv_alignof_max_align_t=16
ac_cv_alignof_size_t=8
ac_cv_broken_mbstowcs=no
ac_cv_broken_nice=no
ac_cv_broken_poll=no
ac_cv_broken_sem_getvalue=no
ac_cv_broken_unsetenv=no
ac_cv_buggy_getaddrinfo=no
ac_cv_build=x86_64-pc-linux-gnu
ac_cv_builtin_atomic=yes
ac_cv_c_bigendian=no
ac_cv_c_compiler_gnu=yes
ac_cv_c_const=yes
ac_cv_c_undeclared_builtin_options='none needed'
ac_cv_can_raw_fd_frames=yes
ac_cv_can_raw_join_filters=yes
ac_cv_cc_name=gcc
ac_cv_cc_supports_fstrict_overflow=yes
ac_cv_cc_supports_og=yes
ac_cv_compile_o2=yes
ac_cv_computed_gotos=yes
ac_cv_cxx_thread=no
ac_cv_defined_IPV6_INRIA_VERSION_netinet_in_h=no
ac_cv_defined___GLIBC___features_h=yes
ac_cv_defined___KAME___netinet_in_h=no
ac_cv_device_macros=yes
ac_cv_dirent_d_type=yes
ac_cv_disable_int_conversion_warning=yes
ac_cv_disable_missing_field_initializers_warning=yes
ac_cv_disable_unused_parameter_warning=yes
ac_cv_enable_extra_warning=yes
ac_cv_enable_implicit_function_declaration_error=yes
ac_cv_enable_sign_compare_warning=yes
ac_cv_enable_strict_prototypes_warning=yes
ac_cv_enable_unreachable_code_warning=no
ac_cv_enable_visibility=yes
ac_cv_env_BOLT_APPLY_FLAGS_set=
ac_cv_env_BOLT_APPLY_FLAGS_value=
ac_cv_env_BOLT_COMMON_FLAGS_set=
ac_cv_env_BOLT_COMMON_FLAGS_value=
ac_cv_env_BOLT_INSTRUMENT_FLAGS_set=
ac_cv_env_BOLT_INSTRUMENT_FLAGS_value=
ac_cv_env_BZIP2_CFLAGS_set=
ac_cv_env_BZIP2_CFLAGS_value=
ac_cv_env_BZIP2_LIBS_set=
ac_cv_env_BZIP2_LIBS_value=
ac_cv_env_CC_set=
ac_cv_env_CC_value=
ac_cv_env_CFLAGS_set=
ac_cv_env_CFLAGS_value=
ac_cv_env_CPPFLAGS_set=
ac_cv_env_CPPFLAGS_value=
ac_cv_env_CPP_set=
ac_cv_env_CPP_value=
ac_cv_env_CURSES_CFLAGS_set=
ac_cv_env_CURSES_CFLAGS_value=
ac_cv_env_CURSES_LIBS_set=
ac_cv_env_CURSES_LIBS_value=
ac_cv_env_GDBM_CFLAGS_set=
ac_cv_env_GDBM_CFLAGS_value=
ac_cv_env_GDBM_LIBS_set=
ac_cv_env_GDBM_LIBS_value=
ac_cv_env_HOSTRUNNER_set=
ac_cv_env_HOSTRUNNER_value=
ac_cv_env_LDFLAGS_set=
ac_cv_env_LDFLAGS_value=
ac_cv_env_LIBB2_CFLAGS_set=
ac_cv_env_LIBB2_CFLAGS_value=
ac_cv_env_LIBB2_LIBS_set=
ac_cv_env_LIBB2_LIBS_value=
ac_cv_env_LIBEDIT_CFLAGS_set=
ac_cv_env_LIBEDIT_CFLAGS_value=
ac_cv_env_LIBEDIT_LIBS_set=
ac_cv_env_LIBEDIT_LIBS_value=
ac_cv_env_LIBFFI_CFLAGS_set=
ac_cv_env_LIBFFI_CFLAGS_value=
ac_cv_env_LIBFFI_LIBS_set=
ac_cv_env_LIBFFI_LIBS_value=
ac_cv_env_LIBLZMA_CFLAGS_set=
ac_cv_env_LIBLZMA_CFLAGS_value=
ac_cv_env_LIBLZMA_LIBS_set=
ac_cv_env_LIBLZMA_LIBS_value=
ac_cv_env_LIBMPDEC_CFLAGS_set=
ac_cv_env_LIBMPDEC_CFLAGS_value=
ac_cv_env_LIBMPDEC_LIBS_set=
ac_cv_env_LIBMPDEC_LIBS_value=
ac_cv_env_LIBREADLINE_CFLAGS_set=
ac_cv_env_LIBREADLINE_CFLAGS_value=
ac_cv_env_LIBREADLINE_LIBS_set=
ac_cv_env_LIBREADLINE_LIBS_value=
ac_cv_env_LIBSQLITE3_CFLAGS_set=
ac_cv_env_LIBSQLITE3_CFLAGS_value=
ac_cv_env_LIBSQLITE3_LIBS_set=
ac_cv_env_LIBSQLITE3_LIBS_value=
ac_cv_env_LIBS_set=
ac_cv_env_LIBS_value=
ac_cv_env_LIBUUID_CFLAGS_set=
ac_cv_env_LIBUUID_CFLAGS_value=
ac_cv_env_LIBUUID_LIBS_set=
ac_cv_env_LIBUUID_LIBS_value=
ac_cv_env_MACHDEP_set=
ac_cv_env_MACHDEP_value=
ac_cv_env_PANEL_CFLAGS_set=
ac_cv_env_PANEL_CFLAGS_value=
ac_cv_env_PANEL_LIBS_set=
ac_cv_env_PANEL_LIBS_value=
ac_cv_env_PKG_CONFIG_LIBDIR_set=
ac_cv_env_PKG_CONFIG_LIBDIR_value=
ac_cv_env_PKG_CONFIG_PATH_set=
ac_cv_env_PKG_CONFIG_PATH_value=
ac_cv_env_PKG_CONFIG_set=
ac_cv_env_PKG_CONFIG_value=
ac_cv_env_PROFILE_TASK_set=
ac_cv_env_PROFILE_TASK_value=
ac_cv_env_TCLTK_CFLAGS_set=
ac_cv_env_TCLTK_CFLAGS_value=
ac_cv_env_TCLTK_LIBS_set=
ac_cv_env_TCLTK_LIBS_value=
ac_cv_env_X11_CFLAGS_set=
ac_cv_env_X11_CFLAGS_value=
ac_cv_env_X11_LIBS_set=
ac_cv_env_X11_LIBS_value=
ac_cv_env_ZLIB_CFLAGS_set=
ac_cv_env_ZLIB_CFLAGS_value=
ac_cv_env_ZLIB_LIBS_set=
ac_cv_env_ZLIB_LIBS_value=
ac_cv_env_build_alias_set=
ac_cv_env_build_alias_value=
ac_cv_env_host_alias_set=
ac_cv_env_host_alias_value=
ac_cv_env_target_alias_set=
ac_cv_env_target_alias_value=
ac_cv_file__dev_ptc=no
ac_cv_file__dev_ptmx=yes
ac_cv_flock_decl=yes
ac_cv_func___fpu_control=yes
ac_cv_func__dyld_shared_cache_contains_path=no
ac_cv_func__getpty=no
ac_cv_func_accept4=yes
ac_cv_func_accept=yes
ac_cv_func_acosh=yes
ac_cv_func_alarm=yes
ac_cv_func_asinh=yes
ac_cv_func_atanh=yes
ac_cv_func_bind=yes
ac_cv_func_bind_textdomain_codeset=yes
ac_cv_func_chmod=yes
ac_cv_func_chown=yes
ac_cv_func_chroot=yes
ac_cv_func_clock=yes
ac_cv_func_clock_getres=yes
ac_cv_func_clock_gettime=yes
ac_cv_func_clock_nanosleep=yes
ac_cv_func_clock_settime=yes
ac_cv_func_close_range=yes
ac_cv_func_closefrom=yes
ac_cv_func_confstr=yes
ac_cv_func_connect=yes
ac_cv_func_copy_file_range=yes
ac_cv_func_ctermid=yes
ac_cv_func_ctermid_r=no
ac_cv_func_dlopen=yes
ac_cv_func_dup2=yes
ac_cv_func_dup3=yes
ac_cv_func_dup=yes
ac_cv_func_epoll_create1=yes
ac_cv_func_epoll_create=yes
ac_cv_func_erf=yes
ac_cv_func_erfc=yes
ac_cv_func_eventfd=yes
ac_cv_func_execv=yes
ac_cv_func_explicit_bzero=yes
ac_cv_func_explicit_memset=no
ac_cv_func_expm1=yes
ac_cv_func_faccessat=yes
ac_cv_func_fchdir=yes
ac_cv_func_fchmod=yes
ac_cv_func_fchmodat=yes
ac_cv_func_fchown=yes
ac_cv_func_fchownat=yes
ac_cv_func_fdatasync=yes
ac_cv_func_fdopendir=yes
ac_cv_func_fdwalk=no
ac_cv_func_fexecve=yes
ac_cv_func_ffi_closure_alloc=yes
ac_cv_func_ffi_prep_cif_var=yes
ac_cv_func_ffi_prep_closure_loc=yes
ac_cv_func_flock=yes
ac_cv_func_fork1=no
ac_cv_func_fork=yes
ac_cv_func_forkpty=yes
ac_cv_func_fpathconf=yes
ac_cv_func_fseek64=no
ac_cv_func_fseeko=yes
ac_cv_func_fstatat=yes
ac_cv_func_fstatvfs=yes
ac_cv_func_fsync=yes
ac_cv_func_ftell64=no
ac_cv_func_ftello=yes
ac_cv_func_ftime=yes
ac_cv_func_ftruncate=yes
ac_cv_func_futimens=yes
ac_cv_func_futimes=yes
ac_cv_func_futimesat=yes
ac_cv_func_gai_strerror=yes
ac_cv_func_getaddrinfo=yes
ac_cv_func_getegid=yes
ac_cv_func_getentropy=yes
ac_cv_func_geteuid=yes
ac_cv_func_getgid=yes
ac_cv_func_getgrent=yes
ac_cv_func_getgrgid=yes
ac_cv_func_getgrgid_r=yes
ac_cv_func_getgrnam_r=yes
ac_cv_func_getgrouplist=yes
ac_cv_func_getgroups=yes
ac_cv_func_gethostbyaddr=yes
ac_cv_func_gethostbyname=yes
ac_cv_func_gethostbyname_r=yes
ac_cv_func_gethostname=yes
ac_cv_func_getitimer=yes
ac_cv_func_getloadavg=yes
ac_cv_func_getlogin=yes
ac_cv_func_getlogin_r=yes
ac_cv_func_getnameinfo=yes
ac_cv_func_getpagesize=yes
ac_cv_func_getpeername=yes
ac_cv_func_getpgid=yes
ac_cv_func_getpgrp=yes
ac_cv_func_getpid=yes
ac_cv_func_getppid=yes
ac_cv_func_getpriority=yes
ac_cv_func_getprotobyname=yes
ac_cv_func_getpwent=yes
ac_cv_func_getpwnam_r=yes
ac_cv_func_getpwuid=yes
ac_cv_func_getpwuid_r=yes
ac_cv_func_getrandom=yes
ac_cv_func_getresgid=yes
ac_cv_func_getresuid=yes
ac_cv_func_getrusage=yes
ac_cv_func_getservbyname=yes
ac_cv_func_getservbyport=yes
ac_cv_func_getsid=yes
ac_cv_func_getsockname=yes
ac_cv_func_getspent=yes
ac_cv_func_getspnam=yes
ac_cv_func_getuid=yes
ac_cv_func_getwd=yes
ac_cv_func_grantpt=yes
ac_cv_func_hstrerror=yes
ac_cv_func_if_nameindex=yes
ac_cv_func_inet_aton=yes
ac_cv_func_inet_ntoa=yes
ac_cv_func_inet_pton=yes
ac_cv_func_initgroups=yes
ac_cv_func_kill=yes
ac_cv_func_killpg=yes
ac_cv_func_kqueue=no
ac_cv_func_lchown=yes
ac_cv_func_le64toh=yes
ac_cv_func_link=yes
ac_cv_func_linkat=yes
ac_cv_func_listen=yes
ac_cv_func_lockf=yes
ac_cv_func_log1p=yes
ac_cv_func_log2=yes
ac_cv_func_lstat=yes
ac_cv_func_lutimes=yes
ac_cv_func_madvise=yes
ac_cv_func_makedev=yes
ac_cv_func_mbrtowc=yes
ac_cv_func_memfd_create=yes
ac_cv_func_memrchr=yes
ac_cv_func_mkdirat=yes
ac_cv_func_mkfifo=yes
ac_cv_func_mkfifoat=yes
ac_cv_func_mknod=yes
ac_cv_func_mknodat=yes
ac_cv_func_mktime=yes
ac_cv_func_mmap=yes
ac_cv_func_mremap=yes
ac_cv_func_nanosleep=yes
ac_cv_func_nice=yes
ac_cv_func_openat=yes
ac_cv_func_opendir=yes
ac_cv_func_openpty=yes
ac_cv_func_pathconf=yes
ac_cv_func_pause=yes
ac_cv_func_pipe2=yes
ac_cv_func_pipe=yes
ac_cv_func_plock=no
ac_cv_func_poll=yes
ac_cv_func_posix_fadvise=yes
ac_cv_func_posix_fallocate=yes
ac_cv_func_posix_openpt=yes
ac_cv_func_posix_spawn=yes
ac_cv_func_posix_spawn_file_actions_addclosefrom_np=yes
ac_cv_func_posix_spawnp=yes
ac_cv_func_pread=yes
ac_cv_func_preadv2=yes
ac_cv_func_preadv=yes
ac_cv_func_prlimit=yes
ac_cv_func_process_vm_readv=yes
ac_cv_func_pthread_cond_timedwait_relative_np=no
ac_cv_func_pthread_condattr_setclock=yes
ac_cv_func_pthread_getcpuclockid=yes
ac_cv_func_pthread_init=no
ac_cv_func_pthread_kill=yes
ac_cv_func_pthread_sigmask=yes
ac_cv_func_ptsname=yes
ac_cv_func_ptsname_r=yes
ac_cv_func_pwrite=yes
ac_cv_func_pwritev2=yes
ac_cv_func_pwritev=yes
ac_cv_func_readlink=yes
ac_cv_func_readlinkat=yes
ac_cv_func_readv=yes
ac_cv_func_realpath=yes
ac_cv_func_recvfrom=yes
ac_cv_func_renameat=yes
ac_cv_func_rtpSpawn=no
ac_cv_func_sched_get_priority_max=yes
ac_cv_func_sched_rr_get_interval=yes
ac_cv_func_sched_setaffinity=yes
ac_cv_func_sched_setparam=yes
ac_cv_func_sched_setscheduler=yes
ac_cv_func_sem_clockwait=yes
ac_cv_func_sem_getvalue=yes
ac_cv_func_sem_open=yes
ac_cv_func_sem_timedwait=yes
ac_cv_func_sem_unlink=yes
ac_cv_func_sendfile=yes
ac_cv_func_sendto=yes
ac_cv_func_setegid=yes
ac_cv_func_seteuid=yes
ac_cv_func_setgid=yes
ac_cv_func_setgroups=yes
ac_cv_func_sethostname=yes
ac_cv_func_setitimer=yes
ac_cv_func_setlocale=yes
ac_cv_func_setns=yes
ac_cv_func_setpgid=yes
ac_cv_func_setpgrp=yes
ac_cv_func_setpriority=yes
ac_cv_func_setregid=yes
ac_cv_func_setresgid=yes
ac_cv_func_setresuid=yes
ac_cv_func_setreuid=yes
ac_cv_func_setsid=yes
ac_cv_func_setsockopt=yes
ac_cv_func_setuid=yes
ac_cv_func_setvbuf=yes
ac_cv_func_shm_open=yes
ac_cv_func_shm_unlink=yes
ac_cv_func_shutdown=yes
ac_cv_func_sigaction=yes
ac_cv_func_sigaltstack=yes
ac_cv_func_sigfillset=yes
ac_cv_func_siginterrupt=yes
ac_cv_func_sigpending=yes
ac_cv_func_sigrelse=yes
ac_cv_func_sigtimedwait=yes
ac_cv_func_sigwait=yes
ac_cv_func_sigwaitinfo=yes
ac_cv_func_snprintf=yes
ac_cv_func_socket=yes
ac_cv_func_socketpair=yes
ac_cv_func_splice=yes
ac_cv_func_statvfs=yes
ac_cv_func_strftime=yes
ac_cv_func_strlcpy=no
ac_cv_func_strsignal=yes
ac_cv_func_symlink=yes
ac_cv_func_symlinkat=yes
ac_cv_func_sync=yes
ac_cv_func_sysconf=yes
ac_cv_func_system=yes
ac_cv_func_tcgetpgrp=yes
ac_cv_func_tcsetpgrp=yes
ac_cv_func_tempnam=yes
ac_cv_func_timegm=yes
ac_cv_func_timerfd_create=yes
ac_cv_func_times=yes
ac_cv_func_tmpfile=yes
ac_cv_func_tmpnam=yes
ac_cv_func_tmpnam_r=yes
ac_cv_func_truncate=yes
ac_cv_func_ttyname_r=yes
ac_cv_func_umask=yes
ac_cv_func_uname=yes
ac_cv_func_unlinkat=yes
ac_cv_func_unlockpt=yes
ac_cv_func_unshare=yes
ac_cv_func_utimensat=yes
ac_cv_func_utimes=yes
ac_cv_func_vfork=yes
ac_cv_func_wait3=yes
ac_cv_func_wait4=yes
ac_cv_func_wait=yes
ac_cv_func_waitid=yes
ac_cv_func_waitpid=yes
ac_cv_func_wcscoll=yes
ac_cv_func_wcsftime=yes
ac_cv_func_wcsxfrm=yes
ac_cv_func_wmemcmp=yes
ac_cv_func_writev=yes
ac_cv_function_prototypes=yes
ac_cv_gcc_asm_for_mc68881=no
ac_cv_gcc_asm_for_x64=yes
ac_cv_gcc_asm_for_x87=yes
ac_cv_gcc_compat=yes
ac_cv_getrandom_syscall=yes
ac_cv_have_chflags=no
ac_cv_have_decl_MAXLOGNAME=no
ac_cv_have_decl_RTLD_DEEPBIND=yes
ac_cv_have_decl_RTLD_GLOBAL=yes
ac_cv_have_decl_RTLD_LAZY=yes
ac_cv_have_decl_RTLD_LOCAL=yes
ac_cv_have_decl_RTLD_MEMBER=no
ac_cv_have_decl_RTLD_NODELETE=yes
ac_cv_have_decl_RTLD_NOLOAD=yes
ac_cv_have_decl_RTLD_NOW=yes
ac_cv_have_decl_UT_NAMESIZE=yes
ac_cv_have_decl_dirfd=yes
ac_cv_have_decl_rl_catch_signals=yes
ac_cv_have_decl_rl_completion_append_character=yes
ac_cv_have_decl_rl_completion_suppress_append=yes
ac_cv_have_getc_unlocked=yes
ac_cv_have_lchflags=no
ac_cv_have_pthread_t=yes
ac_cv_header_alloca_h=yes
ac_cv_header_asm_types_h=yes
ac_cv_header_bluetooth_bluetooth_h=no
ac_cv_header_bluetooth_h=no
ac_cv_header_bzlib_h=yes
ac_cv_header_conio_h=no
ac_cv_header_curses_h=yes
ac_cv_header_db_h=no
ac_cv_header_direct_h=no
ac_cv_header_dirent_dirent_h=yes
ac_cv_header_dlfcn_h=yes
ac_cv_header_endian_h=yes
ac_cv_header_errno_h=yes
ac_cv_header_fcntl_h=yes
ac_cv_header_gdbm_dash_ndbm_h=no
ac_cv_header_gdbm_h=no
ac_cv_header_gdbm_slash_ndbm_h=no
ac_cv_header_grp_h=yes
ac_cv_header_inttypes_h=yes
ac_cv_header_io_h=no
ac_cv_header_langinfo_h=yes
ac_cv_header_libintl_h=yes
ac_cv_header_libutil_h=no
ac_cv_header_linux_auxvec_h=yes
ac_cv_header_linux_can_bcm_h=yes
ac_cv_header_linux_can_h=yes
ac_cv_header_linux_can_j1939_h=yes
ac_cv_header_linux_can_raw_h=yes
ac_cv_header_linux_fs_h=yes
ac_cv_header_linux_limits_h=yes
ac_cv_header_linux_memfd_h=yes
ac_cv_header_linux_netlink_h=yes
ac_cv_header_linux_qrtr_h=yes
ac_cv_header_linux_random_h=yes
ac_cv_header_linux_soundcard_h=yes
ac_cv_header_linux_tipc_h=yes
ac_cv_header_linux_vm_sockets_h=yes
ac_cv_header_linux_wait_h=yes
ac_cv_header_lzma_h=no
ac_cv_header_minix_config_h=no
ac_cv_header_ncurses_curses_h=no
ac_cv_header_ncurses_h=yes
ac_cv_header_ncurses_ncurses_h=no
ac_cv_header_ncurses_panel_h=no
ac_cv_header_ncursesw_curses_h=yes
ac_cv_header_ncursesw_ncurses_h=yes
ac_cv_header_ncursesw_panel_h=yes
ac_cv_header_ndbm_h=no
ac_cv_header_net_ethernet_h=yes
ac_cv_header_net_if_h=yes
ac_cv_header_netcan_can_h=no
ac_cv_header_netdb_h=yes
ac_cv_header_netinet_in_h=yes
ac_cv_header_netlink_netlink_h=no
ac_cv_header_netpacket_packet_h=yes
ac_cv_header_panel_h=yes
ac_cv_header_poll_h=yes
ac_cv_header_process_h=no
ac_cv_header_pthread_h=yes
ac_cv_header_pty_h=yes
ac_cv_header_sched_h=yes
ac_cv_header_setjmp_h=yes
ac_cv_header_shadow_h=yes
ac_cv_header_signal_h=yes
ac_cv_header_spawn_h=yes
ac_cv_header_sqlite3_h=yes
ac_cv_header_stdatomic_h=yes
ac_cv_header_stdint_h=yes
ac_cv_header_stdio_h=yes
ac_cv_header_stdlib_h=yes
ac_cv_header_string_h=yes
ac_cv_header_strings_h=yes
ac_cv_header_stropts_h=no
ac_cv_header_sys_audioio_h=no
ac_cv_header_sys_auxv_h=yes
ac_cv_header_sys_bsdtty_h=no
ac_cv_header_sys_devpoll_h=no
ac_cv_header_sys_endian_h=no
ac_cv_header_sys_epoll_h=yes
ac_cv_header_sys_event_h=no
ac_cv_header_sys_eventfd_h=yes
ac_cv_header_sys_file_h=yes
ac_cv_header_sys_ioctl_h=yes
ac_cv_header_sys_kern_control_h=no
ac_cv_header_sys_loadavg_h=no
ac_cv_header_sys_lock_h=no
ac_cv_header_sys_memfd_h=no
ac_cv_header_sys_mkdev_h=no
ac_cv_header_sys_mman_h=yes
ac_cv_header_sys_modem_h=no
ac_cv_header_sys_param_h=yes
ac_cv_header_sys_pidfd_h=yes
ac_cv_header_sys_poll_h=yes
ac_cv_header_sys_random_h=yes
ac_cv_header_sys_resource_h=yes
ac_cv_header_sys_select_h=yes
ac_cv_header_sys_sendfile_h=yes
ac_cv_header_sys_socket_h=yes
ac_cv_header_sys_soundcard_h=yes
ac_cv_header_sys_stat_h=yes
ac_cv_header_sys_statvfs_h=yes
ac_cv_header_sys_sys_domain_h=no
ac_cv_header_sys_syscall_h=yes
ac_cv_header_sys_sysmacros_h=yes
ac_cv_header_sys_termio_h=no
ac_cv_header_sys_time_h=yes
ac_cv_header_sys_timerfd_h=yes
ac_cv_header_sys_times_h=yes
ac_cv_header_sys_types_h=yes
ac_cv_header_sys_uio_h=yes
ac_cv_header_sys_un_h=yes
ac_cv_header_sys_utsname_h=yes
ac_cv_header_sys_wait_h=yes
ac_cv_header_sys_xattr_h=yes
ac_cv_header_sysexits_h=yes
ac_cv_header_syslog_h=yes
ac_cv_header_term_h=yes
ac_cv_header_termios_h=yes
ac_cv_header_time_altzone=no
ac_cv_header_unistd_h=yes
ac_cv_header_util_h=no
ac_cv_header_utime_h=yes
ac_cv_header_utmp_h=yes
ac_cv_header_uuid_h=no
ac_cv_header_uuid_uuid_h=no
ac_cv_header_wchar_h=yes
ac_cv_host=x86_64-pc-linux-gnu
ac_cv_kpthread=no
ac_cv_kthread=no
ac_cv_lib_bz2_BZ2_bzCompress=yes
ac_cv_lib_c_inet_aton=yes
ac_cv_lib_curses_filter=yes
ac_cv_lib_curses_has_key=yes
ac_cv_lib_curses_immedok=yes
ac_cv_lib_curses_is_pad=yes
ac_cv_lib_curses_is_term_resized=yes
ac_cv_lib_curses_resize_term=yes
ac_cv_lib_curses_resizeterm=yes
ac_cv_lib_curses_syncok=yes
ac_cv_lib_curses_typeahead=yes
ac_cv_lib_curses_use_env=yes
ac_cv_lib_curses_wchgat=yes
ac_cv_lib_dl_dlopen=yes
ac_cv_lib_dld_shl_load=no
ac_cv_lib_intl_textdomain=no
ac_cv_lib_nsl_t_open=no
ac_cv_lib_sendfile_sendfile=no
ac_cv_lib_socket_socket=no
ac_cv_lib_sqlite3_sqlite3_bind_double=yes
ac_cv_lib_sqlite3_sqlite3_column_decltype=yes
ac_cv_lib_sqlite3_sqlite3_column_double=yes
ac_cv_lib_sqlite3_sqlite3_complete=yes
ac_cv_lib_sqlite3_sqlite3_load_extension=yes
ac_cv_lib_sqlite3_sqlite3_progress_handler=yes
ac_cv_lib_sqlite3_sqlite3_result_double=yes
ac_cv_lib_sqlite3_sqlite3_serialize=yes
ac_cv_lib_sqlite3_sqlite3_set_authorizer=yes
ac_cv_lib_sqlite3_sqlite3_trace_v2=yes
ac_cv_lib_sqlite3_sqlite3_value_double=yes
ac_cv_libatomic_needed=no
ac_cv_member_siginfo_t_si_band=yes
ac_cv_member_struct_passwd_pw_gecos=yes
ac_cv_member_struct_passwd_pw_passwd=yes
ac_cv_member_struct_stat_st_birthtime=no
ac_cv_member_struct_stat_st_blksize=yes
ac_cv_member_struct_stat_st_blocks=yes
ac_cv_member_struct_stat_st_flags=no
ac_cv_member_struct_stat_st_gen=no
ac_cv_member_struct_stat_st_rdev=yes
ac_cv_member_struct_tm_tm_zone=yes
ac_cv_mvwdelch_is_expression=yes
ac_cv_no_strict_aliasing=no
ac_cv_objext=o
ac_cv_path_EGREP='/usr/bin/grep -E'
ac_cv_path_GREP=/usr/bin/grep
ac_cv_path_SED=/usr/bin/sed
ac_cv_path_ac_pt_PKG_CONFIG=/usr/bin/pkg-config
ac_cv_path_install='/usr/bin/install -c'
ac_cv_path_mkdir=/usr/bin/mkdir
ac_cv_posix_semaphores_enabled=yes
ac_cv_prog_CPP='gcc -E'
ac_cv_prog_HAS_GIT=not-found
ac_cv_prog_TRUE=true
ac_cv_prog_ac_ct_AR=ar
ac_cv_prog_ac_ct_CC=gcc
ac_cv_prog_ac_ct_PKG_CONFIG=/usr/bin/pkg-config
ac_cv_prog_cc_c11=
ac_cv_prog_cc_g=yes
ac_cv_prog_cc_stdc=
ac_cv_pthread=no
ac_cv_pthread_is_default=yes
ac_cv_pthread_key_t_is_arithmetic_type=yes
ac_cv_pthread_system_supported=yes
ac_cv_readline_append_history=yes
ac_cv_readline_rl_completion_display_matches_hook=yes
ac_cv_readline_rl_completion_matches=yes
ac_cv_readline_rl_pre_input_hook=yes
ac_cv_readline_rl_resize_terminal=yes
ac_cv_readline_rl_startup_hook_takes_args=yes
ac_cv_rshift_extends_sign=yes
ac_cv_safe_to_define___extensions__=yes
ac_cv_search_initscr='none required'
ac_cv_search_login_tty='none required'
ac_cv_search_opendir='none required'
ac_cv_search_sem_init='none required'
ac_cv_search_shm_open='none required'
ac_cv_search_update_panels='none required'
ac_cv_should_define__xopen_source=no
ac_cv_sizeof__Bool=1
ac_cv_sizeof_double=8
ac_cv_sizeof_float=4
ac_cv_sizeof_fpos_t=16
ac_cv_sizeof_int=4
ac_cv_sizeof_long=8
ac_cv_sizeof_long_double=16
ac_cv_sizeof_long_long=8
ac_cv_sizeof_off_t=8
ac_cv_sizeof_pid_t=4
ac_cv_sizeof_pthread_key_t=4
ac_cv_sizeof_pthread_t=8
ac_cv_sizeof_short=2
ac_cv_sizeof_size_t=8
ac_cv_sizeof_time_t=8
ac_cv_sizeof_uintptr_t=8
ac_cv_sizeof_void_p=8
ac_cv_sizeof_wchar_t=4
ac_cv_stat_tv_nsec2=no
ac_cv_stat_tv_nsec=yes
ac_cv_struct_addrinfo=yes
ac_cv_struct_sockaddr_alg=yes
ac_cv_struct_sockaddr_sa_len=no
ac_cv_struct_sockaddr_storage=yes
ac_cv_struct_tm=time.h
ac_cv_type___uint128_t=yes
ac_cv_type_clock_t=yes
ac_cv_type_long_double=yes
ac_cv_type_mode_t=yes
ac_cv_type_off_t=yes
ac_cv_type_pid_t=yes
ac_cv_type_rl_compdisp_func_t=yes
ac_cv_type_size_t=yes
ac_cv_type_socklen_t=yes
ac_cv_type_ssize_t=yes
ac_cv_type_uid_t=yes
ac_cv_wchar_t_signed=yes
ac_cv_window_has_flags=yes
ac_cv_wl_no_as_needed=yes
ac_cv_working_openssl_hashlib=yes
ac_cv_working_openssl_ssl=yes
ac_cv_working_signed_char_c=yes
ac_cv_working_tzset=yes
ac_cv_x87_double_rounding=no
ax_cv_c_float_words_bigendian=no
pkg_cv_CURSES_CFLAGS='-D_DEFAULT_SOURCE -D_XOPEN_SOURCE=600 '
pkg_cv_CURSES_LIBS='-lncursesw -ltinfo '
pkg_cv_LIBFFI_CFLAGS=
pkg_cv_LIBFFI_LIBS='-lffi '
pkg_cv_LIBREADLINE_CFLAGS='-D_DEFAULT_SOURCE -D_XOPEN_SOURCE=600 '
pkg_cv_LIBREADLINE_LIBS='-lreadline '
pkg_cv_LIBSQLITE3_CFLAGS=
pkg_cv_LIBSQLITE3_LIBS='-lsqlite3 '
pkg_cv_PANEL_CFLAGS='-D_DEFAULT_SOURCE -D_XOPEN_SOURCE=600 '
pkg_cv_PANEL_LIBS='-lpanelw '
pkg_cv_ZLIB_CFLAGS=
pkg_cv_ZLIB_LIBS='-lz '
py_cv_module__asyncio=yes
py_cv_module__bisect=yes
py_cv_module__blake2=yes
py_cv_module__bz2=yes
py_cv_module__codecs_cn=yes
py_cv_module__codecs_hk=yes
py_cv_module__codecs_iso2022=yes
py_cv_module__codecs_jp=yes
py_cv_module__codecs_kr=yes
py_cv_module__codecs_tw=yes
py_cv_module__contextvars=yes
py_cv_module__csv=yes
py_cv_module__ctypes=yes
py_cv_module__ctypes_test=yes
py_cv_module__curses=yes
py_cv_module__curses_panel=yes
py_cv_module__datetime=yes
py_cv_module__dbm=missing
py_cv_module__decimal=yes
py_cv_module__elementtree=yes
py_cv_module__gdbm=missing
py_cv_module__hashlib=yes
py_cv_module__heapq=yes
py_cv_module__interpchannels=yes
py_cv_module__interpqueues=yes
py_cv_module__interpreters=yes
py_cv_module__io=yes
py_cv_module__json=yes
py_cv_module__lsprof=yes
py_cv_module__lzma=missing
py_cv_module__md5=yes
py_cv_module__multibytecodec=yes
py_cv_module__multiprocessing=yes
py_cv_module__opcode=yes
py_cv_module__pickle=yes
py_cv_module__posixshmem=yes
py_cv_module__posixsubprocess=yes
py_cv_module__queue=yes
py_cv_module__random=yes
py_cv_module__scproxy=n/a
py_cv_module__sha1=yes
py_cv_module__sha2=yes
py_cv_module__sha3=yes
py_cv_module__socket=yes
py_cv_module__sqlite3=yes
py_cv_module__ssl=yes
py_cv_module__statistics=yes
py_cv_module__struct=yes
py_cv_module__testbuffer=yes
py_cv_module__testcapi=yes
py_cv_module__testclinic=yes
py_cv_module__testclinic_limited=yes
py_cv_module__testexternalinspection=yes
py_cv_module__testimportmultiple=yes
py_cv_module__testinternalcapi=yes
py_cv_module__testlimitedcapi=yes
py_cv_module__testmultiphase=yes
py_cv_module__testsinglephase=yes
py_cv_module__tkinter=missing
py_cv_module__typing=yes
py_cv_module__uuid=missing
py_cv_module__xxtestfuzz=yes
py_cv_module__zoneinfo=yes
py_cv_module_array=yes
py_cv_module_binascii=yes
py_cv_module_cmath=yes
py_cv_module_fcntl=yes
py_cv_module_grp=yes
py_cv_module_math=yes
py_cv_module_mmap=yes
py_cv_module_pwd=yes
py_cv_module_pyexpat=yes
py_cv_module_readline=yes
py_cv_module_resource=yes
py_cv_module_select=yes
py_cv_module_syslog=yes
py_cv_module_termios=yes
py_cv_module_time=yes
py_cv_module_unicodedata=yes
py_cv_module_xxlimited=yes
py_cv_module_xxlimited_35=yes
py_cv_module_xxsubtype=yes
py_cv_module_zlib=yes

## ----------------- ##
## Output variables. ##
## ----------------- ##



'
ABIFLAGS=''
ABI_THREAD=''
ALT_SOABI=''
APP_STORE_COMPLIANCE_PATCH=''
AR='ar'
ARCH_RUN_32BIT=''
ARFLAGS='rcs'
BASECFLAGS=' -fno-strict-overflow -Wsign-compare'
BASECPPFLAGS='-IObjects -IInclude -IPython'
BINLIBDEST='$(LIBDIR)/python$(VERSION)$(ABI_THREAD)'
BLDLIBRARY='$(LDLIBRARY)'
BLDSHARED='$(CC) -shared'
BOLT_APPLY_FLAGS='  -update-debug-sections -skip-funcs=_PyEval_EvalFrameDefault,sre_ucs1_match/1,sre_ucs2_match/1,sre_ucs4_match/1  -reorder-blocks=ext-tsp -reorder-functions=cdsort -split-functions -icf=1 -inline-all -split-eh -reorder-functions-use-hot-size -peepholes=none -jump-tables=aggressive -inline-ap -indirect-call-promotion=all -dyno-stats -use-gnu-stack -frame-opt=hot '
BOLT_BINARIES='$(BUILDPYTHON)'
BOLT_COMMON_FLAGS=' -update-debug-sections -skip-funcs=_PyEval_EvalFrameDefault,sre_ucs1_match/1,sre_ucs2_match/1,sre_ucs4_match/1 '
BOLT_INSTRUMENT_FLAGS=' -update-debug-sections -skip-funcs=_PyEval_EvalFrameDefault,sre_ucs1_match/1,sre_ucs2_match/1,sre_ucs4_match/1 '
BUILDEXEEXT='.exe'
BZIP2_CFLAGS=''
BZIP2_LIBS='-lbz2'
CC='gcc'
CCSHARED='-fPIC'
CFLAGS=''
CFLAGSFORSHARED=''
CFLAGS_ALIASING=''
CFLAGS_NODIST=' -std=c11 -Wextra -Wno-unused-parameter -Wno-missing-field-initializers -Wstrict-prototypes -Werror=implicit-function-declaration -fvisibility=hidden'
CONFIGURE_MACOSX_DEPLOYMENT_TARGET=''
CONFIG_ARGS=''
CPP='gcc -E'
CPPFLAGS=''
CURSES_CFLAGS='-D_DEFAULT_SOURCE '
CURSES_LIBS='-lncursesw -ltinfo '
CXX='g++'
DEFS='-DHAVE_CONFIG_H'
DEF_MAKE_ALL_RULE='build_all'
DEF_MAKE_RULE='all'
DFLAGS=''
DLINCLDIR='.'
DLLLIBRARY=''
DSYMUTIL=''
DSYMUTIL_PATH=''
DTRACE=''
DTRACE_HEADERS=''
DTRACE_OBJS=''
DYNLOADFILE='dynload_shlib.o'
ECHO_C=''
ECHO_N='-n'
ECHO_T=''
EGREP='/usr/bin/grep -E'
ENSUREPIP='upgrade'
EXEEXT=''
EXPORTSFROM=''
EXPORTSYMS=''
EXPORT_MACOSX_DEPLOYMENT_TARGET='#'
EXT_SUFFIX='.cpython-313-x86_64-linux-gnu.so'
FRAMEWORKALTINSTALLFIRST=''
FRAMEWORKALTINSTALLLAST=''
FRAMEWORKINSTALLAPPSPREFIX=''
FRAMEWORKINSTALLFIRST=''
FRAMEWORKINSTALLLAST=''
FRAMEWORKPYTHONW=''
FRAMEWORKUNIXTOOLSPREFIX='/usr/local'
FREEZE_MODULE='$(PYTHON_FOR_FREEZE) $(srcdir)/Programs/_freeze_module.py'
FREEZE_MODULE_BOOTSTRAP='./Programs/_freeze_module'
FREEZE_MODULE_BOOTSTRAP_DEPS='Programs/_freeze_module'
FREEZE_MODULE_DEPS='_bootstrap_python $(srcdir)/Programs/_freeze_module.py'
GDBM_CFLAGS=''
GDBM_LIBS=''
GITBRANCH=''
GITTAG=''
GITVERSION=''
GNULD='yes'
GREP='/usr/bin/grep'
HAS_GIT='not-found'
HAS_XCRUN=''
HAVE_GETHOSTBYNAME=''
HAVE_GETHOSTBYNAME_R=''
HAVE_GETHOSTBYNAME_R_3_ARG=''
HAVE_GETHOSTBYNAME_R_5_ARG=''
HAVE_GETHOSTBYNAME_R_6_ARG=''
HOSTRUNNER=''
INSTALLTARGETS='commoninstall bininstall maninstall'
INSTALL_DATA='${INSTALL} -m 644'
INSTALL_MIMALLOC='yes'
INSTALL_PROGRAM='${INSTALL}'
INSTALL_SCRIPT='${INSTALL}'
INSTSONAME='$(LDLIBRARY)'
IPHONEOS_DEPLOYMENT_TARGET=''
JIT_STENCILS_H=''
LDCXXSHARED='$(CXX) -shared'
LDFLAGS=''
LDFLAGS_NODIST=''
LDFLAGS_NOLTO=''
LDLIBRARY='libpython$(VERSION)$(ABIFLAGS).a'
LDLIBRARYDIR=''
LDSHARED='$(CC) -shared'
LDVERSION='$(VERSION)$(ABIFLAGS)'
LIBB2_CFLAGS=''
LIBB2_LIBS=''
LIBC=''
LIBEDIT_CFLAGS=''
LIBEDIT_LIBS=''
LIBEXPAT_CFLAGS='-I$(srcdir)/Modules/expat'
LIBEXPAT_INTERNAL='$(LIBEXPAT_HEADERS) $(LIBEXPAT_A)'
LIBFFI_CFLAGS=''
LIBFFI_LIBS='-lffi  -ldl'
LIBLZMA_CFLAGS=''
LIBLZMA_LIBS=''
LIBM='-lm'
LIBMPDEC_CFLAGS='-I$(srcdir)/Modules/_decimal/libmpdec -DCONFIG_64=1 -DANSI=1 -DHAVE_UINT128_T=1'
LIBMPDEC_INTERNAL='$(LIBMPDEC_HEADERS) $(LIBMPDEC_A)'
LIBMPDEC_LIBS='-lm $(LIBMPDEC_A)'
LIBOBJS=''
LIBPL='$(prefix)/lib/python3.13/config-$(VERSION)$(ABIFLAGS)-x86_64-linux-gnu'
LIBPYTHON=''
LIBRARY='libpython$(VERSION)$(ABIFLAGS).a'
LIBRARY_DEPS='$(LIBRARY) $(PY3LIBRARY) $(EXPORTSYMS)'
LIBREADLINE_CFLAGS='-D_DEFAULT_SOURCE -D_XOPEN_SOURCE=600 '
LIBREADLINE_LIBS='-lreadline '
LIBS='-ldl '
LIBSQLITE3_CFLAGS=' -I$(srcdir)/Modules/_sqlite'
LIBSQLITE3_LIBS='-lsqlite3 '
LIBUUID_CFLAGS=''
LIBUUID_LIBS=''
LINKCC='$(PURIFY) $(CC)'
LINKFORSHARED='-Xlinker -export-dynamic'
LINK_PYTHON_DEPS='$(LIBRARY_DEPS)'
LINK_PYTHON_OBJS='$(LIBRARY_OBJS)'
LIPO_32BIT_FLAGS=''
LIPO_INTEL64_FLAGS=''
LLVM_AR=''
LLVM_AR_FOUND=''
LLVM_BOLT=''
LLVM_PROFDATA=''\'''\'''
LLVM_PROF_ERR='no'
LLVM_PROF_FILE=''
LLVM_PROF_FOUND='not-found'
LLVM_PROF_MERGER='true'
LN='ln'
LTLIBOBJS=''
MACHDEP='linux'
MACHDEP_OBJS=''
MERGE_FDATA=''
MIMALLOC_HEADERS='$(MIMALLOC_HEADERS)'
MKDIR_P='/usr/bin/mkdir -p'
MODULE_ARRAY_FALSE='#'
MODULE_ARRAY_STATE=yes
MODULE_ARRAY_TRUE=''
MODULE_BINASCII_CFLAGS=-DUSE_ZLIB_CRC32 
MODULE_BINASCII_FALSE='#'
MODULE_BINASCII_LDFLAGS=-lz 
MODULE_BINASCII_STATE=yes
MODULE_BINASCII_TRUE=''
MODULE_BLOCK='MODULE__IO_STATE=yes
MODULE_BUILDTYPE='shared'
MODULE_CMATH_FALSE='#'
MODULE_CMATH_LDFLAGS=-lm
MODULE_CMATH_STATE=yes
MODULE_CMATH_TRUE=''
MODULE_DEPS_SHARED='$(MODULE_DEPS_STATIC) $(EXPORTSYMS)'
MODULE_FCNTL_FALSE='#'
MODULE_FCNTL_LDFLAGS=
MODULE_FCNTL_STATE=yes
MODULE_FCNTL_TRUE=''
MODULE_GRP_FALSE='#'
MODULE_GRP_STATE=yes
MODULE_GRP_TRUE=''
MODULE_MATH_FALSE='#'
MODULE_MATH_LDFLAGS=-lm
MODULE_MATH_STATE=yes
MODULE_MATH_TRUE=''
MODULE_MMAP_FALSE='#'
MODULE_MMAP_STATE=yes
MODULE_MMAP_TRUE=''
MODULE_PWD_FALSE='#'
MODULE_PWD_STATE=yes
MODULE_PWD_TRUE=''
MODULE_PYEXPAT_CFLAGS=-I$(srcdir)/Modules/expat
MODULE_PYEXPAT_FALSE='#'
MODULE_PYEXPAT_LDFLAGS=-lm $(LIBEXPAT_A)
MODULE_PYEXPAT_STATE=yes
MODULE_PYEXPAT_TRUE=''
MODULE_READLINE_CFLAGS=-D_DEFAULT_SOURCE 
MODULE_READLINE_FALSE='#'
MODULE_READLINE_LDFLAGS=-lreadline 
MODULE_READLINE_STATE=yes
MODULE_READLINE_TRUE=''
MODULE_RESOURCE_FALSE='#'
MODULE_RESOURCE_STATE=yes
MODULE_RESOURCE_TRUE=''
MODULE_SELECT_FALSE='#'
MODULE_SELECT_STATE=yes
MODULE_SELECT_TRUE=''
MODULE_SYSLOG_FALSE='#'
MODULE_SYSLOG_STATE=yes
MODULE_SYSLOG_TRUE=''
MODULE_TERMIOS_FALSE='#'
MODULE_TERMIOS_STATE=yes
MODULE_TERMIOS_TRUE=''
MODULE_TIME_FALSE='#'
MODULE_TIME_LDFLAGS=
MODULE_TIME_STATE=yes
MODULE_TIME_TRUE=''
MODULE_UNICODEDATA_FALSE='#'
MODULE_UNICODEDATA_STATE=yes
MODULE_UNICODEDATA_TRUE=''
MODULE_XXLIMITED_35_FALSE='#'
MODULE_XXLIMITED_35_STATE=yes
MODULE_XXLIMITED_35_TRUE=''
MODULE_XXLIMITED_FALSE='#'
MODULE_XXLIMITED_STATE=yes
MODULE_XXLIMITED_TRUE=''
MODULE_XXSUBTYPE_FALSE='#'
MODULE_XXSUBTYPE_STATE=yes
MODULE_XXSUBTYPE_TRUE=''
MODULE_ZLIB_CFLAGS=
MODULE_ZLIB_FALSE='#'
MODULE_ZLIB_LDFLAGS=-lz 
MODULE_ZLIB_STATE=yes
MODULE_ZLIB_TRUE=''
MODULE__ASYNCIO_FALSE='#'
MODULE__ASYNCIO_STATE=yes
MODULE__ASYNCIO_TRUE=''
MODULE__BISECT_FALSE='#'
MODULE__BISECT_STATE=yes
MODULE__BISECT_TRUE=''
MODULE__BLAKE2_CFLAGS=
MODULE__BLAKE2_FALSE='#'
MODULE__BLAKE2_LDFLAGS=
MODULE__BLAKE2_STATE=yes
MODULE__BLAKE2_TRUE=''
MODULE__BZ2_CFLAGS=
MODULE__BZ2_FALSE='#'
MODULE__BZ2_LDFLAGS=-lbz2
MODULE__BZ2_STATE=yes
MODULE__BZ2_TRUE=''
MODULE__CODECS_CN_FALSE='#'
MODULE__CODECS_CN_STATE=yes
MODULE__CODECS_CN_TRUE=''
MODULE__CODECS_HK_FALSE='#'
MODULE__CODECS_HK_STATE=yes
MODULE__CODECS_HK_TRUE=''
MODULE__CODECS_ISO2022_FALSE='#'
MODULE__CODECS_ISO2022_STATE=yes
MODULE__CODECS_ISO2022_TRUE=''
MODULE__CODECS_JP_FALSE='#'
MODULE__CODECS_JP_STATE=yes
MODULE__CODECS_JP_TRUE=''
MODULE__CODECS_KR_FALSE='#'
MODULE__CODECS_KR_STATE=yes
MODULE__CODECS_KR_TRUE=''
MODULE__CODECS_TW_FALSE='#'
MODULE__CODECS_TW_STATE=yes
MODULE__CODECS_TW_TRUE=''
MODULE__CONTEXTVARS_FALSE='#'
MODULE__CONTEXTVARS_STATE=yes
MODULE__CONTEXTVARS_TRUE=''
MODULE__CSV_FALSE='#'
MODULE__CSV_STATE=yes
MODULE__CSV_TRUE=''
MODULE__CTYPES_CFLAGS=-fno-strict-overflow 
MODULE__CTYPES_FALSE='#'
MODULE__CTYPES_LDFLAGS=-lffi  -ldl
MODULE__CTYPES_MALLOC_CLOSURE=''
MODULE__CTYPES_STATE=yes
MODULE__CTYPES_TEST_FALSE='#'
MODULE__CTYPES_TEST_LDFLAGS=-lm
MODULE__CTYPES_TEST_STATE=yes
MODULE__CTYPES_TEST_TRUE=''
MODULE__CTYPES_TRUE=''
MODULE__CURSES_CFLAGS=-D_DEFAULT_SOURCE 
MODULE__CURSES_FALSE='#'
MODULE__CURSES_LDFLAGS=-lncursesw -ltinfo 
MODULE__CURSES_PANEL_CFLAGS=-D_DEFAULT_SOURCE  -D_DEFAULT_SOURCE 
MODULE__CURSES_PANEL_FALSE='#'
MODULE__CURSES_PANEL_LDFLAGS=-lpanelw  -lncursesw -ltinfo 
MODULE__CURSES_PANEL_STATE=yes
MODULE__CURSES_PANEL_TRUE=''
MODULE__CURSES_STATE=yes
MODULE__CURSES_TRUE=''
MODULE__DATETIME_FALSE='#'
MODULE__DATETIME_LDFLAGS= -lm
MODULE__DATETIME_STATE=yes
MODULE__DATETIME_TRUE=''
MODULE__DBM_FALSE=''
MODULE__DBM_STATE=missing
MODULE__DBM_TRUE='#'
MODULE__DECIMAL_CFLAGS=-I$(srcdir)/Modules/_decimal/libmpdec -DCONFIG_64=1 -DANSI=1 -DHAVE_UINT128_T=1
MODULE__DECIMAL_FALSE='#'
MODULE__DECIMAL_LDFLAGS=-lm $(LIBMPDEC_A)
MODULE__DECIMAL_STATE=yes
MODULE__DECIMAL_TRUE=''
MODULE__ELEMENTTREE_CFLAGS=-I$(srcdir)/Modules/expat
MODULE__ELEMENTTREE_FALSE='#'
MODULE__ELEMENTTREE_STATE=yes
MODULE__ELEMENTTREE_TRUE=''
MODULE__GDBM_FALSE=''
MODULE__GDBM_STATE=missing
MODULE__GDBM_TRUE='#'
MODULE__HASHLIB_CFLAGS=
MODULE__HASHLIB_FALSE='#'
MODULE__HASHLIB_LDFLAGS=   -lcrypto
MODULE__HASHLIB_STATE=yes
MODULE__HASHLIB_TRUE=''
MODULE__HEAPQ_FALSE='#'
MODULE__HEAPQ_STATE=yes
MODULE__HEAPQ_TRUE=''
MODULE__INTERPCHANNELS_FALSE='#'
MODULE__INTERPCHANNELS_STATE=yes
MODULE__INTERPCHANNELS_TRUE=''
MODULE__INTERPQUEUES_FALSE='#'
MODULE__INTERPQUEUES_STATE=yes
MODULE__INTERPQUEUES_TRUE=''
MODULE__INTERPRETERS_FALSE='#'
MODULE__INTERPRETERS_STATE=yes
MODULE__INTERPRETERS_TRUE=''
MODULE__IO_CFLAGS=-I$(srcdir)/Modules/_io
MODULE__IO_FALSE='#'
MODULE__IO_TRUE=''
MODULE__JSON_FALSE='#'
MODULE__JSON_STATE=yes
MODULE__JSON_TRUE=''
MODULE__LSPROF_FALSE='#'
MODULE__LSPROF_STATE=yes
MODULE__LSPROF_TRUE=''
MODULE__LZMA_FALSE=''
MODULE__LZMA_STATE=missing
MODULE__LZMA_TRUE='#'
MODULE__MD5_CFLAGS=-I$(srcdir)/Modules/_hacl/include -I$(srcdir)/Modules/_hacl/internal -D_BSD_SOURCE -D_DEFAULT_SOURCE
MODULE__MD5_FALSE='#'
MODULE__MD5_STATE=yes
MODULE__MD5_TRUE=''
MODULE__MULTIBYTECODEC_FALSE='#'
MODULE__MULTIBYTECODEC_STATE=yes
MODULE__MULTIBYTECODEC_TRUE=''
MODULE__MULTIPROCESSING_CFLAGS=-I$(srcdir)/Modules/_multiprocessing
MODULE__MULTIPROCESSING_FALSE='#'
MODULE__MULTIPROCESSING_STATE=yes
MODULE__MULTIPROCESSING_TRUE=''
MODULE__OPCODE_FALSE='#'
MODULE__OPCODE_STATE=yes
MODULE__OPCODE_TRUE=''
MODULE__PICKLE_FALSE='#'
MODULE__PICKLE_STATE=yes
MODULE__PICKLE_TRUE=''
MODULE__POSIXSHMEM_CFLAGS=-I$(srcdir)/Modules/_multiprocessing
MODULE__POSIXSHMEM_FALSE='#'
MODULE__POSIXSHMEM_LDFLAGS=
MODULE__POSIXSHMEM_STATE=yes
MODULE__POSIXSHMEM_TRUE=''
MODULE__POSIXSUBPROCESS_FALSE='#'
MODULE__POSIXSUBPROCESS_STATE=yes
MODULE__POSIXSUBPROCESS_TRUE=''
MODULE__QUEUE_FALSE='#'
MODULE__QUEUE_STATE=yes
MODULE__QUEUE_TRUE=''
MODULE__RANDOM_FALSE='#'
MODULE__RANDOM_STATE=yes
MODULE__RANDOM_TRUE=''
MODULE__SCPROXY_FALSE=''
MODULE__SCPROXY_STATE=n/a
MODULE__SCPROXY_TRUE='#'
MODULE__SHA1_CFLAGS=-I$(srcdir)/Modules/_hacl/include -I$(srcdir)/Modules/_hacl/internal -D_BSD_SOURCE -D_DEFAULT_SOURCE
MODULE__SHA1_FALSE='#'
MODULE__SHA1_STATE=yes
MODULE__SHA1_TRUE=''
MODULE__SHA2_CFLAGS=-I$(srcdir)/Modules/_hacl/include -I$(srcdir)/Modules/_hacl/internal -D_BSD_SOURCE -D_DEFAULT_SOURCE
MODULE__SHA2_FALSE='#'
MODULE__SHA2_STATE=yes
MODULE__SHA2_TRUE=''
MODULE__SHA3_FALSE='#'
MODULE__SHA3_STATE=yes
MODULE__SHA3_TRUE=''
MODULE__SOCKET_FALSE='#'
MODULE__SOCKET_STATE=yes
MODULE__SOCKET_TRUE=''
MODULE__SQLITE3_CFLAGS= -I$(srcdir)/Modules/_sqlite
MODULE__SQLITE3_FALSE='#'
MODULE__SQLITE3_LDFLAGS=-lsqlite3 
MODULE__SQLITE3_STATE=yes
MODULE__SQLITE3_TRUE=''
MODULE__SSL_CFLAGS=
MODULE__SSL_FALSE='#'
MODULE__SSL_LDFLAGS=  -lssl -lcrypto 
MODULE__SSL_STATE=yes
MODULE__SSL_TRUE=''
MODULE__STATISTICS_FALSE='#'
MODULE__STATISTICS_LDFLAGS=-lm
MODULE__STATISTICS_STATE=yes
MODULE__STATISTICS_TRUE=''
MODULE__STRUCT_FALSE='#'
MODULE__STRUCT_STATE=yes
MODULE__STRUCT_TRUE=''
MODULE__TESTBUFFER_FALSE='#'
MODULE__TESTBUFFER_STATE=yes
MODULE__TESTBUFFER_TRUE=''
MODULE__TESTCAPI_FALSE='#'
MODULE__TESTCAPI_LDFLAGS=
MODULE__TESTCAPI_STATE=yes
MODULE__TESTCAPI_TRUE=''
MODULE__TESTCLINIC_FALSE='#'
MODULE__TESTCLINIC_LIMITED_FALSE='#'
MODULE__TESTCLINIC_LIMITED_STATE=yes
MODULE__TESTCLINIC_LIMITED_TRUE=''
MODULE__TESTCLINIC_STATE=yes
MODULE__TESTCLINIC_TRUE=''
MODULE__TESTEXTERNALINSPECTION_FALSE='#'
MODULE__TESTEXTERNALINSPECTION_STATE=yes
MODULE__TESTEXTERNALINSPECTION_TRUE=''
MODULE__TESTIMPORTMULTIPLE_FALSE='#'
MODULE__TESTIMPORTMULTIPLE_STATE=yes
MODULE__TESTIMPORTMULTIPLE_TRUE=''
MODULE__TESTINTERNALCAPI_FALSE='#'
MODULE__TESTINTERNALCAPI_STATE=yes
MODULE__TESTINTERNALCAPI_TRUE=''
MODULE__TESTLIMITEDCAPI_FALSE='#'
MODULE__TESTLIMITEDCAPI_STATE=yes
MODULE__TESTLIMITEDCAPI_TRUE=''
MODULE__TESTMULTIPHASE_FALSE='#'
MODULE__TESTMULTIPHASE_STATE=yes
MODULE__TESTMULTIPHASE_TRUE=''
MODULE__TESTSINGLEPHASE_FALSE='#'
MODULE__TESTSINGLEPHASE_STATE=yes
MODULE__TESTSINGLEPHASE_TRUE=''
MODULE__TKINTER_FALSE=''
MODULE__TKINTER_STATE=missing
MODULE__TKINTER_TRUE='#'
MODULE__TYPING_FALSE='#'
MODULE__TYPING_STATE=yes
MODULE__TYPING_TRUE=''
MODULE__UUID_FALSE=''
MODULE__UUID_STATE=missing
MODULE__UUID_TRUE='#'
MODULE__XXTESTFUZZ_FALSE='#'
MODULE__XXTESTFUZZ_STATE=yes
MODULE__XXTESTFUZZ_TRUE=''
MODULE__ZONEINFO_FALSE='#'
MODULE__ZONEINFO_STATE=yes
MODULE__ZONEINFO_TRUE=''
MULTIARCH='x86_64-linux-gnu'
MULTIARCH_CPPFLAGS='-DMULTIARCH=\"x86_64-linux-gnu\"'
NODE=''
NO_AS_NEEDED='-Wl,--no-as-needed'
OBJEXT='o'
OPENSSL_INCLUDES=''
OPENSSL_LDFLAGS=''
OPENSSL_LIBS='-lssl -lcrypto '
OPT='-DNDEBUG -g -O3 -Wall'
PACKAGE_BUGREPORT='https://github.com/python/cpython/issues/'
PACKAGE_NAME='python'
PACKAGE_STRING='python 3.13'
PACKAGE_TARNAME='python'
PACKAGE_URL=''
PACKAGE_VERSION='3.13'
PANEL_CFLAGS='-D_DEFAULT_SOURCE '
PANEL_LIBS='-lpanelw '
PATH_SEPARATOR=':'
PERF_TRAMPOLINE_OBJ='Python/asm_trampoline.o'
PGO_PROF_GEN_FLAG='-fprofile-generate'
PGO_PROF_USE_FLAG='-fprofile-use -fprofile-correction'
PKG_CONFIG='/usr/bin/pkg-config'
PKG_CONFIG_LIBDIR=''
PKG_CONFIG_PATH=''
PLATFORM_HEADERS=''
PLATFORM_OBJS=''
PLATFORM_TRIPLET='x86_64-linux-gnu'
PLATLIBDIR='lib'
PREBOLT_RULE=''
PROFILE_TASK='-m test --pgo --timeout=$(TESTTIMEOUT)'
PY3LIBRARY=''
PYTHONFRAMEWORK=''
PYTHONFRAMEWORKDIR='no-framework'
PYTHONFRAMEWORKIDENTIFIER='org.python.python'
PYTHONFRAMEWORKINSTALLDIR=''
PYTHONFRAMEWORKINSTALLNAMEPREFIX=''
PYTHONFRAMEWORKPREFIX=''
PYTHON_FOR_BUILD='./$(BUILDPYTHON) -E'
PYTHON_FOR_BUILD_DEPS='$(BUILDPYTHON)'
PYTHON_FOR_FREEZE='./_bootstrap_python'
PYTHON_FOR_REGEN='python3'
PY_ENABLE_SHARED='0'
REGEN_JIT_COMMAND=''
RESSRCDIR=''
RUNSHARED=''
SED='/usr/bin/sed'
SHELL='/bin/bash'
SHLIBS='$(LIBS)'
SHLIB_SUFFIX='.so'
SOABI='cpython-313-x86_64-linux-gnu'
SOVERSION='1.0'
SRCDIRS='  Modules   Modules/_blake2   Modules/_ctypes   Modules/_decimal   Modules/_decimal/libmpdec   Modules/_hacl   Modules/_io   Modules/_multiprocessing   Modules/_sqlite   Modules/_sre   Modules/_testcapi   Modules/_testinternalcapi   Modules/_testlimitedcapi   Modules/_xxtestfuzz   Modules/cjkcodecs   Modules/expat   Objects   Objects/mimalloc   Objects/mimalloc/prim   Parser   Parser/tokenizer   Parser/lexer   Programs   Python   Python/frozen_modules'
STATIC_LIBPYTHON='1'
TCLTK_CFLAGS=''
TCLTK_LIBS=''
TEST_MODULES='yes'
THREADHEADERS=' $(srcdir)/Python/thread_nt.h $(srcdir)/Python/thread_pthread.h $(srcdir)/Python/thread_pthread_stubs.h'
TRUE='true'
TZPATH='/usr/share/zoneinfo:/usr/lib/zoneinfo:/usr/share/lib/zoneinfo:/etc/zoneinfo'
UNIVERSALSDK=''
UNIVERSAL_ARCH_FLAGS=''
VERSION='3.13'
WASM_ASSETS_DIR=''
WASM_STDLIB=''
WHEEL_PKG_DIR=''
X11_CFLAGS=''
X11_LIBS=''
ZLIB_CFLAGS=''
ZLIB_LIBS='-lz '
_PYTHON_HOST_PLATFORM=''
ac_ct_AR='ar'
ac_ct_CC='gcc'
ac_ct_CXX=''
bindir='${exec_prefix}/bin'
build='x86_64-pc-linux-gnu'
build_alias=''
build_cpu='x86_64'
build_os='linux-gnu'
build_vendor='pc'
datadir='${datarootdir}'
datarootdir='${prefix}/share'
docdir='${datarootdir}/doc/${PACKAGE_TARNAME}'
dvidir='${docdir}'
exec_prefix='${prefix}'
host='x86_64-pc-linux-gnu'
host_alias=''
host_cpu='x86_64'
host_os='linux-gnu'
host_vendor='pc'
htmldir='${docdir}'
includedir='${prefix}/include'
infodir='${datarootdir}/info'
libdir='${exec_prefix}/lib'
libexecdir='${exec_prefix}/libexec'
localedir='${datarootdir}/locale'
localstatedir='${prefix}/var'
mandir='${datarootdir}/man'
oldincludedir='/usr/include'
pdfdir='${docdir}'
prefix='/usr/local'
program_transform_name='s,x,x,'
psdir='${docdir}'
runstatedir='${localstatedir}/run'
sbindir='${exec_prefix}/sbin'
sharedstatedir='${prefix}/com'
sysconfdir='${prefix}/etc'
target_alias=''

## ----------- ##
## confdefs.h. ##
## ----------- ##

/* confdefs.h */
#define _NETBSD_SOURCE 1
#define __BSD_VISIBLE 1
#define _DARWIN_C_SOURCE 1
#define _PYTHONFRAMEWORK ""
#define _XOPEN_SOURCE 700
#define _XOPEN_SOURCE_EXTENDED 1
#define _POSIX_C_SOURCE 200809L
#define HAVE_STDIO_H 1
#define HAVE_STDLIB_H 1
#define HAVE_STRING_H 1
#define HAVE_INTTYPES_H 1
#define HAVE_STDINT_H 1
#define HAVE_STRINGS_H 1
#define HAVE_SYS_STAT_H 1
#define HAVE_SYS_TYPES_H 1
#define HAVE_UNISTD_H 1
#define HAVE_WCHAR_H 1
#define STDC_HEADERS 1
#define _ALL_SOURCE 1
#define _DARWIN_C_SOURCE 1
#define _GNU_SOURCE 1
#define _HPUX_ALT_XOPEN_SOCKET_API 1
#define _NETBSD_SOURCE 1
#define _OPENBSD_SOURCE 1
#define _POSIX_PTHREAD_SEMANTICS 1
#define __STDC_WANT_IEC_60559_ATTRIBS_EXT__ 1
#define __STDC_WANT_IEC_60559_BFP_EXT__ 1
#define __STDC_WANT_IEC_60559_DFP_EXT__ 1
#define __STDC_WANT_IEC_60559_FUNCS_EXT__ 1
#define __STDC_WANT_IEC_60559_TYPES_EXT__ 1
#define __STDC_WANT_LIB_EXT2__ 1
#define __STDC_WANT_MATH_SPEC_FUNCS__ 1
#define _TANDEM_SOURCE 1
#define __EXTENSIONS__ 1
#define PY_SUPPORT_TIER 1
#define STDC_HEADERS 1
#define HAVE_ALLOCA_H 1
#define HAVE_ASM_TYPES_H 1
#define HAVE_DLFCN_H 1
#define HAVE_ENDIAN_H 1
#define HAVE_ERRNO_H 1
#define HAVE_FCNTL_H 1
#define HAVE_GRP_H 1
#define HAVE_LANGINFO_H 1
#define HAVE_LIBINTL_H 1
#define HAVE_LINUX_AUXVEC_H 1
#define HAVE_SYS_AUXV_H 1
#define HAVE_LINUX_FS_H 1
#define HAVE_LINUX_LIMITS_H 1
#define HAVE_LINUX_MEMFD_H 1
#define HAVE_LINUX_RANDOM_H 1
#define HAVE_LINUX_SOUNDCARD_H 1
#define HAVE_LINUX_TIPC_H 1
#define HAVE_LINUX_WAIT_H 1
#define HAVE_NETDB_H 1
#define HAVE_NET_ETHERNET_H 1
#define HAVE_NETINET_IN_H 1
#define HAVE_NETPACKET_PACKET_H 1
#define HAVE_POLL_H 1
#define HAVE_PTHREAD_H 1
#define HAVE_PTY_H 1
#define HAVE_SCHED_H 1
#define HAVE_SETJMP_H 1
#define HAVE_SHADOW_H 1
#define HAVE_SIGNAL_H 1
#define HAVE_SPAWN_H 1
#define HAVE_SYS_EPOLL_H 1
#define HAVE_SYS_EVENTFD_H 1
#define HAVE_SYS_FILE_H 1
#define HAVE_SYS_IOCTL_H 1
#define HAVE_SYS_MMAN_H 1
#define HAVE_SYS_PARAM_H 1
#define HAVE_SYS_PIDFD_H 1
#define HAVE_SYS_POLL_H 1
#define HAVE_SYS_RANDOM_H 1
#define HAVE_SYS_RESOURCE_H 1
#define HAVE_SYS_SELECT_H 1
#define HAVE_SYS_SENDFILE_H 1
#define HAVE_SYS_SOCKET_H 1
#define HAVE_SYS_SOUNDCARD_H 1
#define HAVE_SYS_STAT_H 1
#define HAVE_SYS_STATVFS_H 1
#define HAVE_SYS_SYSCALL_H 1
#define HAVE_SYS_SYSMACROS_H 1
#define HAVE_SYS_TIME_H 1
#define HAVE_SYS_TIMES_H 1
#define HAVE_SYS_TIMERFD_H 1
#define HAVE_SYS_TYPES_H 1
#define HAVE_SYS_UIO_H 1
#define HAVE_SYS_UN_H 1
#define HAVE_SYS_UTSNAME_H 1
#define HAVE_SYS_WAIT_H 1
#define HAVE_SYS_XATTR_H 1
#define HAVE_SYSEXITS_H 1
#define HAVE_SYSLOG_H 1
#define HAVE_TERMIOS_H 1
#define HAVE_UTIME_H 1
#define HAVE_UTMP_H 1
#define HAVE_DIRENT_H 1
#define MAJOR_IN_SYSMACROS 1
#define HAVE_NET_IF_H 1
#define HAVE_LINUX_NETLINK_H 1
#define HAVE_LINUX_QRTR_H 1
#define HAVE_LINUX_VM_SOCKETS_H 1
#define HAVE_LINUX_CAN_H 1
#define HAVE_LINUX_CAN_BCM_H 1
#define HAVE_LINUX_CAN_J1939_H 1
#define HAVE_LINUX_CAN_RAW_H 1
#define HAVE_CLOCK_T 1
#define HAVE_MAKEDEV 1
#define HAVE_HTOLE64 1
#define _LARGEFILE_SOURCE 1
#define _FILE_OFFSET_BITS 64
#if defined(SCO_DS)
#undef _OFF_T
#endif
#define RETSIGTYPE void
#define HAVE_SSIZE_T 1
#define HAVE___UINT128_T 1
#define HAVE_GCC_UINT128_T 1
#define SIZEOF_INT 4
#define SIZEOF_LONG 8
#define ALIGNOF_LONG 8
#define SIZEOF_LONG_LONG 8
#define SIZEOF_VOID_P 8
#define SIZEOF_SHORT 2
#define SIZEOF_FLOAT 4
#define SIZEOF_DOUBLE 8
#define SIZEOF_FPOS_T 16
#define SIZEOF_SIZE_T 8
#define ALIGNOF_SIZE_T 8
#define SIZEOF_PID_T 4
#define SIZEOF_UINTPTR_T 8
#define ALIGNOF_MAX_ALIGN_T 16
#define HAVE_LONG_DOUBLE 1
#define SIZEOF_LONG_DOUBLE 16
#define SIZEOF__BOOL 1
#define SIZEOF_OFF_T 8
#define SIZEOF_TIME_T 8
#define SIZEOF_PTHREAD_T 8
#define SIZEOF_PTHREAD_KEY_T 4
#define PTHREAD_KEY_T_IS_COMPATIBLE_WITH_INT 1
#define PY_HAVE_PERF_TRAMPOLINE 1
#define HAVE_LIBDL 1
#define HAVE_FFI_PREP_CIF_VAR 1
#define HAVE_FFI_PREP_CLOSURE_LOC 1
#define HAVE_FFI_CLOSURE_ALLOC 1
#define WITH_DECIMAL_CONTEXTVAR 1
#define HAVE_LIBSQLITE3 1
#define HAVE_LIBSQLITE3 1
#define HAVE_LIBSQLITE3 1
#define HAVE_LIBSQLITE3 1
#define HAVE_LIBSQLITE3 1
#define HAVE_LIBSQLITE3 1
#define HAVE_LIBSQLITE3 1
#define HAVE_LIBSQLITE3 1
#define HAVE_LIBSQLITE3 1
#define PY_SQLITE_HAVE_SERIALIZE 1
#define _REENTRANT 1
#define PTHREAD_SYSTEM_SCHED_SUPPORTED 1
#define HAVE_PTHREAD_SIGMASK 1
#define HAVE_PTHREAD_GETCPUCLOCKID 1
#define ENABLE_IPV6 1
#define HAVE_LINUX_CAN_RAW_FD_FRAMES 1
#define HAVE_LINUX_CAN_RAW_JOIN_FILTERS 1
#define WITH_DOC_STRINGS 1
#define HAVE_STD_ATOMIC 1
#define HAVE_BUILTIN_ATOMIC 1
#define WITH_MIMALLOC 1
#define WITH_PYMALLOC 1
#define WITH_FREELISTS 1
#define PY_COERCE_C_LOCALE 1
#define HAVE_DLOPEN 1
#define HAVE_DYNAMIC_LOADING 1
#define HAVE_ACCEPT4 1
#define HAVE_ALARM 1
#define HAVE_BIND_TEXTDOMAIN_CODESET 1
#define HAVE_CHMOD 1
#define HAVE_CHOWN 1
#define HAVE_CLOCK 1
#define HAVE_CLOSEFROM 1
#define HAVE_CLOSE_RANGE 1
#define HAVE_CONFSTR 1
#define HAVE_COPY_FILE_RANGE 1
#define HAVE_CTERMID 1
#define HAVE_DUP 1
#define HAVE_DUP3 1
#define HAVE_EXECV 1
#define HAVE_EXPLICIT_BZERO 1
#define HAVE_FACCESSAT 1
#define HAVE_FCHMOD 1
#define HAVE_FCHMODAT 1
#define HAVE_FCHOWN 1
#define HAVE_FCHOWNAT 1
#define HAVE_FDOPENDIR 1
#define HAVE_FEXECVE 1
#define HAVE_FORK 1
#define HAVE_FPATHCONF 1
#define HAVE_FSTATAT 1
#define HAVE_FTIME 1
#define HAVE_FTRUNCATE 1
#define HAVE_FUTIMENS 1
#define HAVE_FUTIMES 1
#define HAVE_FUTIMESAT 1
#define HAVE_GAI_STRERROR 1
#define HAVE_GETEGID 1
#define HAVE_GETEUID 1
#define HAVE_GETGID 1
#define HAVE_GETGRENT 1
#define HAVE_GETGRGID 1
#define HAVE_GETGRGID_R 1
#define HAVE_GETGRNAM_R 1
#define HAVE_GETGROUPLIST 1
#define HAVE_GETHOSTNAME 1
#define HAVE_GETITIMER 1
#define HAVE_GETLOADAVG 1
#define HAVE_GETLOGIN 1
#define HAVE_GETLOGIN_R 1
#define HAVE_GETPEERNAME 1
#define HAVE_GETPGID 1
#define HAVE_GETPID 1
#define HAVE_GETPPID 1
#define HAVE_GETPRIORITY 1
#define HAVE_GETPWENT 1
#define HAVE_GETPWNAM_R 1
#define HAVE_GETPWUID 1
#define HAVE_GETPWUID_R 1
#define HAVE_GETRESGID 1
#define HAVE_GETRESUID 1
#define HAVE_GETRUSAGE 1
#define HAVE_GETSID 1
#define HAVE_GETSPENT 1
#define HAVE_GETSPNAM 1
#define HAVE_GETUID 1
#define HAVE_GETWD 1
#define HAVE_GRANTPT 1
#define HAVE_IF_NAMEINDEX 1
#define HAVE_INITGROUPS 1
#define HAVE_KILL 1
#define HAVE_KILLPG 1
#define HAVE_LCHOWN 1
#define HAVE_LINKAT 1
#define HAVE_LOCKF 1
#define HAVE_LSTAT 1
#define HAVE_LUTIMES 1
#define HAVE_MADVISE 1
#define HAVE_MBRTOWC 1
#define HAVE_MEMRCHR 1
#define HAVE_MKDIRAT 1
#define HAVE_MKFIFO 1
#define HAVE_MKFIFOAT 1
#define HAVE_MKNOD 1
#define HAVE_MKNODAT 1
#define HAVE_MKTIME 1
#define HAVE_MMAP 1
#define HAVE_MREMAP 1
#define HAVE_NICE 1
#define HAVE_OPENAT 1
#define HAVE_OPENDIR 1
#define HAVE_PATHCONF 1
#define HAVE_PAUSE 1
#define HAVE_PIPE 1
#define HAVE_PIPE2 1
#define HAVE_POLL 1
#define HAVE_POSIX_FADVISE 1
#define HAVE_POSIX_FALLOCATE 1
#define HAVE_POSIX_OPENPT 1
#define HAVE_POSIX_SPAWN 1
#define HAVE_POSIX_SPAWNP 1
#define HAVE_POSIX_SPAWN_FILE_ACTIONS_ADDCLOSEFROM_NP 1
#define HAVE_PREAD 1
#define HAVE_PREADV 1
#define HAVE_PREADV2 1
#define HAVE_PROCESS_VM_READV 1
#define HAVE_PTHREAD_CONDATTR_SETCLOCK 1
#define HAVE_PTHREAD_KILL 1
#define HAVE_PTSNAME 1
#define HAVE_PTSNAME_R 1
#define HAVE_PWRITE 1
#define HAVE_PWRITEV 1
#define HAVE_PWRITEV2 1
#define HAVE_READLINK 1
#define HAVE_READLINKAT 1
#define HAVE_READV 1
#define HAVE_REALPATH 1
#define HAVE_RENAMEAT 1
#define HAVE_SCHED_GET_PRIORITY_MAX 1
#define HAVE_SCHED_RR_GET_INTERVAL 1
#define HAVE_SCHED_SETAFFINITY 1
#define HAVE_SCHED_SETPARAM 1
#define HAVE_SCHED_SETSCHEDULER 1
#define HAVE_SEM_CLOCKWAIT 1
#define HAVE_SEM_GETVALUE 1
#define HAVE_SEM_OPEN 1
#define HAVE_SEM_TIMEDWAIT 1
#define HAVE_SEM_UNLINK 1
#define HAVE_SENDFILE 1
#define HAVE_SETEGID 1
#define HAVE_SETEUID 1
#define HAVE_SETGID 1
#define HAVE_SETHOSTNAME 1
#define HAVE_SETITIMER 1
#define HAVE_SETLOCALE 1
#define HAVE_SETPGID 1
#define HAVE_SETPGRP 1
#define HAVE_SETPRIORITY 1
#define HAVE_SETREGID 1
#define HAVE_SETRESGID 1
#define HAVE_SETRESUID 1
#define HAVE_SETREUID 1
#define HAVE_SETSID 1
#define HAVE_SETUID 1
#define HAVE_SETVBUF 1
#define HAVE_SHUTDOWN 1
#define HAVE_SIGACTION 1
#define HAVE_SIGALTSTACK 1
#define HAVE_SIGFILLSET 1
#define HAVE_SIGINTERRUPT 1
#define HAVE_SIGPENDING 1
#define HAVE_SIGRELSE 1
#define HAVE_SIGTIMEDWAIT 1
#define HAVE_SIGWAIT 1
#define HAVE_SIGWAITINFO 1
#define HAVE_SNPRINTF 1
#define HAVE_SPLICE 1
#define HAVE_STRFTIME 1
#define HAVE_STRSIGNAL 1
#define HAVE_SYMLINKAT 1
#define HAVE_SYNC 1
#define HAVE_SYSCONF 1
#define HAVE_TCGETPGRP 1
#define HAVE_TCSETPGRP 1
#define HAVE_TEMPNAM 1
#define HAVE_TIMEGM 1
#define HAVE_TIMES 1
#define HAVE_TMPFILE 1
#define HAVE_TMPNAM 1
#define HAVE_TMPNAM_R 1
#define HAVE_TRUNCATE 1
#define HAVE_TTYNAME_R 1
#define HAVE_UMASK 1
#define HAVE_UNAME 1
#define HAVE_UNLINKAT 1
#define HAVE_UNLOCKPT 1
#define HAVE_UTIMENSAT 1
#define HAVE_UTIMES 1
#define HAVE_VFORK 1
#define HAVE_WAIT 1
#define HAVE_WAIT3 1
#define HAVE_WAIT4 1
#define HAVE_WAITID 1
#define HAVE_WAITPID 1
#define HAVE_WCSCOLL 1
#define HAVE_WCSFTIME 1
#define HAVE_WCSXFRM 1
#define HAVE_WMEMCMP 1
#define HAVE_WRITEV 1
#define HAVE_GETENTROPY 1
#define HAVE_GETGROUPS 1
#define HAVE_SYSTEM 1
#define HAVE_DIRFD 1
#define HAVE_CHROOT 1
#define HAVE_LINK 1
#define HAVE_SYMLINK 1
#define HAVE_FCHDIR 1
#define HAVE_FSYNC 1
#define HAVE_FDATASYNC 1
#define HAVE_EPOLL 1
#define HAVE_EPOLL_CREATE1 1
#define HAVE_PRLIMIT 1
#define HAVE_MEMFD_CREATE 1
#define HAVE_EVENTFD 1
#define HAVE_TIMERFD_CREATE 1
#define HAVE_FLOCK 1
#define HAVE_GETPAGESIZE 1
#define HAVE_ZLIB_COPY 1
#define HAVE_BZLIB_H 1
#define HAVE_HSTRERROR 1
#define HAVE_GETSERVBYNAME 1
#define HAVE_GETSERVBYPORT 1
#define HAVE_GETHOSTBYNAME 1
#define HAVE_GETHOSTBYADDR 1
#define HAVE_GETPROTOBYNAME 1
#define HAVE_INET_ATON 1
#define HAVE_INET_NTOA 1
#define HAVE_INET_PTON 1
#define HAVE_GETPEERNAME 1
#define HAVE_GETSOCKNAME 1
#define HAVE_ACCEPT 1
#define HAVE_BIND 1
#define HAVE_CONNECT 1
#define HAVE_LISTEN 1
#define HAVE_RECVFROM 1
#define HAVE_SENDTO 1
#define HAVE_SETSOCKOPT 1
#define HAVE_SOCKET 1
#define HAVE_SETGROUPS 1
#define HAVE_DECL_UT_NAMESIZE 1
#define HAVE_UT_NAMESIZE 1
#define HAVE_OPENPTY 1
#define HAVE_LOGIN_TTY 1
#define HAVE_FORKPTY 1
#define HAVE_FSEEKO 1
#define HAVE_FSTATVFS 1
#define HAVE_FTELLO 1
#define HAVE_STATVFS 1
#define HAVE_DUP2 1
#define HAVE_GETPGRP 1
#define HAVE_SETPGRP 1
#define HAVE_SETNS 1
#define HAVE_UNSHARE 1
#define HAVE_CLOCK_GETTIME 1
#define HAVE_CLOCK_GETRES 1
#define HAVE_CLOCK_SETTIME 1
#define HAVE_CLOCK_NANOSLEEP 1
#define HAVE_NANOSLEEP 1
#define HAVE_DEVICE_MACROS 1
#define SYS_SELECT_WITH_SYS_TIME 1
#define HAVE_GETADDRINFO 1
#define HAVE_GETNAMEINFO 1
#define HAVE_STRUCT_TM_TM_ZONE 1
#define HAVE_TM_ZONE 1
#define HAVE_STRUCT_STAT_ST_RDEV 1
#define HAVE_STRUCT_STAT_ST_BLKSIZE 1
#define HAVE_STRUCT_STAT_ST_BLOCKS 1
#define HAVE_STRUCT_PASSWD_PW_GECOS 1
#define HAVE_STRUCT_PASSWD_PW_PASSWD 1
#define HAVE_SIGINFO_T_SI_BAND 1
#define HAVE_ADDRINFO 1
#define HAVE_SOCKADDR_STORAGE 1
#define HAVE_SOCKADDR_ALG 1
#define HAVE_PROTOTYPES 1
#define HAVE_SOCKETPAIR 1
#define HAVE_GETHOSTBYNAME_R 1
#define HAVE_GETHOSTBYNAME_R 1
#define HAVE_GETHOSTBYNAME_R_6_ARG 1
#define HAVE_GCC_ASM_FOR_X64 1
#define DOUBLE_IS_LITTLE_ENDIAN_IEEE754 1
#define HAVE_GCC_ASM_FOR_X87 1
#define HAVE_ACOSH 1
#define HAVE_ASINH 1
#define HAVE_ATANH 1
#define HAVE_ERF 1
#define HAVE_ERFC 1
#define HAVE_EXPM1 1
#define HAVE_LOG1P 1
#define HAVE_LOG2 1
#define HAVE_DECL_RTLD_LAZY 1
#define HAVE_DECL_RTLD_NOW 1
#define HAVE_DECL_RTLD_GLOBAL 1
#define HAVE_DECL_RTLD_LOCAL 1
#define HAVE_DECL_RTLD_NODELETE 1
#define HAVE_DECL_RTLD_NOLOAD 1
#define HAVE_DECL_RTLD_DEEPBIND 1
#define HAVE_DECL_RTLD_MEMBER 0
#define HAVE_WCHAR_H 1
#define SIZEOF_WCHAR_T 4
#define HAVE_GETC_UNLOCKED 1
#define HAVE_RL_COMPLETION_APPEND_CHARACTER 1
#define HAVE_RL_COMPLETION_SUPPRESS_APPEND 1
#define HAVE_RL_PRE_INPUT_HOOK 1
#define HAVE_RL_COMPLETION_DISPLAY_MATCHES_HOOK 1
#define HAVE_RL_RESIZE_TERMINAL 1
#define HAVE_RL_COMPLETION_MATCHES 1
#define HAVE_RL_CATCH_SIGNAL 1
#define HAVE_RL_APPEND_HISTORY 1
#define HAVE_RL_COMPDISP_FUNC_T 1
#define Py_RL_STARTUP_HOOK_TAKES_ARGS 1
#define HAVE_WORKING_TZSET 1
#define HAVE_STAT_TV_NSEC 1
#define HAVE_NCURSESW 1
#define HAVE_PANELW 1
#define HAVE_NCURSESW_CURSES_H 1
#define HAVE_NCURSESW_NCURSES_H 1
#define HAVE_NCURSESW_PANEL_H 1
#define HAVE_CURSES_H 1
#define HAVE_NCURSES_H 1
#define HAVE_PANEL_H 1
#define HAVE_TERM_H 1
#define MVWDELCH_IS_EXPRESSION 1
#define WINDOW_HAS_FLAGS 1
#define HAVE_CURSES_IS_PAD 1
#define HAVE_CURSES_IS_TERM_RESIZED 1
#define HAVE_CURSES_RESIZE_TERM 1
#define HAVE_CURSES_RESIZETERM 1
#define HAVE_CURSES_IMMEDOK 1
#define HAVE_CURSES_SYNCOK 1
#define HAVE_CURSES_WCHGAT 1
#define HAVE_CURSES_FILTER 1
#define HAVE_CURSES_HAS_KEY 1
#define HAVE_CURSES_TYPEAHEAD 1
#define HAVE_CURSES_USE_ENV 1
#define HAVE_DEV_PTMX 1
#define HAVE_SOCKLEN_T 1
#define HAVE_COMPUTED_GOTOS 1
#define HAVE_DIRENT_D_TYPE 1
#define HAVE_GETRANDOM_SYSCALL 1
#define HAVE_GETRANDOM 1
#define HAVE_SHM_OPEN 1
#define HAVE_SHM_UNLINK 1
#define PY_SSL_DEFAULT_CIPHERS 1
#define PY_BUILTIN_HASHLIB_HASHES "md5,sha1,sha2,sha3,blake2"

configure: exit 0
